data_type,min_value,max_value,mean_value,std_dev
height,0.0,21642.0,1018.0354385375977,1997.2474325402306
terrain,95.0,255.0,182.92987060546875,24.12158406172429

metric,value
correlation,0.5307387577947175
height_gradient_magnitude,494560.80686092377
terrain_gradient_magnitude,187.97791004180908
