data_type,min_value,max_value,mean_value,std_dev
height,0.0,28885.0,3769.333881378174,3624.6430006588466
terrain,93.0,255.0,190.54912185668945,27.98925639560365

metric,value
correlation,0.43087843120272035
height_gradient_magnitude,1092916.5243434906
terrain_gradient_magnitude,332.2921733856201
