data_type,min_value,max_value,mean_value,std_dev
height,0.0,22377.0,3430.5108604431152,4041.4887983697517
terrain,86.0,251.0,195.552734375,26.663201734820014

metric,value
correlation,0.3149737181680397
height_gradient_magnitude,432549.32834625244
terrain_gradient_magnitude,194.44972801208496
