data_type,min_value,max_value,mean_value,std_dev
height,3.0,22056.0,3773.857078552246,3177.54317297208
terrain,101.0,244.0,207.8364486694336,19.039770755134388

metric,value
correlation,0.2809449881417577
height_gradient_magnitude,132882.6059808731
terrain_gradient_magnitude,84.55659198760986
