data_type,min_value,max_value,mean_value,std_dev
height,0.0,16392.0,3134.230251312256,2896.324826333987
terrain,90.0,249.0,188.96979904174805,22.84126419749287

metric,value
correlation,-0.2609563787537431
height_gradient_magnitude,377122.88722133636
terrain_gradient_magnitude,264.137975692749
