data_type,min_value,max_value,mean_value,std_dev
height,1734.0,17638.0,8572.189487457275,2101.462513250614
terrain,100.0,244.0,214.19590377807617,11.306032869560273

metric,value
correlation,0.11389915893233239
height_gradient_magnitude,87890.75441646576
terrain_gradient_magnitude,55.28586292266846
