data_type,min_value,max_value,mean_value,std_dev
height,3.0,19570.0,1853.4332656860352,3387.070801813172
terrain,98.0,247.0,180.30341339111328,19.876233822481275

metric,value
correlation,0.658501488014808
height_gradient_magnitude,80975.27071285248
terrain_gradient_magnitude,56.93827438354492
