data_type,min_value,max_value,mean_value,std_dev
height,0.0,16378.0,1324.1849174499512,2274.5551626888832
terrain,101.0,249.0,189.08123397827148,27.45899799800062

metric,value
correlation,0.20330502342923626
height_gradient_magnitude,146538.56254196167
terrain_gradient_magnitude,99.34522151947021
