data_type,min_value,max_value,mean_value,std_dev
height,0.0,11228.0,394.04223251342773,1314.2442739178641
terrain,102.0,245.0,173.0572624206543,13.382848904952496

metric,value
correlation,0.3286509378868856
height_gradient_magnitude,64762.323738098145
terrain_gradient_magnitude,40.72355079650879
