data_type,min_value,max_value,mean_value,std_dev
height,0.0,20027.0,2199.234588623047,2764.719675101975
terrain,87.0,251.0,196.34650421142578,26.856770255142724

metric,value
correlation,-0.15061471951639538
height_gradient_magnitude,273615.11285972595
terrain_gradient_magnitude,189.41605854034424
