data_type,min_value,max_value,mean_value,std_dev
height,1904.0,24053.0,9449.27794265747,2799.4687334191476
terrain,101.0,248.0,217.97245407104492,14.271651311929807

metric,value
correlation,0.09106688407402155
height_gradient_magnitude,170276.93916034698
terrain_gradient_magnitude,77.15561294555664
