data_type,min_value,max_value,mean_value,std_dev
height,0.0,25589.0,1331.7335357666016,3089.409705772263
terrain,90.0,247.0,180.35388946533203,20.413195579091315

metric,value
correlation,0.07181526192745089
height_gradient_magnitude,300593.4359970093
terrain_gradient_magnitude,123.30791091918945
