data_type,min_value,max_value,mean_value,std_dev
height,1667.0,56063.0,19327.60087966919,11627.051630255124
terrain,81.0,255.0,196.20207595825195,37.32737307355005

metric,value
correlation,-0.24612953200811188
height_gradient_magnitude,3490195.6082935333
terrain_gradient_magnitude,744.6718616485596
