data_type,min_value,max_value,mean_value,std_dev
height,0.0,12368.0,189.93407821655273,733.4172362609379
terrain,93.0,245.0,172.0406150817871,10.377628695898975

metric,value
correlation,0.2801729867534136
height_gradient_magnitude,23831.60564804077
terrain_gradient_magnitude,21.991015434265137
