data_type,min_value,max_value,mean_value,std_dev
height,0.0,20532.0,462.45507431030273,1807.714626726273
terrain,91.0,254.0,171.2735824584961,13.003965977886448

metric,value
correlation,0.14419018509973613
height_gradient_magnitude,293401.37089157104
terrain_gradient_magnitude,78.4983139038086
