data_type,min_value,max_value,mean_value,std_dev
height,647.0,29612.0,8002.974536895752,3232.6456022007847
terrain,87.0,254.0,220.27747344970703,17.446040110941475

metric,value
correlation,-0.28684774172127914
height_gradient_magnitude,153891.43985652924
terrain_gradient_magnitude,96.07903099060059
