data_type,min_value,max_value,mean_value,std_dev
height,1.0,12197.0,2421.2343254089355,1727.6038408629024
terrain,98.0,248.0,213.53390884399414,20.114269602582567

metric,value
correlation,0.11125808813829385
height_gradient_magnitude,108267.9658651352
terrain_gradient_magnitude,90.20613956451416
