data_type,min_value,max_value,mean_value,std_dev
height,0.0,12786.0,679.393424987793,1593.1831045989225
terrain,97.0,249.0,175.28941345214844,15.241844220176688

metric,value
correlation,0.6007336747073344
height_gradient_magnitude,132828.79920864105
terrain_gradient_magnitude,77.85784244537354
