data_type,min_value,max_value,mean_value,std_dev
height,1.0,16214.0,259.2002601623535,785.3594807910472
terrain,101.0,243.0,177.6923942565918,16.267186228488185

metric,value
correlation,0.2512847398421954
height_gradient_magnitude,53251.36911678314
terrain_gradient_magnitude,45.777737617492676
