data_type,min_value,max_value,mean_value,std_dev
height,4.0,29321.0,497.97719955444336,2188.88672773977
terrain,97.0,244.0,170.8953399658203,9.933944843033558

metric,value
correlation,0.19148486520923244
height_gradient_magnitude,147267.6234807968
terrain_gradient_magnitude,41.46249485015869
