data_type,min_value,max_value,mean_value,std_dev
height,1988.0,22542.0,8369.497833251953,3213.908617220034
terrain,107.0,245.0,211.6608772277832,17.649004809786913

metric,value
correlation,0.23989894033714526
height_gradient_magnitude,160349.8626680374
terrain_gradient_magnitude,82.2037935256958
