data_type,min_value,max_value,mean_value,std_dev
height,1.0,18610.0,1737.870807647705,2380.9424698247826
terrain,80.0,248.0,189.39532852172852,23.601912094446092

metric,value
correlation,-0.030213349793311268
height_gradient_magnitude,235055.8070039749
terrain_gradient_magnitude,133.98684215545654
