data_type,min_value,max_value,mean_value,std_dev
height,99.0,22210.0,5004.263072967529,3629.770079628434
terrain,95.0,253.0,196.42825317382812,20.06935573728835

metric,value
correlation,0.20745521094873773
height_gradient_magnitude,583999.8945608139
terrain_gradient_magnitude,325.5657043457031
