data_type,min_value,max_value,mean_value,std_dev
height,0.0,35525.0,1518.4414176940918,2614.4092380897064
terrain,97.0,252.0,185.70686721801758,22.915294723399523

metric,value
correlation,0.40795271875112055
height_gradient_magnitude,335791.12403202057
terrain_gradient_magnitude,147.70707988739014
