data_type,min_value,max_value,mean_value,std_dev
height,0.0,20147.0,1122.4301643371582,2704.980218983187
terrain,94.0,243.0,176.2768898010254,18.76537424636672

metric,value
correlation,0.56539651904945
height_gradient_magnitude,120502.06174659729
terrain_gradient_magnitude,74.71957588195801
