data_type,min_value,max_value,mean_value,std_dev
height,0.0,16962.0,5126.833332061768,2892.412431820079
terrain,97.0,250.0,193.9336395263672,21.371893012744184

metric,value
correlation,0.2223074787770297
height_gradient_magnitude,594049.2348537445
terrain_gradient_magnitude,353.6722984313965
