data_type,min_value,max_value,mean_value,std_dev
height,0.0,255.0,168.41984687606438,74.16911829678578
terrain,110.0,201.0,164.93953529699232,13.543430639710227

metric,value
correlation,-0.29322068994036893
height_gradient_magnitude,2090.6158444029797
terrain_gradient_magnitude,79.957181942038
