data_type,min_value,max_value,mean_value,std_dev
height,5617.0,32224.0,13930.487773895264,3117.6346956907732
terrain,95.0,255.0,212.79066848754883,20.85663915934725

metric,value
correlation,-0.3801774688326521
height_gradient_magnitude,474855.29698753357
terrain_gradient_magnitude,178.8495273590088
