data_type,min_value,max_value,mean_value,std_dev
height,0.0,18126.0,2139.098720550537,3488.9654272592124
terrain,90.0,255.0,180.42753219604492,21.650684721968616

metric,value
correlation,0.5326134603387734
height_gradient_magnitude,609034.2461462021
terrain_gradient_magnitude,207.39397144317627
