data_type,min_value,max_value,mean_value,std_dev
height,7481.0,52648.0,14725.099445343018,7954.201870266689
terrain,84.0,255.0,212.904541015625,28.538113272038714

metric,value
correlation,-0.4556391063169021
height_gradient_magnitude,1033524.5001850128
terrain_gradient_magnitude,318.5627202987671
