data_type,min_value,max_value,mean_value,std_dev
height,0.0,30511.0,2055.9237747192383,3820.991460703705
terrain,70.0,255.0,173.68724822998047,21.50518529892254

metric,value
correlation,0.42098140806487705
height_gradient_magnitude,1133712.3961343765
terrain_gradient_magnitude,342.8753728866577
