data_type,min_value,max_value,mean_value,std_dev
height,0.0,15380.0,530.4329986572266,1211.7725843103062
terrain,79.0,244.0,183.3252716064453,18.575574668390388

metric,value
correlation,0.09813913682651149
height_gradient_magnitude,108545.26477146149
terrain_gradient_magnitude,74.37362766265869
