data_type,min_value,max_value,mean_value,std_dev
height,0.0,11000.0,1947.0170555114746,1662.8372364170698
terrain,105.0,250.0,211.10832595825195,20.55342201901189

metric,value
correlation,-0.32377141972574897
height_gradient_magnitude,71725.05702972412
terrain_gradient_magnitude,208.22186470031738
