data_type,min_value,max_value,mean_value,std_dev
height,0.0,34343.0,4214.815814971924,6214.707581309214
terrain,90.0,253.0,191.90588760375977,26.323586864386904

metric,value
correlation,0.44125662830766704
height_gradient_magnitude,351005.90935993195
terrain_gradient_magnitude,130.65474319458008
