data_type,min_value,max_value,mean_value,std_dev
height,841.0,56637.0,10130.356800079346,13794.441688686245
terrain,85.0,255.0,215.27847290039062,29.311464432325426

metric,value
correlation,-0.44537444260063547
height_gradient_magnitude,1345264.27323246
terrain_gradient_magnitude,306.68252754211426
