data_type,min_value,max_value,mean_value,std_dev
height,4.0,26905.0,1386.8290367126465,3019.1496707873052
terrain,82.0,255.0,177.80779647827148,22.329585082812034

metric,value
correlation,0.26017784820279505
height_gradient_magnitude,606449.1251792908
terrain_gradient_magnitude,188.92953872680664
