data_type,min_value,max_value,mean_value,std_dev
height,0.0,10877.0,309.3032760620117,1249.1738395185569
terrain,103.0,244.0,171.4472427368164,10.60064173628116

metric,value
correlation,0.6816819116996427
height_gradient_magnitude,28180.397243499756
terrain_gradient_magnitude,21.258681297302246
