data_type,min_value,max_value,mean_value,std_dev
height,0.0,20945.0,3632.800365447998,4003.015905974993
terrain,85.0,252.0,190.1400909423828,26.742777574906626

metric,value
correlation,0.13928975470616672
height_gradient_magnitude,771820.4922246933
terrain_gradient_magnitude,261.1839551925659
