data_type,min_value,max_value,mean_value,std_dev
height,0.0,9575.0,468.2965545654297,975.0181626449427
terrain,92.0,247.0,175.27898025512695,11.382560872686916

metric,value
correlation,0.4637836780767488
height_gradient_magnitude,38435.33505630493
terrain_gradient_magnitude,38.81051158905029
