data_type,min_value,max_value,mean_value,std_dev
height,0.0,21936.0,4813.959033966064,5000.843753986093
terrain,60.0,255.0,177.30015182495117,27.623553218599465

metric,value
correlation,0.42014913546837235
height_gradient_magnitude,2007439.4370203018
terrain_gradient_magnitude,620.6143255233765
