data_type,min_value,max_value,mean_value,std_dev
height,0.0,20917.0,3544.30721282959,3408.2710423048634
terrain,89.0,250.0,206.36581802368164,25.400727118123218

metric,value
correlation,-0.43350908258268395
height_gradient_magnitude,502573.8411741257
terrain_gradient_magnitude,229.5623016357422
