data_type,min_value,max_value,mean_value,std_dev
height,0.0,12197.0,384.6771697998047,1573.0497354640602
terrain,98.0,240.0,172.52371978759766,12.655651466117126

metric,value
correlation,0.5113121973033978
height_gradient_magnitude,28898.740900993347
terrain_gradient_magnitude,26.861523628234863
