data_type,min_value,max_value,mean_value,std_dev
height,12.0,10819.0,2466.1056213378906,944.8887625676062
terrain,95.0,249.0,188.28039169311523,15.063993054782504

metric,value
correlation,-0.35451998060311257
height_gradient_magnitude,35535.11291503906
terrain_gradient_magnitude,73.36035346984863
