data_type,min_value,max_value,mean_value,std_dev
height,1497.0,53317.0,13427.253688812256,8457.82823407963
terrain,87.0,255.0,209.35321426391602,28.619249712925527

metric,value
correlation,-0.3709360916256637
height_gradient_magnitude,1314158.2417936325
terrain_gradient_magnitude,371.8725004196167
