data_type,min_value,max_value,mean_value,std_dev
height,4.0,47092.0,2426.902503967285,3370.859798093801
terrain,71.0,255.0,193.1939239501953,24.392758336207304

metric,value
correlation,0.2327788244124821
height_gradient_magnitude,805770.2462882996
terrain_gradient_magnitude,346.19837474823
