data_type,min_value,max_value,mean_value,std_dev
height,700.0,21541.0,4664.3024978637695,3296.8967458117513
terrain,94.0,249.0,190.2576446533203,17.865203379508703

metric,value
correlation,-0.00736809874645132
height_gradient_magnitude,342902.9742898941
terrain_gradient_magnitude,199.13110733032227
