data_type,min_value,max_value,mean_value,std_dev
height,0.0,44759.0,5502.998790740967,5380.463490808716
terrain,64.0,255.0,182.42467880249023,28.842402882501688

metric,value
correlation,0.38542313338998013
height_gradient_magnitude,1861734.808098793
terrain_gradient_magnitude,549.6333293914795
