data_type,min_value,max_value,mean_value,std_dev
height,0.0,21961.0,993.9025115966797,1894.3810633211742
terrain,71.0,255.0,183.92969131469727,22.596018497924504

metric,value
correlation,0.4023224626923539
height_gradient_magnitude,416769.023519516
terrain_gradient_magnitude,198.50520133972168
