data_type,min_value,max_value,mean_value,std_dev
height,0.0,29708.0,906.184455871582,2230.8811668941485
terrain,86.0,243.0,175.49528121948242,14.770934964493545

metric,value
correlation,0.07022758694013424
height_gradient_magnitude,165692.54931926727
terrain_gradient_magnitude,80.23571491241455
