data_type,min_value,max_value,mean_value,std_dev
height,0.0,36030.0,4332.391765594482,5198.10681549743
terrain,88.0,255.0,187.0898780822754,25.110018947393904

metric,value
correlation,0.29735632237586485
height_gradient_magnitude,556025.9258146286
terrain_gradient_magnitude,231.362211227417
