data_type,min_value,max_value,mean_value,std_dev
height,0.0,27714.0,3624.0262145996094,5694.170761074869
terrain,92.0,254.0,199.03358459472656,31.825858397866227

metric,value
correlation,0.24589485087497118
height_gradient_magnitude,304708.4557237625
terrain_gradient_magnitude,102.81239223480225
