data_type,min_value,max_value,mean_value,std_dev
height,3036.0,47097.0,16812.93815612793,10791.76784208433
terrain,90.0,255.0,223.4120979309082,17.74618042939648

metric,value
correlation,-0.21924508163986586
height_gradient_magnitude,317534.1427459717
terrain_gradient_magnitude,119.05922889709473
