data_type,min_value,max_value,mean_value,std_dev
height,0.0,22197.0,596.9281272888184,1620.2981310561029
terrain,89.0,248.0,178.04545211791992,17.959472961638117

metric,value
correlation,0.325052391798372
height_gradient_magnitude,144464.1360654831
terrain_gradient_magnitude,78.79552745819092
