data_type,min_value,max_value,mean_value,std_dev
height,0.0,255.0,167.82779480800272,75.01484247148518
terrain,112.0,200.0,164.41013224339895,13.626410658987847

metric,value
correlation,-0.2941789002266567
height_gradient_magnitude,1580.1758241147986
terrain_gradient_magnitude,70.8253494898337
