data_type,min_value,max_value,mean_value,std_dev
height,1.0,20980.0,3165.3604469299316,3973.9755438759707
terrain,96.0,250.0,223.8742332458496,18.11084153231049

metric,value
correlation,-0.5842596158364173
height_gradient_magnitude,192056.5026321411
terrain_gradient_magnitude,115.35258293151855
