data_type,min_value,max_value,mean_value,std_dev
height,3340.0,26620.0,11228.902339935303,3195.7507861377794
terrain,93.0,255.0,216.35015869140625,13.049628123600694

metric,value
correlation,-0.419159884193843
height_gradient_magnitude,134799.01022911072
terrain_gradient_magnitude,68.114990234375
