data_type,min_value,max_value,mean_value,std_dev
height,0.0,255.0,168.0581323026345,75.29773279656146
terrain,112.0,203.0,164.15096183748722,13.934315561324915

metric,value
correlation,-0.3113328708867658
height_gradient_magnitude,1563.643698076325
terrain_gradient_magnitude,70.37250470182298
