data_type,min_value,max_value,mean_value,std_dev
height,1.0,21617.0,7907.934192657471,4167.599875043088
terrain,67.0,255.0,185.1991310119629,28.06754875472063

metric,value
correlation,0.27977049056603576
height_gradient_magnitude,1961090.8227920532
terrain_gradient_magnitude,616.5637483596802
