data_type,min_value,max_value,mean_value,std_dev
height,1.0,13647.0,1714.6972732543945,1633.3200680267873
terrain,90.0,249.0,184.9515724182129,18.8437903066276

metric,value
correlation,-0.05195230659236899
height_gradient_magnitude,120794.93140792847
terrain_gradient_magnitude,135.1086187362671
