data_type,min_value,max_value,mean_value,std_dev
height,1175.0,29484.0,7975.312088012695,4638.929294706623
terrain,90.0,251.0,193.26129531860352,25.72994666512196

metric,value
correlation,-0.07106397939246946
height_gradient_magnitude,868321.2618284225
terrain_gradient_magnitude,394.508074760437
