data_type,min_value,max_value,mean_value,std_dev
height,1.0,27664.0,3362.8464317321777,4405.512112403007
terrain,59.0,255.0,172.85154342651367,22.16203178995822

metric,value
correlation,0.3014716957603485
height_gradient_magnitude,1640046.9036712646
terrain_gradient_magnitude,418.5523290634155
