data_type,min_value,max_value,mean_value,std_dev
height,0.0,25867.0,1004.9522933959961,2844.671886182162
terrain,79.0,251.0,175.30279159545898,16.779622875826025

metric,value
correlation,0.2393657958972371
height_gradient_magnitude,241888.81697654724
terrain_gradient_magnitude,108.57706642150879
