data_type,min_value,max_value,mean_value,std_dev
height,0.0,28905.0,7798.772033691406,5066.567698710429
terrain,89.0,252.0,204.0560188293457,26.775913440463214

metric,value
correlation,0.18166116128969365
height_gradient_magnitude,657127.5503721237
terrain_gradient_magnitude,274.0815849304199
