data_type,min_value,max_value,mean_value,std_dev
height,0.0,26513.0,4135.299705505371,5696.058136130766
terrain,86.0,251.0,183.65671157836914,24.662147358715977

metric,value
correlation,0.517923015936543
height_gradient_magnitude,526039.0986890793
terrain_gradient_magnitude,192.7398796081543
