data_type,min_value,max_value,mean_value,std_dev
height,0.0,29593.0,1314.9540710449219,2605.304729410651
terrain,91.0,245.0,176.5938720703125,16.00179876660237

metric,value
correlation,0.1377420682470298
height_gradient_magnitude,232193.15141105652
terrain_gradient_magnitude,111.68801689147949
