data_type,min_value,max_value,mean_value,std_dev
height,2278.0,32298.0,14320.46293258667,4475.155790445939
terrain,98.0,252.0,210.25732803344727,17.083062317791956

metric,value
correlation,-0.11665243556871388
height_gradient_magnitude,350424.7194633484
terrain_gradient_magnitude,161.75702667236328
