data_type,min_value,max_value,mean_value,std_dev
height,0.0,22588.0,1465.6513671875,3525.782698472425
terrain,95.0,254.0,184.99691772460938,24.20077044226258

metric,value
correlation,0.22738673262352085
height_gradient_magnitude,214863.00350952148
terrain_gradient_magnitude,100.36276054382324
