data_type,min_value,max_value,mean_value,std_dev
height,0.0,255.0,167.9625853362359,75.66054404870499
terrain,112.0,201.0,163.75287662712694,14.128984481474678

metric,value
correlation,-0.3171330558491148
height_gradient_magnitude,1616.1016556340426
terrain_gradient_magnitude,70.59540443082027
