data_type,min_value,max_value,mean_value,std_dev
height,781.0,31051.0,7089.256351470947,5531.17816990097
terrain,86.0,254.0,199.65958404541016,25.816109538275054

metric,value
correlation,-0.2510075537140558
height_gradient_magnitude,855210.5613088608
terrain_gradient_magnitude,363.0968647003174
