data_type,min_value,max_value,mean_value,std_dev
height,5332.0,31714.0,10056.0947265625,2569.0376861496843
terrain,104.0,246.0,209.02955627441406,21.489175156054273

metric,value
correlation,0.13886371310707915
height_gradient_magnitude,195508.0838842392
terrain_gradient_magnitude,86.53517627716064
