data_type,min_value,max_value,mean_value,std_dev
height,0.0,23478.0,2020.7647552490234,2894.287669955876
terrain,100.0,252.0,186.0387077331543,23.578042829518793

metric,value
correlation,0.542116425674052
height_gradient_magnitude,370970.98042583466
terrain_gradient_magnitude,201.77566814422607
