data_type,min_value,max_value,mean_value,std_dev
height,468.0,16521.0,3986.714630126953,2267.6205526537633
terrain,92.0,252.0,195.37371444702148,14.69109950552636

metric,value
correlation,0.3072564769409128
height_gradient_magnitude,262216.72037792206
terrain_gradient_magnitude,160.4132204055786
