data_type,min_value,max_value,mean_value,std_dev
height,0.0,15565.0,2284.556427001953,2604.6272314959483
terrain,88.0,247.0,182.7757911682129,20.195465040178085

metric,value
correlation,0.0007685790338474294
height_gradient_magnitude,301779.58798217773
terrain_gradient_magnitude,204.57234001159668
