data_type,min_value,max_value,mean_value,std_dev
height,651.0,15089.0,2210.5274085998535,1408.1991284388032
terrain,92.0,249.0,207.17905807495117,22.423564712115283

metric,value
correlation,-0.42069050244555406
height_gradient_magnitude,82983.38952922821
terrain_gradient_magnitude,146.3768196105957
