data_type,min_value,max_value,mean_value,std_dev
height,227.0,26978.0,5875.265090942383,4013.065868722244
terrain,76.0,254.0,218.7715721130371,13.099042893848447

metric,value
correlation,-0.3128845638548688
height_gradient_magnitude,207614.10378551483
terrain_gradient_magnitude,86.67101192474365
