data_type,min_value,max_value,mean_value,std_dev
height,0.0,31154.0,3946.532123565674,2969.7270935941956
terrain,87.0,253.0,194.97102737426758,17.680586034731377

metric,value
correlation,0.41502731616925426
height_gradient_magnitude,191640.18283176422
terrain_gradient_magnitude,95.43530654907227
