data_type,min_value,max_value,mean_value,std_dev
height,413.0,16908.0,2130.681121826172,1732.9593933049177
terrain,94.0,246.0,202.7040252685547,18.749914134786366

metric,value
correlation,-0.21635312633261117
height_gradient_magnitude,96104.44002819061
terrain_gradient_magnitude,102.08997631072998
