data_type,min_value,max_value,mean_value,std_dev
height,17.0,12120.0,2127.034809112549,1161.7641200392973
terrain,114.0,250.0,209.79900360107422,17.628442901437992

metric,value
correlation,-0.3187688544494546
height_gradient_magnitude,54134.209919929504
terrain_gradient_magnitude,96.77030658721924
