data_type,min_value,max_value,mean_value,std_dev
height,0.0,28118.0,2842.179786682129,4074.8722709093377
terrain,84.0,248.0,183.71589279174805,22.6201075156758

metric,value
correlation,0.247727536436144
height_gradient_magnitude,426833.5775642395
terrain_gradient_magnitude,164.2419662475586
