data_type,min_value,max_value,mean_value,std_dev
height,0.0,19528.0,1014.7471351623535,2067.0463855203734
terrain,95.0,249.0,192.4821548461914,27.940475306824798

metric,value
correlation,0.34834948286088013
height_gradient_magnitude,105635.29243659973
terrain_gradient_magnitude,60.173399925231934
