data_type,min_value,max_value,mean_value,std_dev
height,0.0,17440.0,1372.0588035583496,2119.012090280832
terrain,82.0,252.0,188.21959686279297,25.426004999228272

metric,value
correlation,0.6011640337554284
height_gradient_magnitude,299329.08321380615
terrain_gradient_magnitude,183.27110481262207
