data_type,min_value,max_value,mean_value,std_dev
height,1.0,24757.0,5403.73108291626,3344.112352938515
terrain,93.0,255.0,201.01545333862305,24.337355308202543

metric,value
correlation,0.05331624818322749
height_gradient_magnitude,817970.6907377243
terrain_gradient_magnitude,263.666464805603
