data_type,min_value,max_value,mean_value,std_dev
height,0.0,255.0,167.8246405141647,75.45097039941699
terrain,113.0,201.0,163.91813644912406,13.97354825795059

metric,value
correlation,-0.2992390039465185
height_gradient_magnitude,1537.8581937595332
terrain_gradient_magnitude,69.431225657885
