data_type,min_value,max_value,mean_value,std_dev
height,28145.0,52379.0,39089.404178619385,2406.263741629117
terrain,102.0,255.0,215.76787567138672,23.17078014703514

metric,value
correlation,-0.0023002620972254737
height_gradient_magnitude,650863.9175510406
terrain_gradient_magnitude,300.50828647613525
