data_type,min_value,max_value,mean_value,std_dev
height,0.0,48094.0,5735.979934692383,11513.045190405288
terrain,93.0,255.0,178.05060577392578,21.965065934108356

metric,value
correlation,0.6665832204609188
height_gradient_magnitude,516555.1025714874
terrain_gradient_magnitude,124.39441013336182
