data_type,min_value,max_value,mean_value,std_dev
height,0.0,9732.0,254.702880859375,879.0422028314489
terrain,102.0,249.0,173.01285552978516,13.156759246156726

metric,value
correlation,0.46278555355401696
height_gradient_magnitude,81375.8656167984
terrain_gradient_magnitude,56.29736518859863
