data_type,min_value,max_value,mean_value,std_dev
height,662.0,12067.0,2758.5333099365234,1258.349228193299
terrain,107.0,248.0,194.9146385192871,12.769164229617097

metric,value
correlation,0.21489329141743144
height_gradient_magnitude,99681.01293563843
terrain_gradient_magnitude,92.28080368041992
