data_type,min_value,max_value,mean_value,std_dev
height,2077.0,52266.0,12608.660152435303,9427.533167292126
terrain,86.0,255.0,208.99364471435547,27.216600819795165

metric,value
correlation,-0.31387028267507916
height_gradient_magnitude,1214076.3066530228
terrain_gradient_magnitude,338.5787401199341
