data_type,min_value,max_value,mean_value,std_dev
height,0.0,25012.0,9335.090370178223,7372.119824812396
terrain,94.0,251.0,196.36843490600586,25.908212066193656

metric,value
correlation,0.5608781649081643
height_gradient_magnitude,529505.8815364838
terrain_gradient_magnitude,183.67884922027588
