data_type,min_value,max_value,mean_value,std_dev
height,0.0,255.0,168.57270425163267,74.35958882602202
terrain,99.0,201.0,165.1713018496305,13.566187732040772

metric,value
correlation,-0.2971284091009239
height_gradient_magnitude,2150.428571164127
terrain_gradient_magnitude,82.66112814133606
