data_type,min_value,max_value,mean_value,std_dev
height,4.0,22988.0,5327.3331871032715,2757.557095449576
terrain,100.0,244.0,212.88711166381836,15.124423471035852

metric,value
correlation,0.10001292588975215
height_gradient_magnitude,120926.29094409943
terrain_gradient_magnitude,78.13931083679199
