data_type,min_value,max_value,mean_value,std_dev
height,2.0,9499.0,3570.5589027404785,1492.828260411124
terrain,89.0,244.0,185.38607788085938,14.288189737998714

metric,value
correlation,0.2817342398910061
height_gradient_magnitude,112028.36322784424
terrain_gradient_magnitude,105.34276580810547
