data_type,min_value,max_value,mean_value,std_dev
height,9489.0,33198.0,16536.95941543579,4063.19529758895
terrain,92.0,253.0,207.4613494873047,22.72704459859875

metric,value
correlation,-0.33273542858779975
height_gradient_magnitude,535315.9576015472
terrain_gradient_magnitude,235.41020965576172
