data_type,min_value,max_value,mean_value,std_dev
height,0.0,20162.0,3299.8820190429688,1876.5648312234714
terrain,87.0,250.0,217.8468132019043,22.376634717310157

metric,value
correlation,0.2875920660222337
height_gradient_magnitude,87177.74596691132
terrain_gradient_magnitude,61.81796455383301
