data_type,min_value,max_value,mean_value,std_dev
height,1098.0,39629.0,7273.109527587891,9562.93409922367
terrain,97.0,254.0,203.1109161376953,20.60732117361895

metric,value
correlation,-0.02632532322092142
height_gradient_magnitude,531160.5675897598
terrain_gradient_magnitude,171.290545463562
