data_type,min_value,max_value,mean_value,std_dev
height,358.0,13148.0,2733.470676422119,1244.4366312175234
terrain,106.0,247.0,189.66395568847656,15.01078627086923

metric,value
correlation,-0.06342479345250027
height_gradient_magnitude,101875.35219192505
terrain_gradient_magnitude,97.78676700592041
