data_type,min_value,max_value,mean_value,std_dev
height,3.0,21217.0,8379.750923156738,3797.9576592773415
terrain,63.0,255.0,181.15293502807617,27.855137179776897

metric,value
correlation,0.17472765734741447
height_gradient_magnitude,1975393.7514066696
terrain_gradient_magnitude,670.0068807601929
