data_type,min_value,max_value,mean_value,std_dev
height,0.0,17891.0,414.6056900024414,1136.746876222171
terrain,92.0,255.0,177.2767105102539,19.205961705833854

metric,value
correlation,0.46132937318120787
height_gradient_magnitude,167732.30311489105
terrain_gradient_magnitude,73.95727920532227
