data_type,min_value,max_value,mean_value,std_dev
height,12.0,11274.0,1142.4252319335938,1082.7109503433287
terrain,100.0,248.0,193.33343887329102,14.487882541812876

metric,value
correlation,-0.2766000142450826
height_gradient_magnitude,47667.46671295166
terrain_gradient_magnitude,85.2225284576416
