data_type,min_value,max_value,mean_value,std_dev
height,0.0,30889.0,2430.127944946289,4159.589698193357
terrain,90.0,250.0,178.70948791503906,21.409134920653784

metric,value
correlation,0.3451107451473849
height_gradient_magnitude,333165.3458929062
terrain_gradient_magnitude,154.1188621520996
