data_type,min_value,max_value,mean_value,std_dev
height,0.0,19329.0,1693.8922080993652,2687.0868585083304
terrain,90.0,249.0,182.79555892944336,21.908823111068685

metric,value
correlation,0.1148346075638661
height_gradient_magnitude,234350.62084579468
terrain_gradient_magnitude,126.28976345062256
