data_type,min_value,max_value,mean_value,std_dev
height,10.0,7774.0,2511.347198486328,896.8846925843243
terrain,115.0,249.0,187.50242614746094,13.54520342862707

metric,value
correlation,-0.44102461922579983
height_gradient_magnitude,33639.72939300537
terrain_gradient_magnitude,67.22955226898193
