data_type,min_value,max_value,mean_value,std_dev
height,4.0,11628.0,3117.1983642578125,1742.6473009557415
terrain,105.0,247.0,215.64546585083008,17.091387759572324

metric,value
correlation,-0.05671512155662216
height_gradient_magnitude,116537.3098115921
terrain_gradient_magnitude,97.83268165588379
