data_type,min_value,max_value,mean_value,std_dev
height,0.0,11616.0,204.71061325073242,692.0320257863931
terrain,81.0,250.0,175.82952499389648,14.6653915744288

metric,value
correlation,0.3173038136818376
height_gradient_magnitude,61042.55782318115
terrain_gradient_magnitude,56.638976097106934
