data_type,min_value,max_value,mean_value,std_dev
height,3047.0,15200.0,7930.938495635986,1424.4225539773572
terrain,102.0,252.0,222.02570343017578,8.5953027739325

metric,value
correlation,-0.12794577040686747
height_gradient_magnitude,37550.8354139328
terrain_gradient_magnitude,29.687454223632812
