data_type,min_value,max_value,mean_value,std_dev
height,0.0,17354.0,1605.2815055847168,2778.446416862506
terrain,105.0,251.0,190.72919082641602,28.582531871429754

metric,value
correlation,0.575570917519421
height_gradient_magnitude,109133.30949878693
terrain_gradient_magnitude,68.95964050292969
