data_type,min_value,max_value,mean_value,std_dev
height,0.0,255.0,169.07943489270957,74.02456096402116
terrain,102.0,201.0,165.1032846120811,13.356328266153646

metric,value
correlation,-0.28107746015872304
height_gradient_magnitude,2110.690434937136
terrain_gradient_magnitude,79.60908414412013
