data_type,min_value,max_value,mean_value,std_dev
height,386.0,14407.0,2126.283260345459,1442.422098374179
terrain,102.0,246.0,194.41402435302734,16.593313699894548

metric,value
correlation,-0.09209694210360345
height_gradient_magnitude,78805.89786815643
terrain_gradient_magnitude,93.16921615600586
