data_type,min_value,max_value,mean_value,std_dev
height,0.0,34550.0,693.1803398132324,2324.391111816821
terrain,64.0,255.0,171.10274124145508,14.683786758183805

metric,value
correlation,0.40237024905500046
height_gradient_magnitude,494950.2970466614
terrain_gradient_magnitude,151.5283031463623
