data_type,min_value,max_value,mean_value,std_dev
height,0.0,32386.0,299.4594306945801,2008.4122539785237
terrain,101.0,249.0,169.8960838317871,6.7658945697634

metric,value
correlation,0.47018645701196504
height_gradient_magnitude,43219.469762802124
terrain_gradient_magnitude,5.151834487915039
