data_type,min_value,max_value,mean_value,std_dev
height,1.0,18144.0,462.4003219604492,1419.141720619659
terrain,82.0,249.0,176.96389770507812,18.00086425485356

metric,value
correlation,0.20700997625869721
height_gradient_magnitude,138079.003572464
terrain_gradient_magnitude,72.7406415939331
