data_type,min_value,max_value,mean_value,std_dev
height,0.0,28413.0,358.856143951416,2101.08251641841
terrain,81.0,247.0,170.55300521850586,11.499058476341398

metric,value
correlation,-0.013023421713351998
height_gradient_magnitude,144141.493019104
terrain_gradient_magnitude,39.45567989349365
