data_type,min_value,max_value,mean_value,std_dev
height,0.0,15990.0,997.3878707885742,2356.8461499747623
terrain,98.0,247.0,176.0094871520996,17.790256401458592

metric,value
correlation,0.650736270238769
height_gradient_magnitude,70010.44914913177
terrain_gradient_magnitude,47.64406871795654
