data_type,min_value,max_value,mean_value,std_dev
height,6888.0,52614.0,18480.611484527588,13505.138884417533
terrain,86.0,255.0,224.36348342895508,18.37414304657621

metric,value
correlation,-0.34432173460037724
height_gradient_magnitude,473582.1463813782
terrain_gradient_magnitude,153.85736083984375
