data_type,min_value,max_value,mean_value,std_dev
height,0.0,17187.0,348.2636413574219,1258.369682556507
terrain,81.0,248.0,170.68096542358398,9.399829420869489

metric,value
correlation,0.09580676007781638
height_gradient_magnitude,102516.6345500946
terrain_gradient_magnitude,52.90305709838867
