data_type,min_value,max_value,mean_value,std_dev
height,0.0,14957.0,1181.7636756896973,2693.5195116961695
terrain,99.0,254.0,177.64547729492188,19.321357160438108

metric,value
correlation,0.5526027641724717
height_gradient_magnitude,273090.6801328659
terrain_gradient_magnitude,114.68457126617432
