data_type,min_value,max_value,mean_value,std_dev
height,2.0,19151.0,90.84509658813477,740.9354739462547
terrain,103.0,244.0,169.55705642700195,5.32446041579907

metric,value
correlation,0.20222529181384846
height_gradient_magnitude,44721.128633499146
terrain_gradient_magnitude,13.449506759643555
