data_type,min_value,max_value,mean_value,std_dev
height,0.0,19608.0,1064.2515716552734,2361.518894884321
terrain,102.0,250.0,190.60378646850586,26.674625357741927

metric,value
correlation,0.23322587018380458
height_gradient_magnitude,168114.96584415436
terrain_gradient_magnitude,72.12526798248291
