data_type,min_value,max_value,mean_value,std_dev
height,0.0,24181.0,515.7164344787598,1627.9234872151503
terrain,100.0,250.0,173.9312629699707,14.932763588446292

metric,value
correlation,0.5173730955748459
height_gradient_magnitude,141964.82993221283
terrain_gradient_magnitude,65.94901657104492
