data_type,min_value,max_value,mean_value,std_dev
height,193.0,8223.0,1798.6158905029297,1067.2566658132587
terrain,114.0,238.0,190.2831916809082,13.20086884661781

metric,value
correlation,-0.15499071110427629
height_gradient_magnitude,61446.96044254303
terrain_gradient_magnitude,80.58337879180908
