data_type,min_value,max_value,mean_value,std_dev
height,0.0,29914.0,844.3632011413574,2458.450264608423
terrain,91.0,255.0,172.75088119506836,17.752396789393

metric,value
correlation,0.4980705573740319
height_gradient_magnitude,561174.5308971405
terrain_gradient_magnitude,167.86231327056885
