data_type,min_value,max_value,mean_value,std_dev
height,4.0,22269.0,4439.064907073975,3330.6043382118546
terrain,99.0,253.0,194.94607162475586,18.965515023215744

metric,value
correlation,0.14420403461217246
height_gradient_magnitude,489968.7267255783
terrain_gradient_magnitude,293.7374897003174
