data_type,min_value,max_value,mean_value,std_dev
height,1090.0,17107.0,6028.47571182251,2363.548291656074
terrain,96.0,250.0,197.88125610351562,19.217424423526733

metric,value
correlation,0.24450127408906785
height_gradient_magnitude,470814.57492256165
terrain_gradient_magnitude,289.48007583618164
