data_type,min_value,max_value,mean_value,std_dev
height,0.0,255.0,168.7463903327558,74.53350385006803
terrain,112.0,202.0,165.3647948228116,13.69964312092511

metric,value
correlation,-0.2932312406979882
height_gradient_magnitude,2159.7926755223834
terrain_gradient_magnitude,83.36107038666015
