data_type,min_value,max_value,mean_value,std_dev
height,0.0,255.0,169.22578376056984,74.08446064789467
terrain,102.0,201.0,165.17938009981194,13.80871640524601

metric,value
correlation,-0.29133037386324045
height_gradient_magnitude,2052.5128837353946
terrain_gradient_magnitude,82.50574584980822
