data_type,min_value,max_value,mean_value,std_dev
height,0.0,17885.0,2125.8424797058105,3720.6081524667984
terrain,101.0,245.0,189.13719177246094,24.37467776629135

metric,value
correlation,0.48181946308027296
height_gradient_magnitude,103042.54438495636
terrain_gradient_magnitude,73.86841869354248
