data_type,min_value,max_value,mean_value,std_dev
height,0.0,33787.0,7648.151172637939,4355.161496981252
terrain,67.0,255.0,186.1662826538086,27.92798684583569

metric,value
correlation,0.3502666115203155
height_gradient_magnitude,1951232.052315712
terrain_gradient_magnitude,579.0267353057861
