data_type,min_value,max_value,mean_value,std_dev
height,0.0,21943.0,526.4989318847656,2048.2276973152216
terrain,93.0,244.0,171.92828369140625,10.858071972007938

metric,value
correlation,0.10725528982539756
height_gradient_magnitude,149866.4207019806
terrain_gradient_magnitude,59.52085018157959
