data_type,min_value,max_value,mean_value,std_dev
height,0.0,14511.0,803.5464630126953,1924.4390276901463
terrain,96.0,245.0,179.78210830688477,21.17040301008087

metric,value
correlation,0.6053492226923844
height_gradient_magnitude,59051.712220191956
terrain_gradient_magnitude,37.1224946975708
