data_type,min_value,max_value,mean_value,std_dev
height,0.0,24855.0,4203.952732086182,6652.971722326816
terrain,95.0,250.0,181.58250045776367,22.418987129142046

metric,value
correlation,0.5139469625262085
height_gradient_magnitude,429959.3945655823
terrain_gradient_magnitude,143.58560180664062
