data_type,min_value,max_value,mean_value,std_dev
height,0.0,17417.0,1747.5213928222656,3131.47447196379
terrain,96.0,244.0,180.720703125,20.52813418361013

metric,value
correlation,0.7387514764576831
height_gradient_magnitude,97995.7343416214
terrain_gradient_magnitude,61.27386951446533
