data_type,min_value,max_value,mean_value,std_dev
height,1.0,48218.0,18746.235836029053,13512.057149112507
terrain,91.0,254.0,196.16997146606445,29.410409020319182

metric,value
correlation,0.4126923176127392
height_gradient_magnitude,1860032.4566392899
terrain_gradient_magnitude,428.16866302490234
