data_type,min_value,max_value,mean_value,std_dev
height,707.0,57444.0,8689.450096130371,12879.211394255512
terrain,87.0,255.0,215.9609832763672,28.572037049913067

metric,value
correlation,-0.44202280783924974
height_gradient_magnitude,1222450.1572990417
terrain_gradient_magnitude,281.13766384124756
