data_type,min_value,max_value,mean_value,std_dev
height,350.0,12755.0,2472.977123260498,1327.1122048433824
terrain,110.0,245.0,191.56307983398438,15.711154434245515

metric,value
correlation,-0.07175512139226786
height_gradient_magnitude,95069.75091552734
terrain_gradient_magnitude,97.89316082000732
