data_type,min_value,max_value,mean_value,std_dev
height,0.0,15759.0,954.5945930480957,2033.0275841274488
terrain,97.0,249.0,178.5569076538086,19.14639870783504

metric,value
correlation,0.6067227980259513
height_gradient_magnitude,107175.12781715393
terrain_gradient_magnitude,66.31818294525146
