data_type,min_value,max_value,mean_value,std_dev
height,0.0,40678.0,7263.035552978516,7702.604043131626
terrain,84.0,254.0,189.37528610229492,26.700535807326208

metric,value
correlation,0.3622579404834743
height_gradient_magnitude,666161.8009529114
terrain_gradient_magnitude,240.58102226257324
