data_type,min_value,max_value,mean_value,std_dev
height,4644.0,30353.0,11014.069160461426,4593.096461639682
terrain,94.0,249.0,212.2370491027832,19.380137546915698

metric,value
correlation,-0.49723875399742995
height_gradient_magnitude,353192.0937461853
terrain_gradient_magnitude,161.8827600479126
