data_type,min_value,max_value,mean_value,std_dev
height,0.0,17186.0,2882.7474365234375,3294.107469290393
terrain,85.0,251.0,185.69229888916016,21.483092665299402

metric,value
correlation,0.19931530735879704
height_gradient_magnitude,415010.63108348846
terrain_gradient_magnitude,267.45001316070557
