data_type,min_value,max_value,mean_value,std_dev
height,1.0,28883.0,4591.352111816406,3388.322587035391
terrain,88.0,255.0,198.20889282226562,25.76570339648923

metric,value
correlation,0.15838084112138517
height_gradient_magnitude,952932.7947711945
terrain_gradient_magnitude,293.60251235961914
