data_type,min_value,max_value,mean_value,std_dev
height,0.0,27194.0,1164.6930465698242,3175.6938930274887
terrain,78.0,255.0,169.80643463134766,15.007671696675251

metric,value
correlation,0.27093787167050754
height_gradient_magnitude,797576.262058258
terrain_gradient_magnitude,188.89798831939697
