data_type,min_value,max_value,mean_value,std_dev
height,0.0,12489.0,771.2995796203613,1157.1758732472322
terrain,93.0,251.0,224.72853469848633,18.78155291013751

metric,value
correlation,-0.482043858493888
height_gradient_magnitude,115424.35010242462
terrain_gradient_magnitude,107.8576602935791
