data_type,min_value,max_value,mean_value,std_dev
height,0.0,23917.0,876.1116714477539,2087.3616136422224
terrain,93.0,251.0,177.21692276000977,18.435401066394956

metric,value
correlation,0.48049162590737615
height_gradient_magnitude,223969.83241558075
terrain_gradient_magnitude,101.70068454742432
