data_type,min_value,max_value,mean_value,std_dev
height,828.0,21107.0,4363.4205894470215,2550.0784273577688
terrain,99.0,250.0,193.85669708251953,17.05308129472346

metric,value
correlation,0.17192848579817657
height_gradient_magnitude,413575.1052007675
terrain_gradient_magnitude,217.0761318206787
