data_type,min_value,max_value,mean_value,std_dev
height,0.0,50035.0,8278.425365447998,8930.537552750016
terrain,91.0,254.0,200.27436447143555,28.261759640344426

metric,value
correlation,-0.10596947962823912
height_gradient_magnitude,1099274.4298238754
terrain_gradient_magnitude,284.4323196411133
