data_type,min_value,max_value,mean_value,std_dev
height,0.0,13688.0,843.657886505127,1827.465352492373
terrain,98.0,247.0,178.49072265625,17.506489606291428

metric,value
correlation,0.466716366621677
height_gradient_magnitude,142260.42982387543
terrain_gradient_magnitude,94.73600006103516
