data_type,min_value,max_value,mean_value,std_dev
height,476.0,16255.0,2659.107864379883,1976.5598707658633
terrain,96.0,249.0,195.87564086914062,18.491127143485667

metric,value
correlation,-0.07473121910586113
height_gradient_magnitude,156421.40433311462
terrain_gradient_magnitude,127.2454309463501
