data_type,min_value,max_value,mean_value,std_dev
height,3.0,14199.0,2251.0154457092285,2619.805464274169
terrain,113.0,245.0,193.90564727783203,23.980832733490544

metric,value
correlation,0.6298782613810087
height_gradient_magnitude,113481.63587379456
terrain_gradient_magnitude,80.10048580169678
