data_type,min_value,max_value,mean_value,std_dev
height,1821.0,47775.0,24769.005851745605,9432.441078333432
terrain,98.0,255.0,206.50977325439453,27.184107844526267

metric,value
correlation,0.25943315818056845
height_gradient_magnitude,947027.3665838242
terrain_gradient_magnitude,333.358850479126
