data_type,min_value,max_value,mean_value,std_dev
height,0.0,255.0,168.32399632739498,74.50550504629462
terrain,112.0,200.0,164.77164689679682,13.615173847318976

metric,value
correlation,-0.2874804858777404
height_gradient_magnitude,2119.39029758467
terrain_gradient_magnitude,79.37636612021858
