data_type,min_value,max_value,mean_value,std_dev
height,0.0,38417.0,11905.376613616943,7050.584076651124
terrain,84.0,255.0,215.24295806884766,26.091329240767354

metric,value
correlation,-0.48665688869611523
height_gradient_magnitude,849078.9949445724
terrain_gradient_magnitude,261.56571865081787
