data_type,min_value,max_value,mean_value,std_dev
height,1.0,14161.0,557.7808074951172,1198.075138651161
terrain,93.0,247.0,186.5841178894043,19.364234061210936

metric,value
correlation,0.18464549534777133
height_gradient_magnitude,16458.623556137085
terrain_gradient_magnitude,67.39780044555664
