data_type,min_value,max_value,mean_value,std_dev
height,0.0,9569.0,439.6824722290039,1026.9922412211943
terrain,102.0,248.0,179.32641220092773,20.036984473533305

metric,value
correlation,0.5332911841866768
height_gradient_magnitude,113506.68647193909
terrain_gradient_magnitude,95.33424854278564
