data_type,min_value,max_value,mean_value,std_dev
height,0.0,17333.0,3206.4894828796387,3461.3538376579136
terrain,92.0,251.0,185.84329223632812,22.369429630812217

metric,value
correlation,0.5392045049254205
height_gradient_magnitude,462085.28853034973
terrain_gradient_magnitude,255.83007431030273
