data_type,min_value,max_value,mean_value,std_dev
height,0.0,27753.0,5004.880298614502,5311.366028938723
terrain,72.0,255.0,174.64577102661133,25.56090883198557

metric,value
correlation,0.23463799351184933
height_gradient_magnitude,2071214.5244255066
terrain_gradient_magnitude,497.8799810409546
