data_type,min_value,max_value,mean_value,std_dev
height,59.0,21279.0,2062.293685913086,2755.445817165629
terrain,91.0,251.0,218.80790328979492,23.659254930778424

metric,value
correlation,-0.6056839136400479
height_gradient_magnitude,336997.8237810135
terrain_gradient_magnitude,187.0570192337036
