data_type,min_value,max_value,mean_value,std_dev
height,0.0,35742.0,1698.5345420837402,2810.6948880273085
terrain,99.0,252.0,185.72119140625,23.134905570022788

metric,value
correlation,0.4194027521856818
height_gradient_magnitude,376265.0271959305
terrain_gradient_magnitude,163.27353858947754
