data_type,min_value,max_value,mean_value,std_dev
height,1026.0,37785.0,4341.661357879639,6636.110223888519
terrain,97.0,250.0,203.92087173461914,18.629539156018215

metric,value
correlation,-0.15072795530649538
height_gradient_magnitude,314178.14361763
terrain_gradient_magnitude,123.09309196472168
