data_type,min_value,max_value,mean_value,std_dev
height,2547.0,26638.0,6681.335342407227,3865.150736727301
terrain,103.0,252.0,216.34448623657227,18.945995695881212

metric,value
correlation,-0.344021855012858
height_gradient_magnitude,304602.0663137436
terrain_gradient_magnitude,103.0624647140503
