data_type,min_value,max_value,mean_value,std_dev
height,1.0,9677.0,3305.3211784362793,1787.3894722154823
terrain,93.0,247.0,183.24830627441406,14.67780250004798

metric,value
correlation,0.2815012953239449
height_gradient_magnitude,135347.01475811005
terrain_gradient_magnitude,112.54522895812988
