data_type,min_value,max_value,mean_value,std_dev
height,0.0,10263.0,705.1504058837891,1458.9869219352624
terrain,99.0,243.0,186.90102005004883,23.840387691126352

metric,value
correlation,0.40360383479175704
height_gradient_magnitude,43944.82415676117
terrain_gradient_magnitude,53.579795837402344
