data_type,min_value,max_value,mean_value,std_dev
height,2647.0,53471.0,15219.601753234863,9036.007789966421
terrain,73.0,255.0,207.56153869628906,29.023799683988326

metric,value
correlation,-0.3127185258031971
height_gradient_magnitude,1277674.4967737198
terrain_gradient_magnitude,390.4696092605591
