data_type,min_value,max_value,mean_value,std_dev
height,5781.0,26942.0,9934.140022277832,1891.0655833554629
terrain,97.0,254.0,219.15729141235352,11.092092024268112

metric,value
correlation,-0.2689520761884885
height_gradient_magnitude,52225.63186454773
terrain_gradient_magnitude,33.13818645477295
