data_type,min_value,max_value,mean_value,std_dev
height,0.0,45371.0,5969.997455596924,8409.112394032754
terrain,94.0,254.0,192.47154235839844,25.82189856799454

metric,value
correlation,0.07023923896379662
height_gradient_magnitude,712823.9474668503
terrain_gradient_magnitude,194.94643020629883
