data_type,min_value,max_value,mean_value,std_dev
height,1.0,18149.0,1964.0495643615723,2233.623226298502
terrain,89.0,250.0,207.55479431152344,20.9357352748701

metric,value
correlation,-0.49817039703834176
height_gradient_magnitude,235866.79440784454
terrain_gradient_magnitude,118.128586769104
