data_type,min_value,max_value,mean_value,std_dev
height,0.0,16164.0,1381.773609161377,1982.1576180297584
terrain,91.0,247.0,198.62067794799805,26.763006193111696

metric,value
correlation,-0.07964762999150826
height_gradient_magnitude,204902.3515806198
terrain_gradient_magnitude,116.72395038604736
