data_type,min_value,max_value,mean_value,std_dev
height,0.0,32150.0,1291.008689880371,4038.2895061002264
terrain,104.0,243.0,183.9498176574707,16.42948350853593

metric,value
correlation,0.06612678657611576
height_gradient_magnitude,116552.2395439148
terrain_gradient_magnitude,51.80418014526367
