data_type,min_value,max_value,mean_value,std_dev
height,250.0,11870.0,1829.3858261108398,1091.7249843993663
terrain,116.0,250.0,205.67559432983398,18.095643278684957

metric,value
correlation,-0.28858046701402645
height_gradient_magnitude,56797.666769981384
terrain_gradient_magnitude,107.42921924591064
