data_type,min_value,max_value,mean_value,std_dev
height,0.0,24043.0,9230.933570861816,4802.770787770066
terrain,82.0,251.0,189.92127227783203,28.44192445092507

metric,value
correlation,0.05432177083926704
height_gradient_magnitude,1103096.8682870865
terrain_gradient_magnitude,469.14074516296387
