data_type,min_value,max_value,mean_value,std_dev
height,0.0,33066.0,3431.947639465332,6072.518947218181
terrain,95.0,246.0,178.37687301635742,19.08775281161369

metric,value
correlation,0.17051820059851683
height_gradient_magnitude,649764.7326049805
terrain_gradient_magnitude,165.86850452423096
