data_type,min_value,max_value,mean_value,std_dev
height,1.0,28954.0,476.61020278930664,2380.4404267581795
terrain,90.0,243.0,170.3574447631836,8.645741765338197

metric,value
correlation,0.23704375596259428
height_gradient_magnitude,95664.29382133484
terrain_gradient_magnitude,29.970338821411133
