data_type,min_value,max_value,mean_value,std_dev
height,0.0,13875.0,1140.6366157531738,2381.295875738891
terrain,99.0,251.0,178.41182708740234,18.98371389699941

metric,value
correlation,0.5523243643232626
height_gradient_magnitude,198393.95982456207
terrain_gradient_magnitude,118.82900142669678
