data_type,min_value,max_value,mean_value,std_dev
height,158.0,30609.0,6016.571876525879,5023.32643252906
terrain,78.0,247.0,185.18912887573242,31.30126192147861

metric,value
correlation,-0.31987932346916437
height_gradient_magnitude,1194795.6090679169
terrain_gradient_magnitude,426.202823638916
