data_type,min_value,max_value,mean_value,std_dev
height,33.0,22577.0,4606.268630981445,4058.6645516849276
terrain,91.0,251.0,207.62921905517578,29.421877128530497

metric,value
correlation,-0.5690416949713948
height_gradient_magnitude,856066.3778429031
terrain_gradient_magnitude,353.0956335067749
