data_type,min_value,max_value,mean_value,std_dev
height,743.0,37663.0,14019.681846618652,6241.7479490952555
terrain,86.0,254.0,211.67259216308594,27.66186392252673

metric,value
correlation,-0.39079822849352314
height_gradient_magnitude,610364.0543422699
terrain_gradient_magnitude,327.4458875656128
