data_type,min_value,max_value,mean_value,std_dev
height,444.0,18593.0,2485.794216156006,2099.8174539770876
terrain,85.0,249.0,209.15478515625,23.503622014344888

metric,value
correlation,-0.515129389762381
height_gradient_magnitude,210297.9620704651
terrain_gradient_magnitude,215.21989250183105
