data_type,min_value,max_value,mean_value,std_dev
height,0.0,12061.0,2171.0805587768555,1164.2893911291678
terrain,110.0,248.0,218.4036521911621,11.317973722026661

metric,value
correlation,-0.43131884675652465
height_gradient_magnitude,41080.92862033844
terrain_gradient_magnitude,47.195916175842285
