data_type,min_value,max_value,mean_value,std_dev
height,0.0,24781.0,783.1475639343262,1941.7622860826752
terrain,90.0,251.0,179.2313995361328,21.752938898894847

metric,value
correlation,0.4135346569070238
height_gradient_magnitude,165162.86484718323
terrain_gradient_magnitude,74.1912431716919
