data_type,min_value,max_value,mean_value,std_dev
height,0.0,20507.0,815.9506988525391,2133.3396612770375
terrain,88.0,250.0,177.96237182617188,20.72153467633858

metric,value
correlation,0.37156450537897906
height_gradient_magnitude,212805.59878063202
terrain_gradient_magnitude,90.75958061218262
