data_type,min_value,max_value,mean_value,std_dev
height,10044.0,51319.0,37879.90027999878,4838.246739860505
terrain,96.0,255.0,219.17904663085938,17.97137976121342

metric,value
correlation,-0.08521567920908163
height_gradient_magnitude,344594.0579338074
terrain_gradient_magnitude,164.18694019317627
