data_type,min_value,max_value,mean_value,std_dev
height,1.0,13790.0,812.7185897827148,1805.6608573803358
terrain,87.0,250.0,178.01971435546875,20.64718065169479

metric,value
correlation,0.1725718882944504
height_gradient_magnitude,219722.0823135376
terrain_gradient_magnitude,139.46682453155518
