data_type,min_value,max_value,mean_value,std_dev
height,50.0,21405.0,1833.651699066162,2318.3335752955963
terrain,91.0,251.0,211.22523498535156,25.42668797305324

metric,value
correlation,-0.4926430903501172
height_gradient_magnitude,385748.6940898895
terrain_gradient_magnitude,247.54297351837158
