data_type,min_value,max_value,mean_value,std_dev
height,0.0,25988.0,2104.026023864746,3094.329886707449
terrain,93.0,255.0,188.00450134277344,27.20869946544131

metric,value
correlation,0.5089598962929827
height_gradient_magnitude,768383.1316690445
terrain_gradient_magnitude,256.485878944397
