data_type,min_value,max_value,mean_value,std_dev
height,0.0,255.0,168.04461178491567,75.70946975008474
terrain,112.0,200.0,163.6519688420928,14.001070560320736

metric,value
correlation,-0.30311815327133407
height_gradient_magnitude,1637.0742443763236
terrain_gradient_magnitude,68.68857086794911
