data_type,min_value,max_value,mean_value,std_dev
height,1390.0,26055.0,5449.860523223877,3021.518193298459
terrain,90.0,251.0,226.78738403320312,14.448370950137335

metric,value
correlation,-0.6467157071706213
height_gradient_magnitude,81775.40050888062
terrain_gradient_magnitude,41.73664951324463
