data_type,min_value,max_value,mean_value,std_dev
height,0.0,16646.0,1580.9725074768066,2720.7494562363627
terrain,100.0,247.0,183.11318969726562,24.453809788118253

metric,value
correlation,0.40695710488862047
height_gradient_magnitude,152801.11660671234
terrain_gradient_magnitude,89.36509132385254
