data_type,min_value,max_value,mean_value,std_dev
height,0.0,22521.0,6718.717182159424,3880.552482985959
terrain,97.0,253.0,199.0332489013672,24.011601838850556

metric,value
correlation,0.3189959641868809
height_gradient_magnitude,787255.3023700714
terrain_gradient_magnitude,404.8902778625488
