data_type,min_value,max_value,mean_value,std_dev
height,0.0,255.0,168.44885749403943,74.51489291451614
terrain,110.0,201.0,165.15525641595212,13.809994213183339

metric,value
correlation,-0.29492558548474024
height_gradient_magnitude,2105.225620862766
terrain_gradient_magnitude,82.12302856635124
