data_type,min_value,max_value,mean_value,std_dev
height,4.0,11390.0,2180.433349609375,1567.7082526473366
terrain,107.0,249.0,200.0779266357422,20.49920858527342

metric,value
correlation,0.45183274640219995
height_gradient_magnitude,136120.7666873932
terrain_gradient_magnitude,112.53370380401611
