data_type,min_value,max_value,mean_value,std_dev
height,4.0,21873.0,5900.545238494873,3812.246767723767
terrain,97.0,252.0,197.28147888183594,22.56006896524736

metric,value
correlation,0.21241025174753883
height_gradient_magnitude,714109.9825124741
terrain_gradient_magnitude,394.9105634689331
