data_type,min_value,max_value,mean_value,std_dev
height,0.0,46827.0,2759.307628631592,7259.426026725976
terrain,97.0,253.0,182.36322784423828,24.528356543002438

metric,value
correlation,0.2869555984123337
height_gradient_magnitude,355825.4348754883
terrain_gradient_magnitude,103.8814468383789
