data_type,min_value,max_value,mean_value,std_dev
height,0.0,24550.0,3082.616065979004,3401.6973861572683
terrain,103.0,248.0,196.63530349731445,26.81038295828436

metric,value
correlation,0.5923600167688311
height_gradient_magnitude,217671.94781398773
terrain_gradient_magnitude,106.78704738616943
