data_type,min_value,max_value,mean_value,std_dev
height,0.0,5963.0,948.6017303466797,889.8913294188242
terrain,113.0,242.0,211.82007217407227,19.76631247494321

metric,value
correlation,0.27984398049283044
height_gradient_magnitude,27366.200901031494
terrain_gradient_magnitude,50.05534839630127
