data_type,min_value,max_value,mean_value,std_dev
height,0.0,26585.0,1287.70068359375,3518.6919111808825
terrain,101.0,246.0,175.34939193725586,16.457388891334375

metric,value
correlation,0.6911268488289252
height_gradient_magnitude,78902.81685733795
terrain_gradient_magnitude,51.826820373535156
