data_type,min_value,max_value,mean_value,std_dev
height,633.0,48201.0,12738.83804321289,9779.482012257988
terrain,76.0,254.0,179.0908203125,33.55023149561145

metric,value
correlation,-0.02486679146132416
height_gradient_magnitude,2655501.3745117188
terrain_gradient_magnitude,635.7024021148682
