data_type,min_value,max_value,mean_value,std_dev
height,2.0,27746.0,315.304744720459,1499.726222749229
terrain,100.0,245.0,170.80553817749023,8.606428839499085

metric,value
correlation,0.2830903334066268
height_gradient_magnitude,98064.209192276
terrain_gradient_magnitude,28.460932731628418
