data_type,min_value,max_value,mean_value,std_dev
height,3.0,13457.0,1782.4204788208008,1616.5151999789332
terrain,85.0,248.0,188.49172973632812,20.789290773448542

metric,value
correlation,-0.05765584142774002
height_gradient_magnitude,125113.2213344574
terrain_gradient_magnitude,161.073974609375
