data_type,min_value,max_value,mean_value,std_dev
height,0.0,15204.0,2101.517822265625,2559.342583947764
terrain,89.0,251.0,180.35978317260742,19.11810577894191

metric,value
correlation,0.09162988848894578
height_gradient_magnitude,280407.20287036896
terrain_gradient_magnitude,184.96226978302002
