data_type,min_value,max_value,mean_value,std_dev
height,506.0,32436.0,12918.381992340088,4749.047055384412
terrain,83.0,251.0,186.2957878112793,30.680977365283024

metric,value
correlation,0.157280689984238
height_gradient_magnitude,1665518.4962272644
terrain_gradient_magnitude,576.0029706954956
