data_type,min_value,max_value,mean_value,std_dev
height,4297.0,20146.0,9749.375423431396,2107.2355617668973
terrain,98.0,252.0,208.68253326416016,18.37542410466818

metric,value
correlation,-0.14261408495120756
height_gradient_magnitude,234375.33790493011
terrain_gradient_magnitude,151.72397994995117
