data_type,min_value,max_value,mean_value,std_dev
height,0.0,23052.0,601.7094955444336,1928.5301699514127
terrain,95.0,250.0,175.89106369018555,17.216450239548887

metric,value
correlation,0.33662174743855033
height_gradient_magnitude,135849.18773841858
terrain_gradient_magnitude,56.18568706512451
