data_type,min_value,max_value,mean_value,std_dev
height,3.0,19797.0,162.9375457763672,997.9497400434936
terrain,108.0,248.0,170.12164688110352,6.438042716727016

metric,value
correlation,0.3620666686575471
height_gradient_magnitude,44621.62874031067
terrain_gradient_magnitude,13.723464965820312
