data_type,min_value,max_value,mean_value,std_dev
height,2270.0,36719.0,13925.052921295166,4773.45564161137
terrain,95.0,254.0,209.1844940185547,16.933289529608338

metric,value
correlation,-0.14076243552341447
height_gradient_magnitude,345093.4039182663
terrain_gradient_magnitude,143.46738719940186
