data_type,min_value,max_value,mean_value,std_dev
height,0.0,18652.0,1845.1154670715332,2595.056996904725
terrain,105.0,252.0,190.2784538269043,25.073912441816223

metric,value
correlation,0.43606426709602975
height_gradient_magnitude,367069.8172130585
terrain_gradient_magnitude,200.35468196868896
