data_type,min_value,max_value,mean_value,std_dev
height,3.0,24842.0,3348.650703430176,5174.378197691341
terrain,96.0,248.0,184.36724853515625,22.949688679449235

metric,value
correlation,0.7249180136417983
height_gradient_magnitude,143672.5680990219
terrain_gradient_magnitude,94.38149833679199
