data_type,min_value,max_value,mean_value,std_dev
height,0.0,28923.0,4573.647247314453,3384.7083595218487
terrain,92.0,254.0,198.88044357299805,25.11563740463274

metric,value
correlation,0.13570229864136596
height_gradient_magnitude,877797.1680669785
terrain_gradient_magnitude,266.5300188064575
