data_type,min_value,max_value,mean_value,std_dev
height,0.0,17313.0,2094.863697052002,2966.4833176491197
terrain,80.0,251.0,183.0092430114746,22.415106996240738

metric,value
correlation,-0.012109949613173725
height_gradient_magnitude,462538.6914405823
terrain_gradient_magnitude,277.80798625946045
