data_type,min_value,max_value,mean_value,std_dev
height,1085.0,18864.0,7317.457355499268,2545.6714651333455
terrain,103.0,249.0,215.56166076660156,13.690065370347702

metric,value
correlation,0.10063526510364211
height_gradient_magnitude,110522.29024124146
terrain_gradient_magnitude,77.67200660705566
