data_type,min_value,max_value,mean_value,std_dev
height,2.0,17608.0,664.5976142883301,1413.9257281734808
terrain,93.0,255.0,180.81571197509766,21.95840901341534

metric,value
correlation,0.4916805082331451
height_gradient_magnitude,227478.67861938477
terrain_gradient_magnitude,105.52106285095215
