data_type,min_value,max_value,mean_value,std_dev
height,833.0,14646.0,3496.795928955078,1825.309798165695
terrain,94.0,234.0,185.90544891357422,10.54304879539663

metric,value
correlation,-0.03191981785444627
height_gradient_magnitude,33162.63750934601
terrain_gradient_magnitude,39.46225643157959
