data_type,min_value,max_value,mean_value,std_dev
height,0.0,13898.0,1392.4064483642578,2579.6057206662717
terrain,92.0,253.0,178.16608047485352,18.60784617353688

metric,value
correlation,0.5834469326576557
height_gradient_magnitude,237750.3261871338
terrain_gradient_magnitude,137.85094451904297
