data_type,min_value,max_value,mean_value,std_dev
height,0.0,255.0,168.37871518059444,74.17386400539077
terrain,111.0,200.0,164.74861166644453,13.474392150248407

metric,value
correlation,-0.2940529604388706
height_gradient_magnitude,2115.1281302293896
terrain_gradient_magnitude,80.22901024775275
