data_type,min_value,max_value,mean_value,std_dev
height,1868.0,21429.0,7057.811096191406,2529.2367658575113
terrain,96.0,250.0,195.59375,20.59839148306132

metric,value
correlation,0.06921240703660375
height_gradient_magnitude,590479.2824811935
terrain_gradient_magnitude,322.78551959991455
