data_type,min_value,max_value,mean_value,std_dev
height,0.0,255.0,168.53150591615207,75.4418816611129
terrain,112.0,202.0,164.16143912805248,14.021109799317763

metric,value
correlation,-0.30349349175013024
height_gradient_magnitude,1531.127545278185
terrain_gradient_magnitude,70.28501192115746
