data_type,min_value,max_value,mean_value,std_dev
height,0.0,255.0,167.6002635982644,75.77173980067127
terrain,112.0,201.0,164.0270706532202,14.056541739477389

metric,value
correlation,-0.30712579236215337
height_gradient_magnitude,1593.5858526959587
terrain_gradient_magnitude,70.47544500718232
