data_type,min_value,max_value,mean_value,std_dev
height,4029.0,27826.0,11562.432857513428,3336.2819296861326
terrain,98.0,255.0,216.761474609375,12.696362859850227

metric,value
correlation,-0.4315561128969876
height_gradient_magnitude,111180.12761688232
terrain_gradient_magnitude,58.10043430328369
