data_type,min_value,max_value,mean_value,std_dev
height,0.0,255.0,169.3621440312764,74.9335875144233
terrain,109.0,201.0,164.94518488900735,13.872095548351089

metric,value
correlation,-0.29507001827436335
height_gradient_magnitude,2121.3249681608836
terrain_gradient_magnitude,83.16213514594162
