data_type,min_value,max_value,mean_value,std_dev
height,0.0,9645.0,641.1736145019531,1313.9567068543008
terrain,102.0,250.0,192.92427444458008,28.03768141314945

metric,value
correlation,0.3542766709724147
height_gradient_magnitude,42187.54071044922
terrain_gradient_magnitude,50.58949947357178
