data_type,min_value,max_value,mean_value,std_dev
height,0.0,12159.0,355.3257255554199,1354.6718262111176
terrain,96.0,242.0,171.11658096313477,10.075671214646965

metric,value
correlation,0.36225730491886504
height_gradient_magnitude,58658.58870220184
terrain_gradient_magnitude,41.420217514038086
