data_type,min_value,max_value,mean_value,std_dev
height,0.0,32578.0,7851.687805175781,6982.175702669317
terrain,81.0,254.0,201.0539436340332,27.80584789374283

metric,value
correlation,0.3670231708938438
height_gradient_magnitude,551877.7002048492
terrain_gradient_magnitude,169.62269401550293
