data_type,min_value,max_value,mean_value,std_dev
height,0.0,18003.0,762.483024597168,2075.4233045552537
terrain,99.0,250.0,176.30009841918945,18.494618489610733

metric,value
correlation,0.37807283277992076
height_gradient_magnitude,270870.4179639816
terrain_gradient_magnitude,101.86272239685059
