data_type,min_value,max_value,mean_value,std_dev
height,0.0,24923.0,1197.793716430664,2284.9620440454723
terrain,108.0,250.0,187.57366180419922,26.690028879069338

metric,value
correlation,0.552179300109776
height_gradient_magnitude,64550.93701648712
terrain_gradient_magnitude,36.78561782836914
