data_type,min_value,max_value,mean_value,std_dev
height,2279.0,32270.0,13064.923603057861,5063.359447502355
terrain,93.0,254.0,206.89963912963867,19.263439946778757

metric,value
correlation,-0.15687289952557118
height_gradient_magnitude,449618.63245010376
terrain_gradient_magnitude,183.62131309509277
