data_type,min_value,max_value,mean_value,std_dev
height,593.0,8271.0,2900.5884017944336,847.5513514158342
terrain,111.0,240.0,188.26679229736328,12.54323745848303

metric,value
correlation,0.06113437915087075
height_gradient_magnitude,91750.59284591675
terrain_gradient_magnitude,91.16750431060791
