data_type,min_value,max_value,mean_value,std_dev
height,0.0,255.0,168.18264546033438,75.78277269973086
terrain,112.0,200.0,163.6109778310898,14.202975963548049

metric,value
correlation,-0.3091234730881468
height_gradient_magnitude,1556.47837531654
terrain_gradient_magnitude,70.52580634412901
