data_type,min_value,max_value,mean_value,std_dev
height,1688.0,25224.0,6560.833278656006,3924.320997290324
terrain,91.0,252.0,190.1699676513672,20.500873911892082

metric,value
correlation,0.09607372174462116
height_gradient_magnitude,464239.838054657
terrain_gradient_magnitude,259.38086223602295
