data_type,min_value,max_value,mean_value,std_dev
height,1.0,35847.0,1438.3262481689453,4365.408507715136
terrain,100.0,249.0,173.87993621826172,13.984577827905298

metric,value
correlation,0.2003777526986803
height_gradient_magnitude,369372.64488601685
terrain_gradient_magnitude,80.87428092956543
