data_type,min_value,max_value,mean_value,std_dev
height,0.0,20198.0,5652.338817596436,4244.118509117283
terrain,99.0,250.0,213.06876754760742,21.392435498736674

metric,value
correlation,0.18332022292531364
height_gradient_magnitude,216787.20117759705
terrain_gradient_magnitude,137.59509658813477
