data_type,min_value,max_value,mean_value,std_dev
height,2.0,46569.0,2932.8294219970703,3717.224897361295
terrain,67.0,255.0,192.88213348388672,25.661617124536274

metric,value
correlation,0.24087366623498163
height_gradient_magnitude,1001961.866019249
terrain_gradient_magnitude,414.1305732727051
