data_type,min_value,max_value,mean_value,std_dev
height,0.0,9465.0,2298.9525871276855,1940.1697099819091
terrain,95.0,245.0,179.9774932861328,14.450326641362443

metric,value
correlation,0.28573458780690525
height_gradient_magnitude,127048.69426059723
terrain_gradient_magnitude,103.22168064117432
