data_type,min_value,max_value,mean_value,std_dev
height,0.0,11848.0,1479.39741897583,1890.207280545934
terrain,106.0,250.0,184.2720947265625,20.46704970679701

metric,value
correlation,0.7389966846926854
height_gradient_magnitude,158175.16339588165
terrain_gradient_magnitude,99.88652324676514
