data_type,min_value,max_value,mean_value,std_dev
height,0.0,255.0,169.54976527907357,74.32791970752731
terrain,105.0,201.0,164.99953351992536,13.75130799250815

metric,value
correlation,-0.30404294028396095
height_gradient_magnitude,2079.372463977372
terrain_gradient_magnitude,80.52195788351327
