data_type,min_value,max_value,mean_value,std_dev
height,52.0,19005.0,949.3763771057129,1356.7917919814752
terrain,92.0,249.0,186.82382583618164,9.034587256412948

metric,value
correlation,-0.05271823265337337
height_gradient_magnitude,108461.50996017456
terrain_gradient_magnitude,43.76768398284912
