data_type,min_value,max_value,mean_value,std_dev
height,3.0,11055.0,691.7930679321289,1205.3695319590995
terrain,85.0,254.0,189.85714721679688,21.67722100702057

metric,value
correlation,0.40037701812128773
height_gradient_magnitude,127086.21013450623
terrain_gradient_magnitude,105.86180877685547
