data_type,min_value,max_value,mean_value,std_dev
height,421.0,15796.0,2114.0327339172363,1763.4299716614873
terrain,92.0,247.0,203.60910415649414,19.10315404205088

metric,value
correlation,-0.26477081620711507
height_gradient_magnitude,99739.99529743195
terrain_gradient_magnitude,102.17469024658203
