data_type,min_value,max_value,mean_value,std_dev
height,0.0,255.0,169.29377138033675,74.37975983111654
terrain,108.0,202.0,165.08670605831742,13.761824203629098

metric,value
correlation,-0.3067662490572014
height_gradient_magnitude,2110.740250196218
terrain_gradient_magnitude,80.21759629481541
