data_type,min_value,max_value,mean_value,std_dev
height,1863.0,40701.0,14395.97518157959,6444.195521192814
terrain,83.0,255.0,203.67946243286133,26.899225233034784

metric,value
correlation,-0.06259431421189494
height_gradient_magnitude,1008549.7773828506
terrain_gradient_magnitude,370.19892024993896
