data_type,min_value,max_value,mean_value,std_dev
height,0.0,7779.0,1565.1380500793457,1805.495223774141
terrain,100.0,242.0,179.1174430847168,14.154383155017722

metric,value
correlation,0.5432454521863084
height_gradient_magnitude,72520.46061992645
terrain_gradient_magnitude,63.492591857910156
