data_type,min_value,max_value,mean_value,std_dev
height,0.0,20453.0,1461.1080436706543,1876.845159240832
terrain,77.0,252.0,186.40587615966797,10.359412484238627

metric,value
correlation,-0.03928380070014828
height_gradient_magnitude,183811.29078006744
terrain_gradient_magnitude,79.13514041900635
