data_type,min_value,max_value,mean_value,std_dev
height,0.0,20765.0,2450.239616394043,2522.510689928627
terrain,80.0,252.0,195.14126586914062,18.589605983760443

metric,value
correlation,-0.08282505315202687
height_gradient_magnitude,271857.05540180206
terrain_gradient_magnitude,163.8834638595581
