data_type,min_value,max_value,mean_value,std_dev
height,1.0,15234.0,2332.449405670166,2451.5046342210085
terrain,90.0,252.0,190.7449951171875,24.71366939555217

metric,value
correlation,-0.3402223977956426
height_gradient_magnitude,259049.1234407425
terrain_gradient_magnitude,200.75640773773193
