data_type,min_value,max_value,mean_value,std_dev
height,3.0,31353.0,6923.011039733887,5276.051569033036
terrain,84.0,255.0,192.424560546875,25.663235315146302

metric,value
correlation,0.4893445782533069
height_gradient_magnitude,502532.3045873642
terrain_gradient_magnitude,232.5418939590454
