data_type,min_value,max_value,mean_value,std_dev
height,1756.0,30307.0,10526.61852645874,4994.192799389416
terrain,83.0,251.0,195.6476173400879,26.8668675845541

metric,value
correlation,0.04973127689572381
height_gradient_magnitude,940822.9475278854
terrain_gradient_magnitude,428.9412965774536
