data_type,min_value,max_value,mean_value,std_dev
height,0.0,29118.0,750.6245613098145,2694.046017618878
terrain,84.0,247.0,173.38803482055664,14.210563527746931

metric,value
correlation,0.2205784423534526
height_gradient_magnitude,159544.29795265198
terrain_gradient_magnitude,57.069363594055176
