data_type,min_value,max_value,mean_value,std_dev
height,0.0,39536.0,2737.373317718506,5306.192710517598
terrain,87.0,253.0,212.28201293945312,22.10643212002944

metric,value
correlation,-0.4119089840772638
height_gradient_magnitude,449871.95321559906
terrain_gradient_magnitude,149.75501918792725
