data_type,min_value,max_value,mean_value,std_dev
height,1242.0,25597.0,7451.835506439209,4756.182393694448
terrain,89.0,252.0,191.16386032104492,21.7885371299947

metric,value
correlation,0.05507316880441864
height_gradient_magnitude,637432.998131752
terrain_gradient_magnitude,324.7454595565796
