data_type,min_value,max_value,mean_value,std_dev
height,4.0,26709.0,10786.729526519775,3788.5063328309907
terrain,101.0,250.0,214.1719856262207,17.96482878283483

metric,value
correlation,0.2500692341143402
height_gradient_magnitude,234242.87768554688
terrain_gradient_magnitude,142.18249320983887
