data_type,min_value,max_value,mean_value,std_dev
height,743.0,22076.0,5938.860702514648,2879.101465496565
terrain,99.0,251.0,197.13211822509766,19.00524450675164

metric,value
correlation,0.2670915685256758
height_gradient_magnitude,511212.77161312103
terrain_gradient_magnitude,273.59250354766846
