data_type,min_value,max_value,mean_value,std_dev
height,0.0,23538.0,1118.2246398925781,2649.656127118709
terrain,80.0,251.0,173.89452362060547,16.71483457296988

metric,value
correlation,0.0831239874619796
height_gradient_magnitude,263439.3992061615
terrain_gradient_magnitude,127.57323169708252
