data_type,min_value,max_value,mean_value,std_dev
height,0.0,11262.0,361.870418548584,1120.5966080587323
terrain,93.0,248.0,176.66716384887695,19.279569106864372

metric,value
correlation,0.19278007114616855
height_gradient_magnitude,106246.70394992828
terrain_gradient_magnitude,79.97977638244629
