data_type,min_value,max_value,mean_value,std_dev
height,1.0,24030.0,440.08481216430664,1407.3551981149735
terrain,89.0,247.0,176.25806427001953,16.43728880680689

metric,value
correlation,0.30800601466288924
height_gradient_magnitude,102038.25798892975
terrain_gradient_magnitude,52.28614616394043
