data_type,min_value,max_value,mean_value,std_dev
height,0.0,11045.0,141.80728149414062,609.1333306652677
terrain,89.0,249.0,181.6301498413086,23.02280419595264

metric,value
correlation,0.10119541161220286
height_gradient_magnitude,21265.26437473297
terrain_gradient_magnitude,33.07033061981201
