data_type,min_value,max_value,mean_value,std_dev
height,0.0,27945.0,2847.715446472168,3848.787379529278
terrain,82.0,249.0,196.0828857421875,30.75122260530986

metric,value
correlation,-0.37978524294923177
height_gradient_magnitude,583219.8479156494
terrain_gradient_magnitude,259.4869718551636
