data_type,min_value,max_value,mean_value,std_dev
height,0.0,27958.0,9745.090183258057,5965.249850550381
terrain,94.0,255.0,215.90181350708008,18.60601266643437

metric,value
correlation,-0.22122532881092796
height_gradient_magnitude,372601.77778339386
terrain_gradient_magnitude,127.49824619293213
