data_type,min_value,max_value,mean_value,std_dev
height,2278.0,36350.0,12586.335506439209,5579.563737962384
terrain,90.0,255.0,206.18532180786133,20.96363059767052

metric,value
correlation,-0.23787255053087794
height_gradient_magnitude,536507.5769357681
terrain_gradient_magnitude,203.54998683929443
