data_type,min_value,max_value,mean_value,std_dev
height,3.0,12205.0,132.73541641235352,699.8202445257511
terrain,98.0,249.0,171.21286010742188,11.175874503650622

metric,value
correlation,0.3934326070658518
height_gradient_magnitude,48733.04842567444
terrain_gradient_magnitude,23.76176166534424
