data_type,min_value,max_value,mean_value,std_dev
height,1.0,16110.0,297.20761489868164,1319.146791987256
terrain,101.0,243.0,170.82170867919922,7.965652407168018

metric,value
correlation,0.3925236222843545
height_gradient_magnitude,75210.43971920013
terrain_gradient_magnitude,21.432652473449707
