data_type,min_value,max_value,mean_value,std_dev
height,1049.0,18858.0,4474.993274688721,1897.432360717025
terrain,98.0,249.0,188.0880584716797,15.352627395555992

metric,value
correlation,0.08554804202222571
height_gradient_magnitude,219616.36126232147
terrain_gradient_magnitude,147.75856685638428
