data_type,min_value,max_value,mean_value,std_dev
height,0.0,41890.0,10543.241619110107,7131.0604940838275
terrain,82.0,255.0,202.48589706420898,30.365089329428216

metric,value
correlation,-0.07686270931669162
height_gradient_magnitude,1440700.6046705246
terrain_gradient_magnitude,429.75220108032227
