data_type,min_value,max_value,mean_value,std_dev
height,142.0,22917.0,1474.734561920166,1743.767453839881
terrain,99.0,246.0,216.36623001098633,11.985960549926515

metric,value
correlation,-0.3121062501180251
height_gradient_magnitude,28360.876172065735
terrain_gradient_magnitude,54.03257369995117
