data_type,min_value,max_value,mean_value,std_dev
height,0.0,17106.0,717.5466270446777,1659.1013594896717
terrain,91.0,249.0,175.38358306884766,16.425284854746565

metric,value
correlation,0.28594037698001556
height_gradient_magnitude,141822.40614891052
terrain_gradient_magnitude,86.6327257156372
