data_type,min_value,max_value,mean_value,std_dev
height,0.0,24314.0,161.28154373168945,950.6555615202686
terrain,101.0,248.0,170.2675895690918,7.945850790117575

metric,value
correlation,0.5104929088466131
height_gradient_magnitude,57490.20423793793
terrain_gradient_magnitude,24.30130386352539
