data_type,min_value,max_value,mean_value,std_dev
height,0.0,18036.0,312.2706604003906,1065.1200498770609
terrain,99.0,254.0,174.98572540283203,16.625585627110155

metric,value
correlation,0.29779738132849315
height_gradient_magnitude,171763.10723400116
terrain_gradient_magnitude,84.30563831329346
