data_type,min_value,max_value,mean_value,std_dev
height,4433.0,30154.0,14578.977596282959,3847.729085801047
terrain,102.0,252.0,211.80986404418945,16.74705616757697

metric,value
correlation,-0.25660073450777354
height_gradient_magnitude,342501.55791664124
terrain_gradient_magnitude,170.70639896392822
