data_type,min_value,max_value,mean_value,std_dev
height,0.0,17116.0,6268.496681213379,2844.3579259901803
terrain,79.0,251.0,215.06756973266602,20.735368477433628

metric,value
correlation,0.4405536918665068
height_gradient_magnitude,90851.47500133514
terrain_gradient_magnitude,55.61824131011963
