data_type,min_value,max_value,mean_value,std_dev
height,3451.0,47469.0,27449.62169265747,6946.027635936169
terrain,89.0,254.0,207.45782470703125,29.831025880696103

metric,value
correlation,0.18363419610545878
height_gradient_magnitude,1466801.1815452576
terrain_gradient_magnitude,496.8273124694824
