data_type,min_value,max_value,mean_value,std_dev
height,2567.0,31814.0,8205.07481765747,4736.048618016199
terrain,102.0,251.0,213.81962203979492,18.87888865329248

metric,value
correlation,-0.21357118847359918
height_gradient_magnitude,326742.2220621109
terrain_gradient_magnitude,111.07736206054688
