data_type,min_value,max_value,mean_value,std_dev
height,2123.0,25967.0,5790.991016387939,2424.6717559070007
terrain,94.0,253.0,201.28252792358398,20.614660099621638

metric,value
correlation,-0.04494814474038883
height_gradient_magnitude,124198.15374469757
terrain_gradient_magnitude,75.31726455688477
