data_type,min_value,max_value,mean_value,std_dev
height,2.0,49877.0,8884.956974029541,10188.347532450243
terrain,88.0,254.0,189.0645294189453,24.505680470490233

metric,value
correlation,0.13410311616181309
height_gradient_magnitude,1414057.797364235
terrain_gradient_magnitude,344.1644802093506
