data_type,min_value,max_value,mean_value,std_dev
height,3087.0,32158.0,15510.94845199585,3945.9815162647433
terrain,89.0,255.0,208.78972244262695,22.731546809006783

metric,value
correlation,-0.3530775778222967
height_gradient_magnitude,550376.6305513382
terrain_gradient_magnitude,237.9682102203369
