data_type,min_value,max_value,mean_value,std_dev
height,0.0,19271.0,785.9266357421875,1738.4160463064986
terrain,78.0,248.0,174.15155029296875,16.31924395067045

metric,value
correlation,0.007558836989641272
height_gradient_magnitude,195951.91205883026
terrain_gradient_magnitude,118.65273571014404
