data_type,min_value,max_value,mean_value,std_dev
height,0.0,25867.0,1331.3916015625,3093.2400426490854
terrain,79.0,251.0,179.31510162353516,20.046822668178716

metric,value
correlation,0.10077340816218927
height_gradient_magnitude,333448.9806051254
terrain_gradient_magnitude,157.125750541687
