data_type,min_value,max_value,mean_value,std_dev
height,0.0,255.0,169.05857656937226,74.77025917218884
terrain,112.0,200.0,164.81594029055046,13.775941645319604

metric,value
correlation,-0.2933268810282502
height_gradient_magnitude,2171.777526026626
terrain_gradient_magnitude,81.04718112754898
