data_type,min_value,max_value,mean_value,std_dev
height,0.0,18422.0,724.3724670410156,1497.1798689328339
terrain,97.0,255.0,180.70220565795898,22.156049735317044

metric,value
correlation,0.4096495712646661
height_gradient_magnitude,367557.82104969025
terrain_gradient_magnitude,149.93933296203613
