data_type,min_value,max_value,mean_value,std_dev
height,0.0,35237.0,1432.2304039001465,3447.0739338660946
terrain,86.0,250.0,186.44050216674805,25.181641762085533

metric,value
correlation,0.1793270166930948
height_gradient_magnitude,246177.6562204361
terrain_gradient_magnitude,90.37402153015137
