data_type,min_value,max_value,mean_value,std_dev
height,0.0,41579.0,3856.9164848327637,6812.266844057419
terrain,89.0,254.0,185.25237274169922,24.41126917802636

metric,value
correlation,0.4187026142591166
height_gradient_magnitude,284698.818608284
terrain_gradient_magnitude,115.90430736541748
