data_type,min_value,max_value,mean_value,std_dev
height,0.0,11344.0,1342.3071517944336,1616.1677063123368
terrain,106.0,249.0,190.5143814086914,23.016904322817787

metric,value
correlation,0.6507402908388299
height_gradient_magnitude,152809.72367668152
terrain_gradient_magnitude,107.2042007446289
