data_type,min_value,max_value,mean_value,std_dev
height,4.0,21223.0,8484.945545196533,3509.849731787823
terrain,67.0,255.0,181.52230072021484,26.85006448677528

metric,value
correlation,0.13078867094619226
height_gradient_magnitude,1844739.9436159134
terrain_gradient_magnitude,626.9385824203491
