data_type,min_value,max_value,mean_value,std_dev
height,0.0,255.0,169.06236024108875,74.49849471079236
terrain,112.0,200.0,165.10474328787004,13.615247458593215

metric,value
correlation,-0.3054740955640386
height_gradient_magnitude,2135.589267996505
terrain_gradient_magnitude,81.31047766078754
