data_type,min_value,max_value,mean_value,std_dev
height,2.0,14922.0,94.9792594909668,579.7125244406263
terrain,105.0,245.0,172.59068298339844,12.809753761414187

metric,value
correlation,0.3329818019715654
height_gradient_magnitude,23635.53359222412
terrain_gradient_magnitude,16.841943740844727
