data_type,min_value,max_value,mean_value,std_dev
height,0.0,10587.0,149.70232772827148,518.4713828917651
terrain,107.0,246.0,177.12590789794922,18.165651842000845

metric,value
correlation,0.4264876077147594
height_gradient_magnitude,20293.105805397034
terrain_gradient_magnitude,21.949634552001953
