data_type,min_value,max_value,mean_value,std_dev
height,0.0,23185.0,615.5062484741211,1930.303921471215
terrain,100.0,245.0,181.22710418701172,20.020384088096847

metric,value
correlation,0.16202202076113237
height_gradient_magnitude,91864.16352272034
terrain_gradient_magnitude,51.6839485168457
