data_type,min_value,max_value,mean_value,std_dev
height,0.0,13892.0,1082.1585006713867,2140.5870307085893
terrain,103.0,249.0,178.12916564941406,17.52988502790183

metric,value
correlation,0.5882294597422759
height_gradient_magnitude,159762.11203193665
terrain_gradient_magnitude,103.62396812438965
