data_type,min_value,max_value,mean_value,std_dev
height,0.0,255.0,168.22330327128407,75.75671867415011
terrain,112.0,200.0,163.6890280924667,13.95748305598151

metric,value
correlation,-0.3072010170592588
height_gradient_magnitude,1554.9386726790765
terrain_gradient_magnitude,68.12269351518651
