data_type,min_value,max_value,mean_value,std_dev
height,0.0,34253.0,6626.729160308838,5961.608275465068
terrain,82.0,255.0,206.18207550048828,25.189274011152033

metric,value
correlation,0.06459522934265581
height_gradient_magnitude,298096.35724925995
terrain_gradient_magnitude,125.62730693817139
