data_type,min_value,max_value,mean_value,std_dev
height,0.0,46927.0,5006.141098022461,5230.241629741592
terrain,68.0,255.0,188.54280471801758,29.19825978830408

metric,value
correlation,0.38682081710409877
height_gradient_magnitude,1431750.3832454681
terrain_gradient_magnitude,523.9670886993408
