data_type,min_value,max_value,mean_value,std_dev
height,0.0,255.0,168.9448442845084,74.13144285762942
terrain,104.0,200.0,165.06733602855155,13.543388378547217

metric,value
correlation,-0.29002470136696307
height_gradient_magnitude,2105.6257163801147
terrain_gradient_magnitude,80.34659284434375
