data_type,min_value,max_value,mean_value,std_dev
height,0.0,26514.0,1032.0357818603516,2661.462840865809
terrain,92.0,255.0,174.35595321655273,18.639632924584138

metric,value
correlation,0.3643579634891708
height_gradient_magnitude,510795.70895576477
terrain_gradient_magnitude,141.29406642913818
