data_type,min_value,max_value,mean_value,std_dev
height,0.0,27816.0,961.0068626403809,2677.3269052103697
terrain,96.0,240.0,174.30831909179688,12.985125382827489

metric,value
correlation,0.11932599774983207
height_gradient_magnitude,234481.87957668304
terrain_gradient_magnitude,66.53390502929688
