data_type,min_value,max_value,mean_value,std_dev
height,0.0,12514.0,503.86862564086914,1370.0943798949727
terrain,98.0,247.0,174.2949981689453,14.598013107969047

metric,value
correlation,0.5273727262805822
height_gradient_magnitude,123434.25668239594
terrain_gradient_magnitude,71.17032527923584
