data_type,min_value,max_value,mean_value,std_dev
height,4.0,19915.0,8991.939125061035,2986.4773436488344
terrain,72.0,255.0,189.94007110595703,25.24261914517629

metric,value
correlation,0.24698980079268298
height_gradient_magnitude,1611700.7888088226
terrain_gradient_magnitude,481.0925931930542
