data_type,min_value,max_value,mean_value,std_dev
height,1850.0,47539.0,18851.511150360107,7284.838392106874
terrain,80.0,254.0,185.17466735839844,34.409213948571086

metric,value
correlation,0.026709668951464507
height_gradient_magnitude,2984436.480296135
terrain_gradient_magnitude,728.8757457733154
