data_type,min_value,max_value,mean_value,std_dev
height,0.0,18912.0,328.10926818847656,1370.8295205411437
terrain,65.0,252.0,170.74240493774414,10.264161236964439

metric,value
correlation,0.19338610380181423
height_gradient_magnitude,135673.89064502716
terrain_gradient_magnitude,56.675692558288574
