data_type,min_value,max_value,mean_value,std_dev
height,0.0,20701.0,2525.9645385742188,3699.410466025133
terrain,92.0,254.0,205.1151123046875,28.732816279213633

metric,value
correlation,0.15519318415389133
height_gradient_magnitude,130493.34604263306
terrain_gradient_magnitude,93.31454753875732
