data_type,min_value,max_value,mean_value,std_dev
height,0.0,25345.0,4851.8436851501465,4315.084388093238
terrain,106.0,250.0,203.21262741088867,27.390221486802577

metric,value
correlation,0.6490806284351409
height_gradient_magnitude,199802.69810962677
terrain_gradient_magnitude,92.59943199157715
