data_type,min_value,max_value,mean_value,std_dev
height,0.0,24606.0,503.9179573059082,1846.088511855249
terrain,102.0,243.0,174.13411331176758,15.32173220698259

metric,value
correlation,0.1771267377162098
height_gradient_magnitude,135681.55473709106
terrain_gradient_magnitude,55.68758964538574
