data_type,min_value,max_value,mean_value,std_dev
height,0.0,8985.0,442.0686798095703,1070.6281170168686
terrain,102.0,248.0,189.69696426391602,27.517816642835257

metric,value
correlation,0.35412635791112274
height_gradient_magnitude,28122.792348861694
terrain_gradient_magnitude,40.156188011169434
