data_type,min_value,max_value,mean_value,std_dev
height,484.0,24242.0,3664.8352661132812,3486.100744318304
terrain,91.0,251.0,204.05392456054688,21.852454002934397

metric,value
correlation,-0.35379895653174886
height_gradient_magnitude,332218.7265768051
terrain_gradient_magnitude,191.03690433502197
