data_type,min_value,max_value,mean_value,std_dev
height,0.0,28193.0,1651.389232635498,3130.0717500144997
terrain,100.0,251.0,205.25835800170898,25.954621636447452

metric,value
correlation,0.14813969461281465
height_gradient_magnitude,106943.23578834534
terrain_gradient_magnitude,46.63382625579834
