data_type,min_value,max_value,mean_value,std_dev
height,229.0,23737.0,2911.4460678100586,2491.887596697867
terrain,81.0,249.0,208.98561477661133,24.530872803980394

metric,value
correlation,-0.5346207015227558
height_gradient_magnitude,326557.1850337982
terrain_gradient_magnitude,254.72796630859375
