data_type,min_value,max_value,mean_value,std_dev
height,232.0,17530.0,4086.5184478759766,3101.5166488222662
terrain,92.0,252.0,195.02190017700195,18.429033749470754

metric,value
correlation,0.20647454376049745
height_gradient_magnitude,460117.8064393997
terrain_gradient_magnitude,271.45104122161865
