data_type,min_value,max_value,mean_value,std_dev
height,3.0,11820.0,2359.728645324707,1801.9980608726007
terrain,99.0,247.0,210.12247467041016,21.78100794462952

metric,value
correlation,0.1839395572029624
height_gradient_magnitude,122843.73043060303
terrain_gradient_magnitude,104.29864025115967
