data_type,min_value,max_value,mean_value,std_dev
height,2.0,10453.0,1888.812629699707,1691.62940276631
terrain,113.0,246.0,214.0368995666504,13.558703204249165

metric,value
correlation,-0.1838174435434135
height_gradient_magnitude,47612.744815826416
terrain_gradient_magnitude,68.23509883880615
