data_type,min_value,max_value,mean_value,std_dev
height,0.0,14222.0,1947.186679840088,2408.4394387056427
terrain,92.0,246.0,185.72814559936523,24.40269495481305

metric,value
correlation,-0.16595612570264603
height_gradient_magnitude,238973.59609508514
terrain_gradient_magnitude,176.47764492034912
