data_type,min_value,max_value,mean_value,std_dev
height,0.0,25088.0,2606.3985137939453,3590.6257706970823
terrain,86.0,250.0,192.84298706054688,26.53651470146012

metric,value
correlation,0.35850983517256163
height_gradient_magnitude,266390.99327659607
terrain_gradient_magnitude,117.01713562011719
