data_type,min_value,max_value,mean_value,std_dev
height,0.0,16696.0,1844.7580451965332,2699.2955686615246
terrain,99.0,249.0,181.1947021484375,19.405366238221507

metric,value
correlation,0.5849946548077894
height_gradient_magnitude,248029.5166015625
terrain_gradient_magnitude,156.8045015335083
