data_type,min_value,max_value,mean_value,std_dev
height,0.0,20991.0,1696.109706878662,2705.8028241911215
terrain,96.0,246.0,185.7337188720703,23.621865888096668

metric,value
correlation,0.5683990818614277
height_gradient_magnitude,152434.58800697327
terrain_gradient_magnitude,100.54921817779541
