data_type,min_value,max_value,mean_value,std_dev
height,249.0,16511.0,1845.367763519287,2003.957931920297
terrain,100.0,249.0,221.09093475341797,16.383578817885038

metric,value
correlation,-0.6005328412300968
height_gradient_magnitude,108603.80984783173
terrain_gradient_magnitude,74.73260498046875
