data_type,min_value,max_value,mean_value,std_dev
height,0.0,13711.0,2171.314422607422,2153.973942073966
terrain,79.0,248.0,191.61500930786133,25.333152697232006

metric,value
correlation,-0.22205469898219013
height_gradient_magnitude,237140.02523040771
terrain_gradient_magnitude,183.64041805267334
