data_type,min_value,max_value,mean_value,std_dev
height,0.0,255.0,168.45273001910346,74.48986894761059
terrain,103.0,200.0,164.92828794408163,13.62500203791752

metric,value
correlation,-0.2942935686718315
height_gradient_magnitude,2113.925359485835
terrain_gradient_magnitude,80.87776185821967
