data_type,min_value,max_value,mean_value,std_dev
height,5311.0,51849.0,32568.17561340332,4861.918971499244
terrain,84.0,255.0,201.75067901611328,34.22357366021688

metric,value
correlation,0.36098874769458716
height_gradient_magnitude,2681680.22108078
terrain_gradient_magnitude,715.6901302337646
