data_type,min_value,max_value,mean_value,std_dev
height,0.0,21997.0,3065.715721130371,3910.343111814748
terrain,93.0,251.0,193.7384910583496,26.55784582513297

metric,value
correlation,0.3156267763881749
height_gradient_magnitude,415460.5170135498
terrain_gradient_magnitude,184.59322357177734
