data_type,min_value,max_value,mean_value,std_dev
height,0.0,255.0,168.87550165119137,74.90221310295505
terrain,104.0,200.0,164.540531935374,13.863047521167694

metric,value
correlation,-0.302952348612858
height_gradient_magnitude,2100.2847916389
terrain_gradient_magnitude,81.74584055266781
