data_type,min_value,max_value,mean_value,std_dev
height,0.0,17942.0,333.8631172180176,1240.278687399256
terrain,95.0,254.0,170.7339210510254,11.085457419881259

metric,value
correlation,0.072846222496829
height_gradient_magnitude,221474.1464328766
terrain_gradient_magnitude,76.3705530166626
