data_type,min_value,max_value,mean_value,std_dev
height,5324.0,31160.0,13230.87493133545,4557.439748706853
terrain,92.0,252.0,213.04993057250977,18.339428311939784

metric,value
correlation,-0.4521315069919054
height_gradient_magnitude,308517.00167655945
terrain_gradient_magnitude,143.50326538085938
