data_type,min_value,max_value,mean_value,std_dev
height,148.0,26494.0,5912.576251983643,5869.54711159116
terrain,85.0,252.0,220.21158599853516,21.83473800468849

metric,value
correlation,-0.36396511208063903
height_gradient_magnitude,274380.7461977005
terrain_gradient_magnitude,172.28363800048828
