data_type,min_value,max_value,mean_value,std_dev
height,0.0,19560.0,1302.876564025879,2511.079570375355
terrain,98.0,250.0,188.29080200195312,26.387053249940422

metric,value
correlation,0.3800912435888241
height_gradient_magnitude,163162.21998119354
terrain_gradient_magnitude,66.37803840637207
