data_type,min_value,max_value,mean_value,std_dev
height,735.0,32256.0,10877.565601348877,5296.444893777035
terrain,78.0,251.0,182.67765045166016,29.095813244125768

metric,value
correlation,0.053020920419602255
height_gradient_magnitude,1465279.976322174
terrain_gradient_magnitude,520.8530550003052
