data_type,min_value,max_value,mean_value,std_dev
height,0.0,17567.0,2872.055793762207,3886.742897492887
terrain,99.0,246.0,185.87106704711914,22.43636879750891

metric,value
correlation,0.6722223956576169
height_gradient_magnitude,168231.58859348297
terrain_gradient_magnitude,88.44465255737305
