data_type,min_value,max_value,mean_value,std_dev
height,0.0,29609.0,4602.993190765381,3600.622289630601
terrain,93.0,255.0,192.78577041625977,26.431726575118905

metric,value
correlation,0.325305391777374
height_gradient_magnitude,979827.9915208817
terrain_gradient_magnitude,298.78783798217773
