data_type,min_value,max_value,mean_value,std_dev
height,0.0,21806.0,2462.3037033081055,3445.1707990359123
terrain,83.0,255.0,193.65333557128906,27.491923482977434

metric,value
correlation,0.36979057608579435
height_gradient_magnitude,178474.92608642578
terrain_gradient_magnitude,75.92665767669678
