data_type,min_value,max_value,mean_value,std_dev
height,51.0,52021.0,12182.717205047607,12524.061437649923
terrain,75.0,255.0,181.95405197143555,35.79239278110209

metric,value
correlation,-0.020185272032674482
height_gradient_magnitude,2642676.1102695465
terrain_gradient_magnitude,635.1317987442017
