data_type,min_value,max_value,mean_value,std_dev
height,3.0,13340.0,2397.71480178833,1319.0964540215512
terrain,88.0,250.0,189.17307662963867,18.602032558609604

metric,value
correlation,-0.3659922974678965
height_gradient_magnitude,94486.69961833954
terrain_gradient_magnitude,122.33064365386963
