data_type,min_value,max_value,mean_value,std_dev
height,0.0,28298.0,4293.054496765137,4018.370078875637
terrain,83.0,255.0,201.4526710510254,28.375858834312783

metric,value
correlation,-0.37131881399163663
height_gradient_magnitude,921253.9165506363
terrain_gradient_magnitude,366.5405626296997
