data_type,min_value,max_value,mean_value,std_dev
height,0.0,21535.0,4722.79630279541,4034.3002896753037
terrain,85.0,251.0,200.7961883544922,24.637116738306148

metric,value
correlation,-0.062710620679359
height_gradient_magnitude,559967.5650930405
terrain_gradient_magnitude,314.24688148498535
