data_type,min_value,max_value,mean_value,std_dev
height,0.0,17064.0,3225.0206604003906,3362.5026613382934
terrain,95.0,249.0,186.66747665405273,21.686916312458752

metric,value
correlation,0.20026037842753544
height_gradient_magnitude,452786.0803413391
terrain_gradient_magnitude,285.8909215927124
