data_type,min_value,max_value,mean_value,std_dev
height,1.0,46088.0,2872.001117706299,3903.169189219924
terrain,69.0,255.0,190.23536682128906,26.291742168982204

metric,value
correlation,0.3006340497422338
height_gradient_magnitude,1029536.7059593201
terrain_gradient_magnitude,413.90071201324463
