data_type,min_value,max_value,mean_value,std_dev
height,0.0,32379.0,7314.7470703125,6406.651366344821
terrain,88.0,255.0,195.51324462890625,27.066895443961364

metric,value
correlation,0.20489944028822213
height_gradient_magnitude,614257.7894239426
terrain_gradient_magnitude,254.2664270401001
