data_type,min_value,max_value,mean_value,std_dev
height,0.0,28274.0,4369.874740600586,5111.44468008295
terrain,78.0,255.0,174.37762451171875,23.806418952078854

metric,value
correlation,0.3079289876492019
height_gradient_magnitude,1813509.6902389526
terrain_gradient_magnitude,440.16584396362305
