data_type,min_value,max_value,mean_value,std_dev
height,0.0,19315.0,596.3369026184082,1774.2314521738901
terrain,93.0,249.0,175.56946563720703,17.479256791822863

metric,value
correlation,0.5097216415575073
height_gradient_magnitude,78077.01119422913
terrain_gradient_magnitude,43.0419864654541
