data_type,min_value,max_value,mean_value,std_dev
height,0.0,25867.0,1044.972541809082,3048.215103160126
terrain,79.0,251.0,173.6607322692871,15.521155354105625

metric,value
correlation,0.19516958935318154
height_gradient_magnitude,266087.49298000336
terrain_gradient_magnitude,110.80469036102295
