data_type,min_value,max_value,mean_value,std_dev
height,0.0,13135.0,454.79704666137695,1062.232204944976
terrain,80.0,253.0,184.57087326049805,20.694705986971556

metric,value
correlation,0.33297494638567426
height_gradient_magnitude,107583.93634223938
terrain_gradient_magnitude,82.99691677093506
