data_type,min_value,max_value,mean_value,std_dev
height,0.0,22307.0,2134.9336585998535,3906.9774391528877
terrain,64.0,255.0,173.0318145751953,21.71981142956656

metric,value
correlation,0.445011941172749
height_gradient_magnitude,1244436.983431816
terrain_gradient_magnitude,381.6426944732666
