data_type,min_value,max_value,mean_value,std_dev
height,4.0,16808.0,4449.4103355407715,2601.1674046470807
terrain,96.0,252.0,194.42804718017578,18.773774480725635

metric,value
correlation,0.11687660352004119
height_gradient_magnitude,467431.4345178604
terrain_gradient_magnitude,282.5821657180786
