data_type,min_value,max_value,mean_value,std_dev
height,3141.0,28851.0,13321.424373626709,4206.680918623976
terrain,89.0,253.0,202.25028228759766,24.45406121684531

metric,value
correlation,0.15825053428078203
height_gradient_magnitude,744580.7410964966
terrain_gradient_magnitude,381.759539604187
