data_type,min_value,max_value,mean_value,std_dev
height,0.0,16696.0,1271.4077110290527,2362.137448840405
terrain,101.0,254.0,190.08930206298828,25.67693900230837

metric,value
correlation,0.33118561066698915
height_gradient_magnitude,150209.58446025848
terrain_gradient_magnitude,83.39333438873291
