data_type,min_value,max_value,mean_value,std_dev
height,1084.0,21987.0,7553.16068649292,2883.653465295135
terrain,90.0,251.0,197.14701080322266,22.727246192373922

metric,value
correlation,0.09073478256083405
height_gradient_magnitude,862493.7796974182
terrain_gradient_magnitude,414.0572814941406
