data_type,min_value,max_value,mean_value,std_dev
height,4.0,19000.0,5513.24630355835,3597.86035992466
terrain,98.0,244.0,216.28933334350586,11.463436870313624

metric,value
correlation,0.08733037816573153
height_gradient_magnitude,79378.09911823273
terrain_gradient_magnitude,58.617204666137695
