data_type,min_value,max_value,mean_value,std_dev
height,1447.0,18870.0,6364.10164642334,2415.0486326494265
terrain,101.0,251.0,198.9495620727539,19.253626802277385

metric,value
correlation,0.21552740827965008
height_gradient_magnitude,445742.5987930298
terrain_gradient_magnitude,274.48553466796875
