data_type,min_value,max_value,mean_value,std_dev
height,0.0,13743.0,697.5295524597168,1156.3328000485603
terrain,99.0,251.0,226.9901123046875,16.333021840088072

metric,value
correlation,-0.2603651536184865
height_gradient_magnitude,57871.60256481171
terrain_gradient_magnitude,68.12545776367188
