data_type,min_value,max_value,mean_value,std_dev
height,0.0,18596.0,262.7182083129883,1079.4211357184254
terrain,96.0,255.0,173.07322692871094,15.003392705088505

metric,value
correlation,0.2815637758723739
height_gradient_magnitude,176630.33418273926
terrain_gradient_magnitude,100.4083309173584
