data_type,min_value,max_value,mean_value,std_dev
height,4.0,21918.0,6076.342575073242,3315.181819474663
terrain,101.0,253.0,203.33495330810547,21.883840384577802

metric,value
correlation,0.14155479648487523
height_gradient_magnitude,737616.1136369705
terrain_gradient_magnitude,385.64740657806396
