data_type,min_value,max_value,mean_value,std_dev
height,0.0,6933.0,598.0964622497559,1107.9683058708251
terrain,109.0,243.0,176.83151626586914,14.30087215443777

metric,value
correlation,0.6377254376861056
height_gradient_magnitude,50021.631583213806
terrain_gradient_magnitude,46.54960918426514
