data_type,min_value,max_value,mean_value,std_dev
height,240.0,7762.0,3278.958251953125,1063.2586525361328
terrain,107.0,247.0,195.7868766784668,15.595765376992674

metric,value
correlation,0.2938146853177016
height_gradient_magnitude,190303.85107898712
terrain_gradient_magnitude,159.96146202087402
