data_type,min_value,max_value,mean_value,std_dev
height,10.0,7624.0,3025.795440673828,1251.4676321246345
terrain,107.0,248.0,196.02288055419922,15.554033513397854

metric,value
correlation,0.2141416854360012
height_gradient_magnitude,185102.17300510406
terrain_gradient_magnitude,152.95038986206055
