data_type,min_value,max_value,mean_value,std_dev
height,0.0,24857.0,1046.6236763000488,2336.0616002144575
terrain,86.0,251.0,181.1069107055664,23.118455587282902

metric,value
correlation,0.3572619423562335
height_gradient_magnitude,233143.49780082703
terrain_gradient_magnitude,94.19160079956055
