data_type,min_value,max_value,mean_value,std_dev
height,744.0,14688.0,3455.1148109436035,1916.7062073955956
terrain,106.0,247.0,194.23982620239258,15.046482210696821

metric,value
correlation,0.24327744158463965
height_gradient_magnitude,228609.7484817505
terrain_gradient_magnitude,156.02044773101807
