data_type,min_value,max_value,mean_value,std_dev
height,0.0,12459.0,356.4875717163086,973.7515036487035
terrain,95.0,246.0,175.59541702270508,14.663986192395384

metric,value
correlation,0.4234066440436761
height_gradient_magnitude,66792.61088562012
terrain_gradient_magnitude,50.970255851745605
