data_type,min_value,max_value,mean_value,std_dev
height,617.0,12431.0,2764.7128257751465,1354.4173603022264
terrain,106.0,246.0,194.4791030883789,13.08466696355364

metric,value
correlation,0.16322045235639754
height_gradient_magnitude,116591.66546154022
terrain_gradient_magnitude,102.71127414703369
