data_type,min_value,max_value,mean_value,std_dev
height,0.0,23067.0,1662.6172370910645,3301.23555881989
terrain,81.0,251.0,181.60505294799805,22.310599361805583

metric,value
correlation,0.05575885194415203
height_gradient_magnitude,420018.7457456589
terrain_gradient_magnitude,218.93534755706787
