data_type,min_value,max_value,mean_value,std_dev
height,0.0,9669.0,947.9168663024902,1272.7441925283001
terrain,95.0,247.0,177.72304916381836,12.754456895586706

metric,value
correlation,0.33990256135316965
height_gradient_magnitude,68224.43542194366
terrain_gradient_magnitude,63.7699089050293
