data_type,min_value,max_value,mean_value,std_dev
height,0.0,28311.0,6889.029228210449,4181.875334683567
terrain,99.0,248.0,215.3862533569336,21.945004675762945

metric,value
correlation,0.03225616316272077
height_gradient_magnitude,263401.0980787277
terrain_gradient_magnitude,125.91214179992676
