data_type,min_value,max_value,mean_value,std_dev
height,0.0,18610.0,1395.3423080444336,2050.3916913889775
terrain,88.0,253.0,191.73187255859375,25.543693646463193

metric,value
correlation,0.46173962681943453
height_gradient_magnitude,313762.0539150238
terrain_gradient_magnitude,188.20948314666748
