data_type,min_value,max_value,mean_value,std_dev
height,0.0,255.0,169.9567950597539,74.50586743923812
terrain,111.0,201.0,164.76667110933406,13.591047882784629

metric,value
correlation,-0.29975212505221127
height_gradient_magnitude,2100.1773235150386
terrain_gradient_magnitude,80.2740237238438
