data_type,min_value,max_value,mean_value,std_dev
height,0.0,255.0,169.1212403927318,74.23697819957034
terrain,112.0,201.0,165.2141661853777,13.75010139536526

metric,value
correlation,-0.30009611489760313
height_gradient_magnitude,2124.7167003568943
terrain_gradient_magnitude,82.19816332726168
