data_type,min_value,max_value,mean_value,std_dev
height,2.0,21988.0,8586.549335479736,3523.5237010874544
terrain,69.0,255.0,186.40876388549805,24.76950336734995

metric,value
correlation,0.1643434854708197
height_gradient_magnitude,1490876.4430084229
terrain_gradient_magnitude,484.86660289764404
