data_type,min_value,max_value,mean_value,std_dev
height,0.0,12771.0,255.48625946044922,1038.883949364261
terrain,94.0,242.0,170.03662109375,7.172448478160003

metric,value
correlation,0.21159093710768986
height_gradient_magnitude,39641.14671039581
terrain_gradient_magnitude,26.686205863952637
