data_type,min_value,max_value,mean_value,std_dev
height,3.0,14930.0,2424.901870727539,1911.1784860545388
terrain,89.0,247.0,196.3648796081543,18.774510946454388

metric,value
correlation,-0.3227629805982502
height_gradient_magnitude,114682.38361740112
terrain_gradient_magnitude,164.12829875946045
