data_type,min_value,max_value,mean_value,std_dev
height,0.0,11857.0,305.7580451965332,1276.7905050254094
terrain,101.0,248.0,173.8879737854004,15.451371374179661

metric,value
correlation,0.48945555598880075
height_gradient_magnitude,34443.729190826416
terrain_gradient_magnitude,27.99592685699463
