data_type,min_value,max_value,mean_value,std_dev
height,57.0,29151.0,7844.117336273193,6369.889446274085
terrain,93.0,252.0,216.9981918334961,23.105756775773813

metric,value
correlation,-0.4396260888789775
height_gradient_magnitude,626736.4125699997
terrain_gradient_magnitude,209.87383651733398
