data_type,min_value,max_value,mean_value,std_dev
height,4.0,17025.0,6280.794841766357,3589.7244526630666
terrain,98.0,246.0,206.63980102539062,19.189325060404958

metric,value
correlation,0.37430418893185896
height_gradient_magnitude,215292.62099456787
terrain_gradient_magnitude,104.13952445983887
