data_type,min_value,max_value,mean_value,std_dev
height,3.0,9353.0,3495.801483154297,1739.5851107844362
terrain,93.0,239.0,185.1973876953125,14.94421776691982

metric,value
correlation,0.37810504569130116
height_gradient_magnitude,104036.23961353302
terrain_gradient_magnitude,95.30635738372803
