data_type,min_value,max_value,mean_value,std_dev
height,1500.0,37917.0,8093.5502281188965,6097.868050960472
terrain,80.0,255.0,212.4531707763672,21.660299354630638

metric,value
correlation,-0.33167160456285677
height_gradient_magnitude,638563.1281967163
terrain_gradient_magnitude,203.81653785705566
