data_type,min_value,max_value,mean_value,std_dev
height,0.0,21301.0,7947.566734313965,4276.529204697393
terrain,59.0,255.0,181.61297225952148,29.341906558601067

metric,value
correlation,0.22074459831198434
height_gradient_magnitude,2121955.662788391
terrain_gradient_magnitude,715.0791845321655
