data_type,min_value,max_value,mean_value,std_dev
height,0.0,22008.0,728.8656539916992,1533.2969339118554
terrain,86.0,255.0,195.91936492919922,33.408710473248696

metric,value
correlation,0.3344266027025074
height_gradient_magnitude,60923.46206951141
terrain_gradient_magnitude,26.07911968231201
