data_type,min_value,max_value,mean_value,std_dev
height,0.0,14118.0,723.4039421081543,1506.5960213441501
terrain,87.0,248.0,184.3663444519043,19.234632140293012

metric,value
correlation,0.0006718797081201811
height_gradient_magnitude,128052.0969953537
terrain_gradient_magnitude,86.63711452484131
