data_type,min_value,max_value,mean_value,std_dev
height,1157.0,21388.0,7495.167861938477,2831.0400097601864
terrain,91.0,251.0,197.25039291381836,22.750363815209703

metric,value
correlation,0.0791883256117739
height_gradient_magnitude,833284.4627094269
terrain_gradient_magnitude,416.46201515197754
