data_type,min_value,max_value,mean_value,std_dev
height,0.0,255.0,168.45723932649162,75.99298730388143
terrain,112.0,200.0,163.6926784841619,14.093444722712578

metric,value
correlation,-0.3063024442058029
height_gradient_magnitude,1587.7989618967229
terrain_gradient_magnitude,70.22453611148133
