data_type,min_value,max_value,mean_value,std_dev
height,0.0,21410.0,2774.5067443847656,3197.8605476270673
terrain,90.0,250.0,197.80096054077148,26.598631483607388

metric,value
correlation,0.014604275621874026
height_gradient_magnitude,484148.1430969238
terrain_gradient_magnitude,201.32123947143555
