data_type,min_value,max_value,mean_value,std_dev
height,0.0,255.0,168.58580271595065,74.75071356441254
terrain,101.0,202.0,165.07363721178194,13.786910705169284

metric,value
correlation,-0.3010313183524476
height_gradient_magnitude,2085.8942441541903
terrain_gradient_magnitude,80.71562671227805
