data_type,min_value,max_value,mean_value,std_dev
height,2040.0,47784.0,24688.781242370605,9408.575759289766
terrain,95.0,255.0,206.7531280517578,26.777183869288546

metric,value
correlation,0.19198550046813817
height_gradient_magnitude,886681.4598989487
terrain_gradient_magnitude,324.6797790527344
