data_type,min_value,max_value,mean_value,std_dev
height,3.0,22420.0,247.89728927612305,1157.274866976278
terrain,103.0,249.0,170.76056671142578,9.109044949859712

metric,value
correlation,0.2774821013836138
height_gradient_magnitude,77225.18462753296
terrain_gradient_magnitude,29.825242042541504
