data_type,min_value,max_value,mean_value,std_dev
height,0.0,11243.0,665.2330665588379,1090.1018264687536
terrain,98.0,245.0,176.8904685974121,11.64442740579835

metric,value
correlation,0.32040474181118433
height_gradient_magnitude,33179.5916929245
terrain_gradient_magnitude,42.60104179382324
