data_type,min_value,max_value,mean_value,std_dev
height,529.0,6593.0,2141.7098808288574,1023.5194162942571
terrain,98.0,248.0,196.05755615234375,24.51497360679124

metric,value
correlation,0.11289960860287372
height_gradient_magnitude,38866.31950092316
terrain_gradient_magnitude,110.60942459106445
