data_type,min_value,max_value,mean_value,std_dev
height,41.0,11742.0,2315.400135040283,1151.2941872194708
terrain,108.0,249.0,216.44781112670898,14.35563137716457

metric,value
correlation,-0.4682090325953513
height_gradient_magnitude,53055.15169811249
terrain_gradient_magnitude,71.71209526062012
