data_type,min_value,max_value,mean_value,std_dev
height,0.0,11371.0,818.2948303222656,1480.7587008167063
terrain,105.0,252.0,183.08302688598633,21.53816950592232

metric,value
correlation,0.6767040139080718
height_gradient_magnitude,134763.4304971695
terrain_gradient_magnitude,81.45392417907715
