data_type,min_value,max_value,mean_value,std_dev
height,3.0,30671.0,1418.4367599487305,3632.0961992581233
terrain,92.0,249.0,182.27729034423828,24.331110934524883

metric,value
correlation,0.416249299440149
height_gradient_magnitude,116455.263879776
terrain_gradient_magnitude,44.403557777404785
