data_type,min_value,max_value,mean_value,std_dev
height,0.0,36143.0,3751.324981689453,6309.529857362665
terrain,90.0,255.0,194.79979705810547,28.964204924181278

metric,value
correlation,0.08473171351207598
height_gradient_magnitude,614796.3514347076
terrain_gradient_magnitude,190.17106342315674
