data_type,min_value,max_value,mean_value,std_dev
height,2834.0,33480.0,9142.417747497559,5258.727869396634
terrain,99.0,252.0,212.0122184753418,19.272537104199262

metric,value
correlation,-0.09473417243862924
height_gradient_magnitude,376827.44543743134
terrain_gradient_magnitude,125.8106517791748
