data_type,min_value,max_value,mean_value,std_dev
height,5653.0,43922.0,19903.245708465576,8680.69213214896
terrain,96.0,255.0,218.91216659545898,18.607213751921513

metric,value
correlation,-0.26656473506962364
height_gradient_magnitude,364890.0721693039
terrain_gradient_magnitude,137.87122535705566
