data_type,min_value,max_value,mean_value,std_dev
height,0.0,255.0,169.53238704518193,74.00215765597281
terrain,112.0,202.0,165.37025189924032,13.659958739296014

metric,value
correlation,-0.29396183568775397
height_gradient_magnitude,2167.66586883765
terrain_gradient_magnitude,83.00410206287856
