data_type,min_value,max_value,mean_value,std_dev
height,0.0,255.0,168.7642424511677,75.73059907052219
terrain,112.0,200.0,163.61782694329676,13.979643209811673

metric,value
correlation,-0.30900310641701656
height_gradient_magnitude,1579.5910598723474
terrain_gradient_magnitude,71.9798599078887
