data_type,min_value,max_value,mean_value,std_dev
height,256.0,14521.0,2669.1762924194336,1570.356894026184
terrain,102.0,249.0,192.92258834838867,12.55663653667547

metric,value
correlation,0.05436903696722241
height_gradient_magnitude,131038.42429065704
terrain_gradient_magnitude,109.78712940216064
