data_type,min_value,max_value,mean_value,std_dev
height,0.0,255.0,168.08137485746443,74.29575857811707
terrain,99.0,201.0,165.01232840197255,13.8023940877561

metric,value
correlation,-0.3131610327399837
height_gradient_magnitude,2098.3664108430703
terrain_gradient_magnitude,81.21219845395176
