data_type,min_value,max_value,mean_value,std_dev
height,0.0,20347.0,824.4877243041992,1884.1235453867573
terrain,90.0,253.0,180.13003540039062,21.520947152859435

metric,value
correlation,0.37630752015824503
height_gradient_magnitude,154791.2441625595
terrain_gradient_magnitude,102.75076675415039
