data_type,min_value,max_value,mean_value,std_dev
height,0.0,21268.0,688.9583587646484,2092.439391565256
terrain,84.0,248.0,175.0495147705078,18.10495858090298

metric,value
correlation,0.08612685268177539
height_gradient_magnitude,187459.58395385742
terrain_gradient_magnitude,81.34939861297607
