data_type,min_value,max_value,mean_value,std_dev
height,0.0,255.0,167.90534156707687,75.34049226745046
terrain,112.0,201.0,163.70064566765888,13.961607244298943

metric,value
correlation,-0.3144870914405575
height_gradient_magnitude,1569.0457520695425
terrain_gradient_magnitude,69.32156026478297
