data_type,min_value,max_value,mean_value,std_dev
height,0.0,32453.0,1684.9174118041992,3621.955728169722
terrain,62.0,255.0,173.83910369873047,20.563543666875976

metric,value
correlation,0.4591158167118829
height_gradient_magnitude,914906.5655250549
terrain_gradient_magnitude,271.23051738739014
