data_type,min_value,max_value,mean_value,std_dev
height,0.0,12161.0,2377.249336242676,2444.8767487903833
terrain,104.0,247.0,203.89458847045898,26.009247687759427

metric,value
correlation,0.38467922993804615
height_gradient_magnitude,132111.2358198166
terrain_gradient_magnitude,95.16436195373535
