data_type,min_value,max_value,mean_value,std_dev
height,0.0,17426.0,3407.784854888916,3483.039134571577
terrain,93.0,250.0,187.18304443359375,22.20120673773827

metric,value
correlation,0.30076829924188053
height_gradient_magnitude,468261.22519111633
terrain_gradient_magnitude,292.5798053741455
