data_type,min_value,max_value,mean_value,std_dev
height,0.0,18172.0,288.6579246520996,1093.3589630330314
terrain,95.0,255.0,173.51043319702148,15.377080942794425

metric,value
correlation,0.2567715420175358
height_gradient_magnitude,190019.14970493317
terrain_gradient_magnitude,108.61159324645996
