data_type,min_value,max_value,mean_value,std_dev
height,1.0,25351.0,379.60425186157227,1405.125958463521
terrain,103.0,244.0,173.4091453552246,14.31548189841389

metric,value
correlation,0.3963072192138438
height_gradient_magnitude,90216.84158420563
terrain_gradient_magnitude,44.20096683502197
