data_type,min_value,max_value,mean_value,std_dev
height,460.0,19090.0,1955.2839393615723,2014.6134744949081
terrain,97.0,249.0,214.41781616210938,16.601369189062545

metric,value
correlation,-0.2870835453044896
height_gradient_magnitude,98738.63057613373
terrain_gradient_magnitude,87.44456005096436
