data_type,min_value,max_value,mean_value,std_dev
height,0.0,23454.0,3748.1986198425293,3315.9038243499062
terrain,92.0,255.0,210.31795501708984,29.50806655830658

metric,value
correlation,0.5549134540095133
height_gradient_magnitude,100967.97686195374
terrain_gradient_magnitude,65.79262638092041
