data_type,min_value,max_value,mean_value,std_dev
height,0.0,52005.0,9788.102252960205,11535.195771619408
terrain,91.0,255.0,186.972900390625,28.18055328126339

metric,value
correlation,0.1859193515530289
height_gradient_magnitude,1238092.5286245346
terrain_gradient_magnitude,313.22687244415283
