data_type,min_value,max_value,mean_value,std_dev
height,0.0,27246.0,251.46188735961914,1285.093524844203
terrain,102.0,246.0,177.18758392333984,17.779163284884124

metric,value
correlation,0.16425288862764442
height_gradient_magnitude,48766.39918422699
terrain_gradient_magnitude,31.402292251586914
