data_type,min_value,max_value,mean_value,std_dev
height,0.0,16357.0,2167.339168548584,2171.8587916903643
terrain,78.0,249.0,201.02397918701172,27.465703021751672

metric,value
correlation,-0.4333573679684365
height_gradient_magnitude,505868.73479270935
terrain_gradient_magnitude,330.6508026123047
