data_type,min_value,max_value,mean_value,std_dev
height,1759.0,43682.0,15058.447856903076,8586.802448920123
terrain,85.0,255.0,207.0439338684082,31.013653425757653

metric,value
correlation,-0.344753495459096
height_gradient_magnitude,1274291.644560814
terrain_gradient_magnitude,446.82624435424805
