data_type,min_value,max_value,mean_value,std_dev
height,1.0,11341.0,1890.8976135253906,1925.7270380418856
terrain,103.0,249.0,204.26604080200195,25.077841540364926

metric,value
correlation,0.4466331612183129
height_gradient_magnitude,67366.10364723206
terrain_gradient_magnitude,60.502379417419434
