data_type,min_value,max_value,mean_value,std_dev
height,0.0,9113.0,2172.6572303771973,1735.4249992896457
terrain,103.0,242.0,183.40623092651367,14.794370098828521

metric,value
correlation,0.4718907785588049
height_gradient_magnitude,84822.23394680023
terrain_gradient_magnitude,77.93864917755127
