data_type,min_value,max_value,mean_value,std_dev
height,0.0,14168.0,755.4362869262695,1651.3654311948546
terrain,85.0,248.0,173.9137077331543,15.525092331693944

metric,value
correlation,0.11648091310221133
height_gradient_magnitude,182626.02142715454
terrain_gradient_magnitude,118.25520420074463
