data_type,min_value,max_value,mean_value,std_dev
height,4.0,20452.0,8233.50002670288,3519.3642265836434
terrain,69.0,255.0,188.7900276184082,23.350667068314085

metric,value
correlation,0.209079922111942
height_gradient_magnitude,1292270.5686626434
terrain_gradient_magnitude,410.20420932769775
