data_type,min_value,max_value,mean_value,std_dev
height,1940.0,22597.0,8695.302547454834,3357.313826604352
terrain,104.0,247.0,212.55517196655273,17.70851294848292

metric,value
correlation,0.21786620039564225
height_gradient_magnitude,203910.22772789001
terrain_gradient_magnitude,93.31500625610352
