data_type,min_value,max_value,mean_value,std_dev
height,664.0,22623.0,5528.980899810791,4135.175023144226
terrain,84.0,250.0,193.12786483764648,22.316689926398983

metric,value
correlation,-0.12865838274528438
height_gradient_magnitude,550082.2513532639
terrain_gradient_magnitude,282.8985404968262
