data_type,min_value,max_value,mean_value,std_dev
height,0.0,18854.0,202.57245254516602,876.342981413122
terrain,77.0,255.0,172.26004791259766,11.981778064057007

metric,value
correlation,0.5566094853108684
height_gradient_magnitude,117968.84358882904
terrain_gradient_magnitude,57.34246063232422
