data_type,min_value,max_value,mean_value,std_dev
height,0.0,39264.0,10124.077140808105,7695.4514391798875
terrain,79.0,255.0,209.39235305786133,23.57641371362085

metric,value
correlation,-0.36751992515615456
height_gradient_magnitude,795944.0818367004
terrain_gradient_magnitude,243.59714794158936
