data_type,min_value,max_value,mean_value,std_dev
height,0.0,17850.0,331.20447158813477,1151.0620029282777
terrain,75.0,255.0,173.8216781616211,14.463805988839763

metric,value
correlation,0.5445471271640726
height_gradient_magnitude,167660.77558517456
terrain_gradient_magnitude,75.52925682067871
