data_type,min_value,max_value,mean_value,std_dev
height,0.0,18539.0,2358.0071411132812,3506.704599125151
terrain,91.0,255.0,181.92676544189453,22.08207789648326

metric,value
correlation,0.5517982810142824
height_gradient_magnitude,648332.8867683411
terrain_gradient_magnitude,215.60324573516846
