data_type,min_value,max_value,mean_value,std_dev
height,0.0,16536.0,482.5768585205078,1398.4401826902495
terrain,88.0,249.0,174.29155349731445,15.032777432848436

metric,value
correlation,0.31179719019755764
height_gradient_magnitude,100166.69222259521
terrain_gradient_magnitude,61.08661079406738
