data_type,min_value,max_value,mean_value,std_dev
height,0.0,13328.0,3516.80997467041,2650.4545187697886
terrain,99.0,242.0,206.8036994934082,17.838187084823737

metric,value
correlation,-0.08929135005374099
height_gradient_magnitude,101011.19688892365
terrain_gradient_magnitude,108.4162425994873
