data_type,min_value,max_value,mean_value,std_dev
height,0.0,4947.0,152.40657806396484,422.91266305860444
terrain,100.0,247.0,180.15313339233398,19.420518112719012

metric,value
correlation,0.4638305615190417
height_gradient_magnitude,6833.978633880615
terrain_gradient_magnitude,53.859801292419434
