data_type,min_value,max_value,mean_value,std_dev
height,0.0,28114.0,6352.6211585998535,5103.571590817249
terrain,91.0,251.0,206.52264404296875,21.872211525760065

metric,value
correlation,0.39492244541156285
height_gradient_magnitude,240612.0183019638
terrain_gradient_magnitude,92.03101921081543
