data_type,min_value,max_value,mean_value,std_dev
height,861.0,50518.0,10881.894973754883,10028.837770705513
terrain,93.0,254.0,208.01538467407227,26.16672632961789

metric,value
correlation,-0.4377958972176275
height_gradient_magnitude,1160103.672873497
terrain_gradient_magnitude,268.3965435028076
