data_type,min_value,max_value,mean_value,std_dev
height,0.0,20685.0,1335.4027938842773,2654.48158482745
terrain,90.0,250.0,182.11279296875,23.447611176511614

metric,value
correlation,0.3256693320660338
height_gradient_magnitude,303843.6908531189
terrain_gradient_magnitude,119.34103012084961
