data_type,min_value,max_value,mean_value,std_dev
height,0.0,7772.0,656.5076484680176,1155.5218158953046
terrain,95.0,250.0,184.01251983642578,20.66276661353164

metric,value
correlation,0.23902905090069765
height_gradient_magnitude,36631.19858455658
terrain_gradient_magnitude,99.85453414916992
