data_type,min_value,max_value,mean_value,std_dev
height,673.0,32645.0,6988.562534332275,5794.997425306824
terrain,87.0,254.0,201.3239288330078,25.89574255244656

metric,value
correlation,-0.31451131624384143
height_gradient_magnitude,819585.1717672348
terrain_gradient_magnitude,362.88961601257324
