data_type,min_value,max_value,mean_value,std_dev
height,0.0,29729.0,2892.5137901306152,4519.205441137502
terrain,103.0,253.0,226.14466857910156,20.772390174479547

metric,value
correlation,-0.36179663788672084
height_gradient_magnitude,238966.9298210144
terrain_gradient_magnitude,83.42172718048096
