data_type,min_value,max_value,mean_value,std_dev
height,4.0,19148.0,3944.8067665100098,3347.621345801913
terrain,99.0,252.0,189.56024551391602,22.0940477099268

metric,value
correlation,0.41646572770184304
height_gradient_magnitude,516109.98295497894
terrain_gradient_magnitude,294.98840141296387
