data_type,min_value,max_value,mean_value,std_dev
height,1026.0,47055.0,13435.706272125244,13641.785137996692
terrain,95.0,254.0,201.0819320678711,26.2086096749945

metric,value
correlation,0.1334011771651794
height_gradient_magnitude,973634.7439365387
terrain_gradient_magnitude,261.32994174957275
