data_type,min_value,max_value,mean_value,std_dev
height,0.0,30203.0,4044.5777282714844,3497.864812913867
terrain,110.0,247.0,212.32923889160156,15.870720960943396

metric,value
correlation,-0.19644436381348668
height_gradient_magnitude,81189.46188259125
terrain_gradient_magnitude,46.87442207336426
