data_type,min_value,max_value,mean_value,std_dev
height,2.0,9850.0,1864.1646308898926,1711.2421226415172
terrain,88.0,250.0,190.48276138305664,22.383126267390818

metric,value
correlation,0.020560450403761105
height_gradient_magnitude,109236.34356975555
terrain_gradient_magnitude,181.1203088760376
