data_type,min_value,max_value,mean_value,std_dev
height,2.0,32854.0,4793.196659088135,4972.0767413431695
terrain,80.0,255.0,178.66122436523438,28.06065474823878

metric,value
correlation,0.12662217707877083
height_gradient_magnitude,1799526.8400793076
terrain_gradient_magnitude,472.2527780532837
