data_type,min_value,max_value,mean_value,std_dev
height,0.0,25479.0,421.7815971374512,1427.4942063312985
terrain,89.0,253.0,173.81832122802734,14.718950516202705

metric,value
correlation,0.530109852068882
height_gradient_magnitude,134913.50165367126
terrain_gradient_magnitude,58.8940954208374
