data_type,min_value,max_value,mean_value,std_dev
height,1921.0,39136.0,10346.341564178467,6990.069392363744
terrain,86.0,255.0,208.3282699584961,23.25167061798399

metric,value
correlation,-0.37591929334459234
height_gradient_magnitude,707133.6614217758
terrain_gradient_magnitude,253.11120319366455
