data_type,min_value,max_value,mean_value,std_dev
height,3013.0,23134.0,4853.054824829102,3134.313024519686
terrain,107.0,251.0,222.42021942138672,13.476962951050329

metric,value
correlation,-0.5925874726604953
height_gradient_magnitude,102031.7033624649
terrain_gradient_magnitude,49.55186462402344
