data_type,min_value,max_value,mean_value,std_dev
height,394.0,29908.0,10699.16550064087,4235.010333672949
terrain,83.0,250.0,184.6878776550293,29.27149791782853

metric,value
correlation,0.2049355743571924
height_gradient_magnitude,1354004.5183792114
terrain_gradient_magnitude,527.5213479995728
