data_type,min_value,max_value,mean_value,std_dev
height,0.0,30664.0,13731.959697723389,3953.972981792948
terrain,93.0,255.0,210.47323989868164,22.10118314915041

metric,value
correlation,-0.2341528824578684
height_gradient_magnitude,548209.7039575577
terrain_gradient_magnitude,220.0153284072876
