data_type,min_value,max_value,mean_value,std_dev
height,0.0,255.0,169.58977890325352,74.03449202186553
terrain,112.0,201.0,165.18641432315962,13.436302948357772

metric,value
correlation,-0.30490211851171456
height_gradient_magnitude,2130.3925189183587
terrain_gradient_magnitude,81.09455847290714
