data_type,min_value,max_value,mean_value,std_dev
height,0.0,20873.0,1604.9690170288086,2995.128323572918
terrain,86.0,252.0,181.96289443969727,23.371393757787423

metric,value
correlation,0.3072893332900035
height_gradient_magnitude,467218.53147411346
terrain_gradient_magnitude,160.839861869812
