data_type,min_value,max_value,mean_value,std_dev
height,4.0,32778.0,8290.329036712646,3793.8841455131683
terrain,68.0,255.0,189.51993560791016,26.490389525544767

metric,value
correlation,0.31456408109459216
height_gradient_magnitude,1714875.6869812012
terrain_gradient_magnitude,504.2576780319214
