data_type,min_value,max_value,mean_value,std_dev
height,0.0,9604.0,2741.862434387207,1936.9457867579026
terrain,92.0,246.0,181.39300918579102,14.84944216886335

metric,value
correlation,0.2718785367285583
height_gradient_magnitude,137515.94115924835
terrain_gradient_magnitude,113.40974140167236
