data_type,min_value,max_value,mean_value,std_dev
height,0.0,19105.0,1135.1976928710938,1864.8074789589957
terrain,89.0,252.0,188.68328475952148,24.58069817556046

metric,value
correlation,0.4230266069673056
height_gradient_magnitude,273667.0590581894
terrain_gradient_magnitude,153.2580680847168
