data_type,min_value,max_value,mean_value,std_dev
height,549.0,32803.0,11358.267421722412,4958.002403385621
terrain,84.0,252.0,198.8789291381836,27.29072882966717

metric,value
correlation,-0.004404616930283737
height_gradient_magnitude,1187272.2668819427
terrain_gradient_magnitude,464.0288677215576
