data_type,min_value,max_value,mean_value,std_dev
height,615.0,21877.0,9418.97208404541,2645.3589296132373
terrain,98.0,251.0,214.44520568847656,14.790208347561709

metric,value
correlation,-0.21116638294302983
height_gradient_magnitude,204274.79235363007
terrain_gradient_magnitude,120.89280414581299
