data_type,min_value,max_value,mean_value,std_dev
height,1118.0,47833.0,15102.023349761963,13641.768156189131
terrain,95.0,255.0,205.32796096801758,24.606750015918166

metric,value
correlation,-0.04097046039879531
height_gradient_magnitude,651977.5620107651
terrain_gradient_magnitude,245.47518825531006
