data_type,min_value,max_value,mean_value,std_dev
height,4.0,17782.0,4475.873138427734,3070.411977821692
terrain,91.0,253.0,199.28957748413086,23.261065475746456

metric,value
correlation,0.3081531900252332
height_gradient_magnitude,577497.1478004456
terrain_gradient_magnitude,324.39440155029297
