data_type,min_value,max_value,mean_value,std_dev
height,0.0,29349.0,6161.597827911377,5064.667105682752
terrain,90.0,252.0,204.21646118164062,27.55654553141075

metric,value
correlation,0.4153589872937911
height_gradient_magnitude,407168.5604877472
terrain_gradient_magnitude,170.51821899414062
