data_type,min_value,max_value,mean_value,std_dev
height,1.0,20121.0,7244.870666503906,2307.544664228055
terrain,99.0,254.0,223.572265625,15.674074667064119

metric,value
correlation,0.015010178078225665
height_gradient_magnitude,81723.34803771973
terrain_gradient_magnitude,46.24117183685303
