data_type,min_value,max_value,mean_value,std_dev
height,342.0,21611.0,5379.38960647583,3708.883905197428
terrain,92.0,252.0,197.50651168823242,20.737886398288676

metric,value
correlation,0.2276681144439878
height_gradient_magnitude,600153.2677078247
terrain_gradient_magnitude,341.95328521728516
