data_type,min_value,max_value,mean_value,std_dev
height,0.0,26396.0,502.9129104614258,1940.937424595633
terrain,103.0,240.0,172.25355529785156,11.130176614774275

metric,value
correlation,0.31221787338104007
height_gradient_magnitude,86026.90731620789
terrain_gradient_magnitude,35.82491683959961
