data_type,min_value,max_value,mean_value,std_dev
height,67.0,41818.0,2172.0484924316406,3604.14224392805
terrain,101.0,247.0,218.4154167175293,14.586615969570088

metric,value
correlation,-0.37812221848644756
height_gradient_magnitude,122333.48924636841
terrain_gradient_magnitude,60.83392524719238
