data_type,min_value,max_value,mean_value,std_dev
height,0.0,32537.0,10041.399368286133,6317.52906001414
terrain,85.0,255.0,206.8188133239746,24.39112697489544

metric,value
correlation,-0.14615966047967163
height_gradient_magnitude,660897.6924057007
terrain_gradient_magnitude,249.99876308441162
