data_type,min_value,max_value,mean_value,std_dev
height,0.0,26050.0,374.6720771789551,1578.1018425911682
terrain,103.0,245.0,174.93109512329102,16.35905838026483

metric,value
correlation,0.2894825782004506
height_gradient_magnitude,82511.00513648987
terrain_gradient_magnitude,35.857154846191406
