data_type,min_value,max_value,mean_value,std_dev
height,2314.0,32432.0,11996.055908203125,5818.681259141472
terrain,94.0,254.0,207.31078338623047,20.95087831950532

metric,value
correlation,-0.29353168001419355
height_gradient_magnitude,516211.24709892273
terrain_gradient_magnitude,212.67630767822266
