data_type,min_value,max_value,mean_value,std_dev
height,0.0,25254.0,3316.1414337158203,4108.038773656518
terrain,107.0,248.0,200.81550979614258,27.840039452346087

metric,value
correlation,0.4564073809858579
height_gradient_magnitude,230629.1304731369
terrain_gradient_magnitude,107.13199138641357
