data_type,min_value,max_value,mean_value,std_dev
height,1.0,22325.0,3378.426597595215,2423.5930774268695
terrain,103.0,244.0,208.6827507019043,17.592573376529945

metric,value
correlation,0.2508706378024918
height_gradient_magnitude,89836.33815097809
terrain_gradient_magnitude,64.33632850646973
