data_type,min_value,max_value,mean_value,std_dev
height,4.0,33473.0,9697.92646408081,4222.412682216845
terrain,79.0,254.0,185.4951629638672,31.88479486901883

metric,value
correlation,-0.08111722253795199
height_gradient_magnitude,2177345.3989486694
terrain_gradient_magnitude,621.7427549362183
