data_type,min_value,max_value,mean_value,std_dev
height,0.0,11218.0,249.15265274047852,785.5394254980118
terrain,95.0,248.0,176.04861450195312,15.988939569937646

metric,value
correlation,0.2042766528064389
height_gradient_magnitude,60397.06653690338
terrain_gradient_magnitude,48.21148490905762
