data_type,min_value,max_value,mean_value,std_dev
height,0.0,21656.0,2491.9086532592773,3315.915052987399
terrain,99.0,254.0,199.63368606567383,27.14540274825456

metric,value
correlation,0.40684894475126515
height_gradient_magnitude,148083.82064819336
terrain_gradient_magnitude,79.21371078491211
