data_type,min_value,max_value,mean_value,std_dev
height,1.0,22222.0,8068.934627532959,4294.776185235375
terrain,61.0,255.0,181.0879669189453,29.242189423045946

metric,value
correlation,0.2665969588925002
height_gradient_magnitude,2237427.0139980316
terrain_gradient_magnitude,715.2662391662598
