data_type,min_value,max_value,mean_value,std_dev
height,0.0,18782.0,2140.4281997680664,2210.8349646854704
terrain,85.0,249.0,212.86634826660156,22.542694899454286

metric,value
correlation,-0.35365492520040775
height_gradient_magnitude,137501.04879283905
terrain_gradient_magnitude,144.04312896728516
