data_type,min_value,max_value,mean_value,std_dev
height,0.0,19815.0,388.02585220336914,1458.609367253227
terrain,101.0,242.0,171.63102340698242,10.822875186401092

metric,value
correlation,0.27798899936829313
height_gradient_magnitude,102236.34127998352
terrain_gradient_magnitude,43.22077178955078
