data_type,min_value,max_value,mean_value,std_dev
height,1864.0,28324.0,7766.800159454346,3874.6490035312777
terrain,87.0,255.0,194.96862411499023,25.193691576171133

metric,value
correlation,-0.17586630594167155
height_gradient_magnitude,925581.549618721
terrain_gradient_magnitude,281.4583282470703
