data_type,min_value,max_value,mean_value,std_dev
height,0.0,27490.0,5455.401607513428,5011.475506535962
terrain,62.0,255.0,179.3791847229004,28.968615265360064

metric,value
correlation,0.4297165042548099
height_gradient_magnitude,2083151.3887329102
terrain_gradient_magnitude,651.4781503677368
