data_type,min_value,max_value,mean_value,std_dev
height,0.0,255.0,169.279969493684,73.74638052772306
terrain,112.0,201.0,165.14198024493905,13.5816242035684

metric,value
correlation,-0.3006293561162418
height_gradient_magnitude,2082.8469926844077
terrain_gradient_magnitude,81.53027492706622
