data_type,min_value,max_value,mean_value,std_dev
height,0.0,30112.0,3156.4996337890625,4182.522569803182
terrain,88.0,254.0,193.97454833984375,26.708088363807185

metric,value
correlation,0.10159062476821695
height_gradient_magnitude,551014.4608831406
terrain_gradient_magnitude,206.0006227493286
