data_type,min_value,max_value,mean_value,std_dev
height,2141.0,37529.0,9229.911186218262,4245.538747302346
terrain,99.0,254.0,211.95879364013672,20.65012515945936

metric,value
correlation,0.06981958102925485
height_gradient_magnitude,265444.7505464554
terrain_gradient_magnitude,105.75085926055908
