data_type,min_value,max_value,mean_value,std_dev
height,0.0,21013.0,275.2220039367676,1341.8783560382283
terrain,90.0,246.0,171.03653717041016,11.07313156848289

metric,value
correlation,0.18186066924790206
height_gradient_magnitude,86038.88490486145
terrain_gradient_magnitude,36.820831298828125
