data_type,min_value,max_value,mean_value,std_dev
height,0.0,19120.0,4094.224910736084,3420.1818930115264
terrain,98.0,247.0,199.5683250427246,25.213905917136373

metric,value
correlation,0.4760734422970903
height_gradient_magnitude,286434.00701904297
terrain_gradient_magnitude,151.89585781097412
