data_type,min_value,max_value,mean_value,std_dev
height,0.0,255.0,169.23817880255305,74.3715589081899
terrain,112.0,200.0,165.03909547292193,13.852868367225128

metric,value
correlation,-0.3069838469554736
height_gradient_magnitude,2114.5992917647754
terrain_gradient_magnitude,81.81474817480415
