data_type,min_value,max_value,mean_value,std_dev
height,0.0,27233.0,1258.1964492797852,2990.4437447504133
terrain,77.0,250.0,174.73711013793945,18.373302764894888

metric,value
correlation,0.06733806483496536
height_gradient_magnitude,264556.51547527313
terrain_gradient_magnitude,118.14478778839111
