data_type,min_value,max_value,mean_value,std_dev
height,0.0,26141.0,2776.691135406494,3522.3780017815006
terrain,90.0,255.0,190.65350723266602,28.34204585766828

metric,value
correlation,0.49849917769802926
height_gradient_magnitude,929909.6014652252
terrain_gradient_magnitude,289.9199867248535
