data_type,min_value,max_value,mean_value,std_dev
height,0.0,21988.0,6512.628154754639,3888.6602539480587
terrain,95.0,253.0,197.8735466003418,24.49534322867304

metric,value
correlation,0.3205901347375142
height_gradient_magnitude,785743.3030033112
terrain_gradient_magnitude,430.86462783813477
