data_type,min_value,max_value,mean_value,std_dev
height,3.0,20868.0,8039.266490936279,3460.6444874983954
terrain,64.0,255.0,183.19881057739258,23.93712387300513

metric,value
correlation,0.06225900287851546
height_gradient_magnitude,1346818.6294937134
terrain_gradient_magnitude,487.2426710128784
