data_type,min_value,max_value,mean_value,std_dev
height,0.0,16156.0,1851.3879203796387,2738.2386239361444
terrain,94.0,249.0,181.03358459472656,19.782815091738165

metric,value
correlation,0.6164070476787527
height_gradient_magnitude,255246.6575088501
terrain_gradient_magnitude,152.42074584960938
