data_type,min_value,max_value,mean_value,std_dev
height,3773.0,22356.0,7584.64953994751,2710.6544494196405
terrain,92.0,253.0,216.57922744750977,14.393183414724518

metric,value
correlation,-0.551330225099902
height_gradient_magnitude,174142.11226940155
terrain_gradient_magnitude,79.74166870117188
