data_type,min_value,max_value,mean_value,std_dev
height,0.0,9385.0,87.68927383422852,496.4194635216505
terrain,92.0,241.0,169.28101348876953,5.47454452373636

metric,value
correlation,-0.07685339391680801
height_gradient_magnitude,68417.57103538513
terrain_gradient_magnitude,28.709239959716797
