data_type,min_value,max_value,mean_value,std_dev
height,1.0,33347.0,5924.382762908936,5081.798964395834
terrain,79.0,255.0,181.0704231262207,29.821734898222893

metric,value
correlation,0.09445956300112456
height_gradient_magnitude,2021780.7107524872
terrain_gradient_magnitude,523.4629821777344
