data_type,min_value,max_value,mean_value,std_dev
height,0.0,8924.0,1458.2013130187988,1534.0671347547298
terrain,100.0,242.0,181.77959060668945,14.994283472587908

metric,value
correlation,0.522672625272121
height_gradient_magnitude,68886.91302871704
terrain_gradient_magnitude,65.63233661651611
