data_type,min_value,max_value,mean_value,std_dev
height,1.0,18123.0,2815.6651649475098,3172.198877267543
terrain,97.0,255.0,189.7951431274414,19.940934775759672

metric,value
correlation,0.4765419430266373
height_gradient_magnitude,418705.6493873596
terrain_gradient_magnitude,181.82800197601318
