data_type,min_value,max_value,mean_value,std_dev
height,2451.0,29756.0,8112.703182220459,3437.082141566093
terrain,99.0,249.0,220.6661491394043,8.638318241792382

metric,value
correlation,-0.4622225665232456
height_gradient_magnitude,37302.97525310516
terrain_gradient_magnitude,24.977978706359863
