data_type,min_value,max_value,mean_value,std_dev
height,1049.0,16995.0,3690.168743133545,1495.0115171705206
terrain,102.0,247.0,187.64166641235352,12.542629782194675

metric,value
correlation,0.15872651844353655
height_gradient_magnitude,148541.6764974594
terrain_gradient_magnitude,105.87688827514648
