data_type,min_value,max_value,mean_value,std_dev
height,0.0,23666.0,487.3466377258301,1620.5124894477135
terrain,78.0,248.0,174.91369247436523,17.135929634185793

metric,value
correlation,0.0663877160691669
height_gradient_magnitude,110611.20837020874
terrain_gradient_magnitude,59.326518058776855
