data_type,min_value,max_value,mean_value,std_dev
height,1.0,23031.0,4099.7661209106445,4354.605454889206
terrain,101.0,251.0,222.04718780517578,18.61187202484077

metric,value
correlation,-0.6119281523128229
height_gradient_magnitude,230270.69925785065
terrain_gradient_magnitude,133.22122764587402
