data_type,min_value,max_value,mean_value,std_dev
height,334.0,10523.0,2390.0566329956055,1365.5785797584915
terrain,99.0,249.0,207.08834075927734,20.42158193618852

metric,value
correlation,-0.5131837954557007
height_gradient_magnitude,104717.10313892365
terrain_gradient_magnitude,111.77304744720459
