data_type,min_value,max_value,mean_value,std_dev
height,0.0,20910.0,1467.2408180236816,2522.82073816794
terrain,90.0,247.0,184.8811798095703,21.024141421456825

metric,value
correlation,0.2359601712296443
height_gradient_magnitude,188743.41176509857
terrain_gradient_magnitude,107.16327571868896
