data_type,min_value,max_value,mean_value,std_dev
height,0.0,20499.0,4206.155670166016,4681.498988419184
terrain,87.0,251.0,189.8365020751953,25.778189810016165

metric,value
correlation,0.70636844755355
height_gradient_magnitude,283954.46447372437
terrain_gradient_magnitude,133.81004810333252
