data_type,min_value,max_value,mean_value,std_dev
height,4.0,20306.0,2449.399040222168,1856.5220556739232
terrain,85.0,249.0,210.8889923095703,21.718550091485316

metric,value
correlation,-0.6103528047060399
height_gradient_magnitude,150354.1495256424
terrain_gradient_magnitude,128.89541816711426
