data_type,min_value,max_value,mean_value,std_dev
height,0.0,16609.0,1915.0550575256348,2789.201844693955
terrain,93.0,251.0,186.90570068359375,25.391524842896327

metric,value
correlation,0.5326208005845045
height_gradient_magnitude,128853.73525714874
terrain_gradient_magnitude,88.69539737701416
