data_type,min_value,max_value,mean_value,std_dev
height,1.0,15760.0,2029.4972839355469,2308.341728252895
terrain,83.0,250.0,190.14865493774414,26.72597102270024

metric,value
correlation,-0.11833720313918927
height_gradient_magnitude,481168.41509246826
terrain_gradient_magnitude,303.83060932159424
