data_type,min_value,max_value,mean_value,std_dev
height,0.0,255.0,168.22042294193434,75.76707289158223
terrain,112.0,201.0,163.5269966087639,14.067091458833572

metric,value
correlation,-0.303017028883058
height_gradient_magnitude,1547.5462000385032
terrain_gradient_magnitude,69.06542753269063
