data_type,min_value,max_value,mean_value,std_dev
height,2269.0,29985.0,14658.24942779541,4043.76002674819
terrain,101.0,252.0,211.09099578857422,17.02097792052366

metric,value
correlation,-0.18151383328950377
height_gradient_magnitude,352315.7986431122
terrain_gradient_magnitude,170.18811702728271
