data_type,min_value,max_value,mean_value,std_dev
height,637.0,14224.0,3314.6157989501953,1874.6967995969464
terrain,101.0,249.0,194.78131103515625,14.141090478006404

metric,value
correlation,0.20645294566857797
height_gradient_magnitude,206089.75645923615
terrain_gradient_magnitude,140.4393310546875
