data_type,min_value,max_value,mean_value,std_dev
height,5.0,12073.0,2038.4917793273926,1090.502321509793
terrain,114.0,249.0,205.72834396362305,18.19367897585221

metric,value
correlation,-0.2511618693187377
height_gradient_magnitude,56899.2406129837
terrain_gradient_magnitude,103.68355751037598
