data_type,min_value,max_value,mean_value,std_dev
height,2.0,9232.0,1898.699317932129,1676.5033872106974
terrain,94.0,249.0,190.06045150756836,22.319742092789095

metric,value
correlation,0.008036934394192898
height_gradient_magnitude,111844.83861637115
terrain_gradient_magnitude,180.0413579940796
