data_type,min_value,max_value,mean_value,std_dev
height,0.0,21417.0,719.1965751647949,1842.2585562837546
terrain,96.0,250.0,178.52220916748047,18.426180679631543

metric,value
correlation,0.34624138714063274
height_gradient_magnitude,150008.71712589264
terrain_gradient_magnitude,81.16779899597168
