data_type,min_value,max_value,mean_value,std_dev
height,4.0,19542.0,2097.413864135742,2396.974403788204
terrain,102.0,245.0,198.7466163635254,23.90637083324453

metric,value
correlation,0.5014342688401112
height_gradient_magnitude,85836.87507343292
terrain_gradient_magnitude,48.97408103942871
