data_type,min_value,max_value,mean_value,std_dev
height,725.0,7660.0,2795.4255294799805,793.8412583167134
terrain,112.0,239.0,197.87600326538086,12.104177388526617

metric,value
correlation,0.3036070450521214
height_gradient_magnitude,56121.56568622589
terrain_gradient_magnitude,70.80517864227295
