data_type,min_value,max_value,mean_value,std_dev
height,0.0,22738.0,558.3079109191895,1960.8916695665957
terrain,90.0,248.0,174.1023712158203,15.347613097018476

metric,value
correlation,0.3287065341753836
height_gradient_magnitude,128089.84122943878
terrain_gradient_magnitude,42.750722885131836
