data_type,min_value,max_value,mean_value,std_dev
height,829.0,32486.0,7171.877067565918,6140.105192321022
terrain,90.0,255.0,206.1126937866211,25.427186176916898

metric,value
correlation,-0.27764222246787806
height_gradient_magnitude,805028.7580022812
terrain_gradient_magnitude,339.77631855010986
