data_type,min_value,max_value,mean_value,std_dev
height,0.0,34211.0,1563.6000328063965,3464.8554148459357
terrain,64.0,255.0,173.0977325439453,19.952929427701253

metric,value
correlation,0.4425057395153981
height_gradient_magnitude,894065.7807893753
terrain_gradient_magnitude,276.28400707244873
