data_type,min_value,max_value,mean_value,std_dev
height,2.0,16930.0,2784.23978805542,2473.2080142242253
terrain,99.0,248.0,212.77258682250977,23.41904430939914

metric,value
correlation,-0.03966620339771604
height_gradient_magnitude,154946.66936969757
terrain_gradient_magnitude,107.32727146148682
