data_type,min_value,max_value,mean_value,std_dev
height,0.0,48218.0,9058.407234191895,11424.327225624787
terrain,94.0,255.0,185.6114501953125,28.537746253676353

metric,value
correlation,0.27926539499962666
height_gradient_magnitude,1487208.3451414108
terrain_gradient_magnitude,344.6691036224365
