data_type,min_value,max_value,mean_value,std_dev
height,0.0,26629.0,1094.6990814208984,2536.6406452765063
terrain,99.0,245.0,185.33870697021484,20.209480173117388

metric,value
correlation,0.08313993785147047
height_gradient_magnitude,165996.10379219055
terrain_gradient_magnitude,82.18022632598877
