data_type,min_value,max_value,mean_value,std_dev
height,0.0,28674.0,591.4403915405273,2714.906974661839
terrain,77.0,248.0,171.14185333251953,13.852384958493722

metric,value
correlation,-0.02254157677953201
height_gradient_magnitude,227541.48146152496
terrain_gradient_magnitude,59.58484649658203
