data_type,min_value,max_value,mean_value,std_dev
height,4.0,47504.0,16223.485919952393,14232.01500029066
terrain,95.0,255.0,198.47190475463867,26.953105120472028

metric,value
correlation,0.30742592808309827
height_gradient_magnitude,1123930.98995018
terrain_gradient_magnitude,298.59417629241943
