data_type,min_value,max_value,mean_value,std_dev
height,1.0,25826.0,8635.415328979492,3322.366792568957
terrain,58.0,255.0,181.3155288696289,26.047181187822588

metric,value
correlation,0.10560115926786612
height_gradient_magnitude,1741105.462047577
terrain_gradient_magnitude,582.2279405593872
