data_type,min_value,max_value,mean_value,std_dev
height,0.0,45147.0,6548.859092712402,5498.08254433269
terrain,64.0,255.0,188.6683464050293,28.918454633237793

metric,value
correlation,0.3717348701677176
height_gradient_magnitude,1706745.746539116
terrain_gradient_magnitude,495.6733694076538
