data_type,min_value,max_value,mean_value,std_dev
height,0.0,9823.0,364.8127670288086,981.5154553919393
terrain,99.0,247.0,176.09607696533203,17.331349404210687

metric,value
correlation,0.47608035290965434
height_gradient_magnitude,94964.29543304443
terrain_gradient_magnitude,76.21387481689453
