data_type,min_value,max_value,mean_value,std_dev
height,0.0,255.0,169.14847394375582,74.50188325472648
terrain,109.0,202.0,165.2944673982259,13.66458612799857

metric,value
correlation,-0.30470157559365035
height_gradient_magnitude,2118.4642976142877
terrain_gradient_magnitude,80.5089408680972
