data_type,min_value,max_value,mean_value,std_dev
height,4.0,27677.0,9633.520877838135,3784.6206397382816
terrain,78.0,255.0,182.16183471679688,27.25507064846392

metric,value
correlation,0.14110085504951153
height_gradient_magnitude,2120103.6696634293
terrain_gradient_magnitude,573.2128553390503
