data_type,min_value,max_value,mean_value,std_dev
height,60.0,11193.0,1347.7999420166016,1052.8183479745135
terrain,102.0,244.0,194.57583236694336,14.823304500841989

metric,value
correlation,-0.24756378249321087
height_gradient_magnitude,44838.17264652252
terrain_gradient_magnitude,83.81967067718506
