data_type,min_value,max_value,mean_value,std_dev
height,0.0,255.0,168.4889525671213,74.0008451534683
terrain,112.0,200.0,165.1116146134139,13.539454667160427

metric,value
correlation,-0.29843547131295994
height_gradient_magnitude,2101.9841989130273
terrain_gradient_magnitude,79.8368060183334
