data_type,min_value,max_value,mean_value,std_dev
height,0.0,24682.0,1430.3259582519531,3350.4552491246195
terrain,94.0,247.0,179.17625045776367,20.03035794324424

metric,value
correlation,0.06590374320150802
height_gradient_magnitude,317103.49858760834
terrain_gradient_magnitude,114.60724067687988
