data_type,min_value,max_value,mean_value,std_dev
height,799.0,12940.0,3947.1423835754395,2339.902819730355
terrain,112.0,248.0,209.10049438476562,18.380408348877936

metric,value
correlation,-0.4647741980692989
height_gradient_magnitude,116535.63560390472
terrain_gradient_magnitude,114.68423271179199
