data_type,min_value,max_value,mean_value,std_dev
height,4.0,32666.0,7128.725769042969,4259.04533332371
terrain,83.0,254.0,200.79451751708984,25.505647630826186

metric,value
correlation,0.10480903880276903
height_gradient_magnitude,593307.5097208023
terrain_gradient_magnitude,274.8156843185425
