data_type,min_value,max_value,mean_value,std_dev
height,471.0,19414.0,5222.793113708496,2429.192346693899
terrain,106.0,247.0,211.19148635864258,16.27519561125638

metric,value
correlation,0.009421912333530678
height_gradient_magnitude,124821.7497587204
terrain_gradient_magnitude,76.9475507736206
