data_type,min_value,max_value,mean_value,std_dev
height,0.0,17894.0,267.85147857666016,1067.796213762471
terrain,70.0,255.0,172.8023452758789,13.154293644168995

metric,value
correlation,0.5138985611720522
height_gradient_magnitude,145373.65826511383
terrain_gradient_magnitude,68.61523628234863
