data_type,min_value,max_value,mean_value,std_dev
height,3898.0,26306.0,8841.970401763916,3342.466895590386
terrain,88.0,254.0,207.82673263549805,24.659147260934695

metric,value
correlation,-0.4978889981029109
height_gradient_magnitude,615060.2400350571
terrain_gradient_magnitude,231.53953647613525
