data_type,min_value,max_value,mean_value,std_dev
height,0.0,33198.0,8163.571517944336,7189.038286901553
terrain,92.0,254.0,204.68548965454102,27.826328127683386

metric,value
correlation,0.1697780665437473
height_gradient_magnitude,625499.8252344131
terrain_gradient_magnitude,174.48037338256836
