data_type,min_value,max_value,mean_value,std_dev
height,4808.0,30396.0,13552.279453277588,3353.279135514166
terrain,92.0,255.0,213.0930519104004,15.87122488533162

metric,value
correlation,-0.3765908263300945
height_gradient_magnitude,194902.58456516266
terrain_gradient_magnitude,95.09672546386719
