data_type,min_value,max_value,mean_value,std_dev
height,4.0,25217.0,854.0015716552734,2483.2135701146017
terrain,82.0,255.0,175.2139778137207,18.98732960934006

metric,value
correlation,0.3856640091043502
height_gradient_magnitude,354395.8342075348
terrain_gradient_magnitude,113.04074287414551
