data_type,min_value,max_value,mean_value,std_dev
height,1665.0,43575.0,15778.114517211914,6637.635655877951
terrain,83.0,253.0,192.97855377197266,31.23762483418788

metric,value
correlation,-0.1118833765101806
height_gradient_magnitude,1938930.553993225
terrain_gradient_magnitude,594.5161018371582
