data_type,min_value,max_value,mean_value,std_dev
height,0.0,25844.0,237.17102813720703,1568.6892616193377
terrain,81.0,251.0,169.87490844726562,7.724545916153176

metric,value
correlation,0.11470799230278628
height_gradient_magnitude,91521.13683414459
terrain_gradient_magnitude,35.586570739746094
