data_type,min_value,max_value,mean_value,std_dev
height,1168.0,11986.0,3184.146816253662,1005.2616298707352
terrain,107.0,248.0,194.23110580444336,12.868635944240731

metric,value
correlation,0.03865318943807144
height_gradient_magnitude,99065.98980617523
terrain_gradient_magnitude,94.29442596435547
