data_type,min_value,max_value,mean_value,std_dev
height,0.0,255.0,169.49897818650317,74.31237002000847
terrain,112.0,201.0,165.06022776074755,13.728653573546577

metric,value
correlation,-0.30207427599859316
height_gradient_magnitude,2153.287390599316
terrain_gradient_magnitude,82.2769429265331
