data_type,min_value,max_value,mean_value,std_dev
height,0.0,18744.0,1658.6681289672852,2168.569634221642
terrain,90.0,249.0,207.7691764831543,21.746713157547713

metric,value
correlation,-0.36175214176734494
height_gradient_magnitude,211810.91466903687
terrain_gradient_magnitude,104.50736808776855
