data_type,min_value,max_value,mean_value,std_dev
height,0.0,24211.0,1163.7586936950684,2077.9167349333698
terrain,105.0,252.0,186.5236473083496,23.843100555521428

metric,value
correlation,0.41492313745009857
height_gradient_magnitude,286413.7233762741
terrain_gradient_magnitude,151.13505458831787
