data_type,min_value,max_value,mean_value,std_dev
height,460.0,24141.0,3938.8399772644043,3216.453223799432
terrain,99.0,253.0,216.16373443603516,15.552605505808971

metric,value
correlation,-0.3369728963078122
height_gradient_magnitude,206604.1010942459
terrain_gradient_magnitude,114.2484655380249
