data_type,min_value,max_value,mean_value,std_dev
height,0.0,18739.0,2552.179584503174,3469.538846170612
terrain,93.0,245.0,185.20904159545898,23.575702053195897

metric,value
correlation,0.7068012760069301
height_gradient_magnitude,205051.0144443512
terrain_gradient_magnitude,104.76339912414551
