data_type,min_value,max_value,mean_value,std_dev
height,4.0,48117.0,21373.782875061035,13642.24022651067
terrain,95.0,255.0,200.79966354370117,29.31165863523531

metric,value
correlation,0.531260683916714
height_gradient_magnitude,980741.674700737
terrain_gradient_magnitude,269.2852306365967
