data_type,min_value,max_value,mean_value,std_dev
height,1432.0,57761.0,16048.85669708252,9807.146609240517
terrain,84.0,255.0,203.10115432739258,33.84982099898216

metric,value
correlation,-0.3319119029994282
height_gradient_magnitude,1981576.0281953812
terrain_gradient_magnitude,544.5586681365967
