data_type,min_value,max_value,mean_value,std_dev
height,0.0,13783.0,220.68397903442383,1288.5697525927885
terrain,99.0,241.0,170.25622177124023,7.941303297714804

metric,value
correlation,0.4246468644568478
height_gradient_magnitude,25703.143231391907
terrain_gradient_magnitude,19.32749652862549
