data_type,min_value,max_value,mean_value,std_dev
height,1463.0,20944.0,6562.65274810791,2519.2924405247677
terrain,100.0,251.0,198.90240859985352,19.73094033252541

metric,value
correlation,0.1847608074570751
height_gradient_magnitude,482407.18311595917
terrain_gradient_magnitude,292.5615339279175
