data_type,min_value,max_value,mean_value,std_dev
height,0.0,12083.0,1596.775993347168,2577.6104755852657
terrain,101.0,248.0,186.07299041748047,24.327947766224415

metric,value
correlation,0.5877226879335534
height_gradient_magnitude,116881.31301116943
terrain_gradient_magnitude,80.2380895614624
