data_type,min_value,max_value,mean_value,std_dev
height,0.0,36026.0,1764.111701965332,2823.532062512047
terrain,99.0,252.0,187.88119888305664,23.58539755218808

metric,value
correlation,0.3665250053946299
height_gradient_magnitude,371149.4944372177
terrain_gradient_magnitude,163.15118408203125
