data_type,min_value,max_value,mean_value,std_dev
height,0.0,35756.0,2571.9598808288574,5767.223111235465
terrain,97.0,246.0,176.35385131835938,16.77149890364496

metric,value
correlation,0.15581554532935732
height_gradient_magnitude,601505.4599742889
terrain_gradient_magnitude,128.24229526519775
