data_type,min_value,max_value,mean_value,std_dev
height,0.0,12262.0,280.17529678344727,826.8888071202624
terrain,98.0,248.0,178.15826416015625,19.709377177071108

metric,value
correlation,0.22273030164928545
height_gradient_magnitude,73814.46456718445
terrain_gradient_magnitude,66.69670581817627
