data_type,min_value,max_value,mean_value,std_dev
height,0.0,27625.0,498.6109085083008,1703.0576946651152
terrain,104.0,245.0,178.74927520751953,20.672696062228255

metric,value
correlation,0.28668694040251774
height_gradient_magnitude,88305.32386302948
terrain_gradient_magnitude,33.92137813568115
