data_type,min_value,max_value,mean_value,std_dev
height,0.0,35324.0,1554.7060546875,2791.5629243830526
terrain,97.0,253.0,183.23724365234375,22.286356109410477

metric,value
correlation,0.4686851459434275
height_gradient_magnitude,350558.48726558685
terrain_gradient_magnitude,155.32645511627197
