data_type,min_value,max_value,mean_value,std_dev
height,3227.0,20306.0,8052.293804168701,2640.1038706448553
terrain,95.0,249.0,195.75023651123047,21.589536925322715

metric,value
correlation,-0.01899169338740015
height_gradient_magnitude,388055.256980896
terrain_gradient_magnitude,239.95768451690674
