data_type,min_value,max_value,mean_value,std_dev
height,1425.0,16545.0,5962.897258758545,2397.9371093825007
terrain,97.0,251.0,198.8100471496582,19.214721088456535

metric,value
correlation,0.1025550373781643
height_gradient_magnitude,423973.85040187836
terrain_gradient_magnitude,272.7617931365967
