data_type,min_value,max_value,mean_value,std_dev
height,0.0,255.0,168.50821153020274,74.47076076013899
terrain,112.0,201.0,164.9409569505531,13.6661517384683

metric,value
correlation,-0.29760259948203255
height_gradient_magnitude,2146.769810594281
terrain_gradient_magnitude,82.92447650569402
