data_type,min_value,max_value,mean_value,std_dev
height,2816.0,26580.0,7228.657730102539,4311.713596646251
terrain,97.0,252.0,215.3151092529297,19.33881515787552

metric,value
correlation,-0.317142586506145
height_gradient_magnitude,325955.47403907776
terrain_gradient_magnitude,108.35667896270752
