data_type,min_value,max_value,mean_value,std_dev
height,0.0,8437.0,960.531494140625,986.7373746842451
terrain,107.0,246.0,185.38686752319336,13.031920173684961

metric,value
correlation,0.37497961211896014
height_gradient_magnitude,30868.20194530487
terrain_gradient_magnitude,30.409573554992676
