data_type,min_value,max_value,mean_value,std_dev
height,137.0,48535.0,3360.0480155944824,5602.425251741406
terrain,97.0,252.0,213.73941802978516,17.3692661013103

metric,value
correlation,-0.4189566264244454
height_gradient_magnitude,243172.5966720581
terrain_gradient_magnitude,91.65032958984375
