data_type,min_value,max_value,mean_value,std_dev
height,4.0,13853.0,37.06303787231445,393.4931671310296
terrain,92.0,247.0,169.42368698120117,4.686805514169966

metric,value
correlation,0.4133500178724143
height_gradient_magnitude,15134.81031703949
terrain_gradient_magnitude,6.723553657531738
