data_type,min_value,max_value,mean_value,std_dev
height,0.0,255.0,169.3934130051683,74.62055415960299
terrain,112.0,201.0,165.03884372177055,13.639264841267936

metric,value
correlation,-0.29187546316975055
height_gradient_magnitude,2125.1878008056037
terrain_gradient_magnitude,81.59081922786442
