data_type,min_value,max_value,mean_value,std_dev
height,1.0,26561.0,5378.007511138916,4808.806019039593
terrain,65.0,255.0,175.9618682861328,24.834805076037547

metric,value
correlation,0.31408455983857386
height_gradient_magnitude,1966828.6358308792
terrain_gradient_magnitude,513.1348667144775
