data_type,min_value,max_value,mean_value,std_dev
height,0.0,255.0,168.13199905223095,74.53633932992823
terrain,104.0,202.0,165.05694759133382,13.551750992100928

metric,value
correlation,-0.2847097789450189
height_gradient_magnitude,2104.029447480267
terrain_gradient_magnitude,81.39133790928074
