data_type,min_value,max_value,mean_value,std_dev
height,0.0,21167.0,1022.1331176757812,2477.52032324309
terrain,99.0,246.0,177.63065338134766,18.80264816318002

metric,value
correlation,0.4458220919761269
height_gradient_magnitude,129718.95630264282
terrain_gradient_magnitude,67.62687969207764
