data_type,min_value,max_value,mean_value,std_dev
height,1710.0,26780.0,10445.630020141602,4011.704881213093
terrain,80.0,255.0,191.23558807373047,32.547677650857146

metric,value
correlation,-0.13390906613911943
height_gradient_magnitude,2033196.3522911072
terrain_gradient_magnitude,567.200834274292
