data_type,min_value,max_value,mean_value,std_dev
height,692.0,8523.0,3714.0982513427734,1045.6691562692558
terrain,112.0,240.0,190.86716079711914,12.76678575677568

metric,value
correlation,0.02708629778122603
height_gradient_magnitude,51900.71337509155
terrain_gradient_magnitude,82.01640319824219
