data_type,min_value,max_value,mean_value,std_dev
height,0.0,16408.0,553.4367942810059,1448.6167140769403
terrain,92.0,249.0,174.6970100402832,15.424161814227347

metric,value
correlation,0.3062460709240504
height_gradient_magnitude,112091.20368862152
terrain_gradient_magnitude,71.94060516357422
