data_type,min_value,max_value,mean_value,std_dev
height,0.0,25928.0,2596.988780975342,3672.459863287328
terrain,96.0,253.0,193.09310913085938,27.34458504530837

metric,value
correlation,0.3860693540100151
height_gradient_magnitude,240172.9069700241
terrain_gradient_magnitude,105.53825092315674
