data_type,min_value,max_value,mean_value,std_dev
height,0.0,24568.0,8617.712871551514,7216.55586080423
terrain,85.0,251.0,199.34478378295898,24.56036417421988

metric,value
correlation,0.23308795068845164
height_gradient_magnitude,514331.72642707825
terrain_gradient_magnitude,183.8623456954956
