data_type,min_value,max_value,mean_value,std_dev
height,0.0,15053.0,2960.0038261413574,1610.2768405230377
terrain,89.0,254.0,220.67759323120117,22.71469009808722

metric,value
correlation,0.2637083473841586
height_gradient_magnitude,60925.50942134857
terrain_gradient_magnitude,53.59291458129883
