data_type,min_value,max_value,mean_value,std_dev
height,181.0,22102.0,2760.8548431396484,2761.365909656595
terrain,76.0,252.0,191.69140625,19.57284399171025

metric,value
correlation,-0.2501290838709995
height_gradient_magnitude,393707.667883873
terrain_gradient_magnitude,185.10007190704346
