data_type,min_value,max_value,mean_value,std_dev
height,0.0,23045.0,1253.5895690917969,2051.876364919763
terrain,104.0,250.0,187.69256973266602,24.783264377482908

metric,value
correlation,0.5107789370322198
height_gradient_magnitude,308966.575630188
terrain_gradient_magnitude,179.89701747894287
