data_type,min_value,max_value,mean_value,std_dev
height,2.0,30961.0,4391.360794067383,3147.1828791789835
terrain,100.0,254.0,218.93159103393555,20.979786929021497

metric,value
correlation,-0.16638329420056902
height_gradient_magnitude,145554.1598520279
terrain_gradient_magnitude,72.22521305084229
