data_type,min_value,max_value,mean_value,std_dev
height,845.0,12957.0,4464.485050201416,2247.545970317964
terrain,112.0,249.0,207.0578498840332,18.991682913225805

metric,value
correlation,-0.41914173324743126
height_gradient_magnitude,136009.17733955383
terrain_gradient_magnitude,124.04854583740234
