data_type,min_value,max_value,mean_value,std_dev
height,4.0,20395.0,5057.095890045166,2600.9869498590324
terrain,96.0,246.0,208.6313018798828,22.193819126314292

metric,value
correlation,0.36012894560144
height_gradient_magnitude,152330.2223405838
terrain_gradient_magnitude,123.83057403564453
