data_type,min_value,max_value,mean_value,std_dev
height,0.0,19399.0,1413.7344284057617,2539.975306144162
terrain,86.0,250.0,181.7128677368164,23.21763980348554

metric,value
correlation,-0.005058025769817379
height_gradient_magnitude,283212.1378288269
terrain_gradient_magnitude,183.5514144897461
