data_type,min_value,max_value,mean_value,std_dev
height,0.0,20630.0,2728.676513671875,3806.377797837004
terrain,103.0,251.0,213.06548690795898,25.010146316461128

metric,value
correlation,-0.0679752981095163
height_gradient_magnitude,205328.76978874207
terrain_gradient_magnitude,133.28298091888428
