data_type,min_value,max_value,mean_value,std_dev
height,21.0,11849.0,1592.542049407959,1017.2744068781029
terrain,96.0,244.0,187.55294036865234,11.997172228079373

metric,value
correlation,-0.07005982353128495
height_gradient_magnitude,77560.38851451874
terrain_gradient_magnitude,84.99118518829346
