data_type,min_value,max_value,mean_value,std_dev
height,3571.0,33932.0,11117.05848312378,6267.5174084198015
terrain,88.0,254.0,216.08758926391602,24.986259793998002

metric,value
correlation,-0.39345475167101446
height_gradient_magnitude,504852.36333084106
terrain_gradient_magnitude,247.47595691680908
