data_type,min_value,max_value,mean_value,std_dev
height,0.0,47202.0,8357.034568786621,11944.86435605596
terrain,93.0,255.0,185.7610321044922,24.593922642425227

metric,value
correlation,0.6797010219615518
height_gradient_magnitude,267355.111079216
terrain_gradient_magnitude,86.5864839553833
