data_type,min_value,max_value,mean_value,std_dev
height,3.0,33281.0,3773.871784210205,4473.633447522475
terrain,73.0,252.0,184.85034942626953,24.32827923052872

metric,value
correlation,0.3568144845154653
height_gradient_magnitude,460500.16813755035
terrain_gradient_magnitude,203.6078586578369
