data_type,min_value,max_value,mean_value,std_dev
height,0.0,13012.0,360.6708564758301,1073.521081834714
terrain,92.0,249.0,176.69918823242188,18.312976733281488

metric,value
correlation,0.5625665374735049
height_gradient_magnitude,123836.36740398407
terrain_gradient_magnitude,74.37492656707764
