data_type,min_value,max_value,mean_value,std_dev
height,0.0,18869.0,2531.118049621582,3697.6198110088276
terrain,89.0,255.0,192.7315330505371,27.938605376800943

metric,value
correlation,0.4846963064471419
height_gradient_magnitude,116979.6372461319
terrain_gradient_magnitude,78.38391017913818
