data_type,min_value,max_value,mean_value,std_dev
height,0.0,255.0,168.70769469989781,74.02910943852639
terrain,108.0,201.0,164.94041642602218,13.52647483375913

metric,value
correlation,-0.2920939396597405
height_gradient_magnitude,2133.6416211293263
terrain_gradient_magnitude,80.42769003509707
