data_type,min_value,max_value,mean_value,std_dev
height,783.0,46796.0,6850.460708618164,9438.62461637091
terrain,96.0,254.0,188.8578109741211,19.379852085695575

metric,value
correlation,0.12334942122548641
height_gradient_magnitude,815986.4180755615
terrain_gradient_magnitude,222.66811656951904
