data_type,min_value,max_value,mean_value,std_dev
height,0.0,30688.0,3119.2919921875,4954.991979658235
terrain,88.0,249.0,181.74750137329102,21.43847385905023

metric,value
correlation,0.22651012571645174
height_gradient_magnitude,454254.3966636658
terrain_gradient_magnitude,144.1214075088501
