data_type,min_value,max_value,mean_value,std_dev
height,0.0,21230.0,3767.492744445801,3956.5640474099705
terrain,74.0,250.0,192.1774673461914,27.00720696966759

metric,value
correlation,0.07216664883349161
height_gradient_magnitude,764245.1538276672
terrain_gradient_magnitude,263.5050268173218
