data_type,min_value,max_value,mean_value,std_dev
height,2148.0,21679.0,7227.955017089844,2473.6452289799236
terrain,91.0,251.0,195.59958267211914,20.44652564741019

metric,value
correlation,0.056384048978350594
height_gradient_magnitude,552558.0949993134
terrain_gradient_magnitude,315.20617389678955
