data_type,min_value,max_value,mean_value,std_dev
height,0.0,32513.0,11221.192100524902,5170.947179588426
terrain,86.0,255.0,209.6341667175293,22.371796211086057

metric,value
correlation,-0.1668067988492076
height_gradient_magnitude,647620.6410999298
terrain_gradient_magnitude,226.72520446777344
