data_type,min_value,max_value,mean_value,std_dev
height,0.0,19118.0,852.8169784545898,2349.8378995958324
terrain,97.0,245.0,173.80356979370117,14.232718743069332

metric,value
correlation,0.6265088407764076
height_gradient_magnitude,117435.23110294342
terrain_gradient_magnitude,54.96599197387695
