data_type,min_value,max_value,mean_value,std_dev
height,0.0,14985.0,1895.7436218261719,2623.6179533941713
terrain,91.0,245.0,177.5620994567871,18.185087701592085

metric,value
correlation,0.10853757148273831
height_gradient_magnitude,248727.47720050812
terrain_gradient_magnitude,168.94120121002197
