data_type,min_value,max_value,mean_value,std_dev
height,0.0,18300.0,5984.8275718688965,4572.905479567563
terrain,99.0,245.0,199.19556045532227,22.46430117419166

metric,value
correlation,0.6908357741261855
height_gradient_magnitude,155034.37713623047
terrain_gradient_magnitude,92.79477787017822
