data_type,min_value,max_value,mean_value,std_dev
height,1044.0,33386.0,11859.08098602295,4740.034510707636
terrain,86.0,254.0,213.32745361328125,19.985720436966165

metric,value
correlation,-0.30112659151609167
height_gradient_magnitude,426583.3219680786
terrain_gradient_magnitude,148.34288597106934
