data_type,min_value,max_value,mean_value,std_dev
height,0.0,27890.0,711.9518775939941,2592.201641768082
terrain,83.0,245.0,172.3317108154297,13.264031197150793

metric,value
correlation,0.30620300636186426
height_gradient_magnitude,134317.67324733734
terrain_gradient_magnitude,49.370845794677734
