data_type,min_value,max_value,mean_value,std_dev
height,0.0,27245.0,755.7402191162109,2556.444263726514
terrain,80.0,255.0,169.37752532958984,12.547764246645107

metric,value
correlation,0.3156849558748442
height_gradient_magnitude,543448.686914444
terrain_gradient_magnitude,134.1954574584961
