data_type,min_value,max_value,mean_value,std_dev
height,0.0,19570.0,2394.2282943725586,2912.060076155099
terrain,97.0,250.0,204.6163673400879,27.16459615051508

metric,value
correlation,0.3327491657139408
height_gradient_magnitude,178605.45595264435
terrain_gradient_magnitude,88.33027935028076
