data_type,min_value,max_value,mean_value,std_dev
height,0.0,34261.0,1280.8156433105469,2401.172340421993
terrain,99.0,252.0,186.4318962097168,23.428401565947098

metric,value
correlation,0.39228233968945964
height_gradient_magnitude,289403.523191452
terrain_gradient_magnitude,134.84746265411377
