data_type,min_value,max_value,mean_value,std_dev
height,0.0,27486.0,466.7644577026367,1424.8793097697223
terrain,105.0,252.0,176.33200073242188,17.04461104534249

metric,value
correlation,0.49973198498640414
height_gradient_magnitude,105510.37855052948
terrain_gradient_magnitude,58.29429244995117
