data_type,min_value,max_value,mean_value,std_dev
height,12.0,16113.0,1736.9082145690918,1902.3331102060554
terrain,87.0,250.0,207.57415390014648,25.775200115972503

metric,value
correlation,-0.5043098598273218
height_gradient_magnitude,346191.09446525574
terrain_gradient_magnitude,251.60653591156006
