data_type,min_value,max_value,mean_value,std_dev
height,4801.0,31039.0,12341.76111984253,4707.765998420591
terrain,93.0,253.0,211.76155853271484,19.678268930553884

metric,value
correlation,-0.46699948309120365
height_gradient_magnitude,371798.8099002838
terrain_gradient_magnitude,167.15358638763428
