data_type,min_value,max_value,mean_value,std_dev
height,6620.0,30132.0,12002.094970703125,2941.950993835508
terrain,109.0,252.0,215.09185791015625,12.852482641464505

metric,value
correlation,-0.38008260885962086
height_gradient_magnitude,169847.2428302765
terrain_gradient_magnitude,86.57706546783447
