data_type,min_value,max_value,mean_value,std_dev
height,67.0,11377.0,1373.2217636108398,1044.9873258853258
terrain,106.0,247.0,194.37042999267578,14.75782736622196

metric,value
correlation,-0.23898823676270375
height_gradient_magnitude,44651.39453792572
terrain_gradient_magnitude,82.32132625579834
