data_type,min_value,max_value,mean_value,std_dev
height,0.0,15629.0,2413.708019256592,2193.4141270806517
terrain,83.0,249.0,198.27350234985352,26.444989071342484

metric,value
correlation,-0.24958956322683493
height_gradient_magnitude,472128.96764183044
terrain_gradient_magnitude,308.37756729125977
