data_type,min_value,max_value,mean_value,std_dev
height,3161.0,20481.0,8077.352653503418,2660.7367247219
terrain,91.0,250.0,195.81809997558594,21.5822051993163

metric,value
correlation,0.029742340428724992
height_gradient_magnitude,387721.6123800278
terrain_gradient_magnitude,239.3056173324585
