data_type,min_value,max_value,mean_value,std_dev
height,0.0,15984.0,1333.175682067871,1896.7564016325773
terrain,81.0,250.0,209.48005294799805,27.753021604758967

metric,value
correlation,-0.48163738326159833
height_gradient_magnitude,343883.83704185486
terrain_gradient_magnitude,247.77318572998047
