data_type,min_value,max_value,mean_value,std_dev
height,203.0,18259.0,2252.7556533813477,1815.5660602131882
terrain,86.0,251.0,212.56951141357422,22.280985087272988

metric,value
correlation,-0.5072664116246709
height_gradient_magnitude,153319.59716129303
terrain_gradient_magnitude,213.88269233703613
