data_type,min_value,max_value,mean_value,std_dev
height,0.0,29597.0,589.9550437927246,1776.552231513541
terrain,88.0,241.0,173.62962341308594,13.033803477800653

metric,value
correlation,0.14645579054622815
height_gradient_magnitude,124947.46895694733
terrain_gradient_magnitude,60.23519229888916
