data_type,min_value,max_value,mean_value,std_dev
height,0.0,22423.0,6300.989177703857,4064.623596419362
terrain,88.0,251.0,197.2111701965332,24.227723832933684

metric,value
correlation,0.3727230048333819
height_gradient_magnitude,753485.6322317123
terrain_gradient_magnitude,389.89215660095215
