data_type,min_value,max_value,mean_value,std_dev
height,0.0,12969.0,142.59417724609375,907.5158688357415
terrain,94.0,246.0,169.38544464111328,6.241988243411161

metric,value
correlation,0.007178053745786836
height_gradient_magnitude,110321.4443101883
terrain_gradient_magnitude,27.390804290771484
