data_type,min_value,max_value,mean_value,std_dev
height,0.0,21183.0,1990.8095741271973,3002.0694350060758
terrain,92.0,251.0,190.91694259643555,26.15794570083403

metric,value
correlation,0.2665068449232394
height_gradient_magnitude,395004.99722862244
terrain_gradient_magnitude,173.0768985748291
