data_type,min_value,max_value,mean_value,std_dev
height,0.0,14824.0,3377.6779823303223,3004.1953158369315
terrain,92.0,251.0,200.8647003173828,24.831648210172727

metric,value
correlation,-0.10366516158634598
height_gradient_magnitude,445621.5537414551
terrain_gradient_magnitude,281.0733518600464
