data_type,min_value,max_value,mean_value,std_dev
height,1325.0,20084.0,6438.029693603516,3224.3240039871343
terrain,95.0,253.0,191.22238540649414,21.50937790481901

metric,value
correlation,0.21549078228712001
height_gradient_magnitude,718437.2592563629
terrain_gradient_magnitude,343.5402946472168
