data_type,min_value,max_value,mean_value,std_dev
height,436.0,16453.0,4005.5584106445312,2273.612162814415
terrain,101.0,248.0,195.7205047607422,14.588398306129532

metric,value
correlation,0.23989761434311527
height_gradient_magnitude,242676.40513324738
terrain_gradient_magnitude,151.26416206359863
