data_type,min_value,max_value,mean_value,std_dev
height,4.0,31407.0,2706.674602508545,4249.864981734961
terrain,86.0,248.0,177.15544509887695,19.789970490265045

metric,value
correlation,0.44845310302392116
height_gradient_magnitude,348664.61093711853
terrain_gradient_magnitude,165.972487449646
