data_type,min_value,max_value,mean_value,std_dev
height,0.0,8978.0,972.0294456481934,1339.7283491405158
terrain,101.0,238.0,178.65288543701172,14.239695073176126

metric,value
correlation,0.6141416488325274
height_gradient_magnitude,50262.87529754639
terrain_gradient_magnitude,50.15219497680664
