data_type,min_value,max_value,mean_value,std_dev
height,18.0,22399.0,5971.659034729004,3208.246707360092
terrain,103.0,245.0,213.93290328979492,14.484621618905225

metric,value
correlation,0.11667806443961264
height_gradient_magnitude,128187.21270370483
terrain_gradient_magnitude,81.9348611831665
