data_type,min_value,max_value,mean_value,std_dev
height,0.0,10394.0,438.8423767089844,1058.088075766654
terrain,75.0,253.0,183.80759811401367,20.634099150869925

metric,value
correlation,0.34131813134506417
height_gradient_magnitude,106056.30067539215
terrain_gradient_magnitude,84.43859100341797
