data_type,min_value,max_value,mean_value,std_dev
height,1.0,19009.0,77.84568786621094,586.8785008067586
terrain,93.0,246.0,170.16918182373047,7.281445620579793

metric,value
correlation,0.19039465991298565
height_gradient_magnitude,34860.12782001495
terrain_gradient_magnitude,18.25791358947754
