data_type,min_value,max_value,mean_value,std_dev
height,0.0,45316.0,8392.602855682373,3976.860518563497
terrain,68.0,255.0,191.51641082763672,26.16783969303468

metric,value
correlation,0.25756786715713825
height_gradient_magnitude,1677474.0312366486
terrain_gradient_magnitude,471.722354888916
