data_type,min_value,max_value,mean_value,std_dev
height,0.0,19885.0,761.8131790161133,2354.899095843508
terrain,86.0,248.0,185.75482559204102,27.09116354844974

metric,value
correlation,-0.09862555787498807
height_gradient_magnitude,195856.75829315186
terrain_gradient_magnitude,98.89088153839111
