data_type,min_value,max_value,mean_value,std_dev
height,2.0,14590.0,4401.085876464844,2479.690864463787
terrain,93.0,247.0,206.00894165039062,22.261774872780055

metric,value
correlation,0.3407315907508201
height_gradient_magnitude,109623.5932006836
terrain_gradient_magnitude,108.75170135498047
