data_type,min_value,max_value,mean_value,std_dev
height,0.0,20162.0,2684.9354705810547,3334.9365758686636
terrain,88.0,250.0,191.3720932006836,26.538617860283995

metric,value
correlation,-0.15028840637069238
height_gradient_magnitude,354760.3478498459
terrain_gradient_magnitude,229.6366090774536
