data_type,min_value,max_value,mean_value,std_dev
height,12.0,22973.0,6288.245746612549,4552.206457846157
terrain,93.0,251.0,217.5044288635254,18.945435814080945

metric,value
correlation,-0.44216249772065086
height_gradient_magnitude,285472.47611522675
terrain_gradient_magnitude,159.43709087371826
