data_type,min_value,max_value,mean_value,std_dev
height,468.0,26954.0,8040.051414489746,4707.368505293894
terrain,83.0,250.0,187.7369499206543,28.765737048239547

metric,value
correlation,-0.17651308086840664
height_gradient_magnitude,984226.5555343628
terrain_gradient_magnitude,406.4086561203003
