data_type,min_value,max_value,mean_value,std_dev
height,0.0,21847.0,3941.1383743286133,3518.6232640355124
terrain,85.0,251.0,204.81875228881836,26.108244811730863

metric,value
correlation,-0.4420402420076988
height_gradient_magnitude,591247.4415216446
terrain_gradient_magnitude,260.8893222808838
