data_type,min_value,max_value,mean_value,std_dev
height,0.0,19411.0,979.5741996765137,2662.648026847056
terrain,83.0,249.0,171.44683456420898,12.734754989975224

metric,value
correlation,0.34453401623870045
height_gradient_magnitude,220001.35504341125
terrain_gradient_magnitude,92.01753234863281
