data_type,min_value,max_value,mean_value,std_dev
height,0.0,20456.0,1653.8986320495605,2669.2219406724994
terrain,81.0,250.0,189.03467178344727,27.271474644214244

metric,value
correlation,0.09679506630540596
height_gradient_magnitude,410018.8045797348
terrain_gradient_magnitude,171.68616104125977
