data_type,min_value,max_value,mean_value,std_dev
height,0.0,11340.0,752.1488151550293,1510.4635335359344
terrain,107.0,254.0,182.13191986083984,22.029366049644775

metric,value
correlation,0.6653293627002936
height_gradient_magnitude,136181.53418827057
terrain_gradient_magnitude,72.9530439376831
