data_type,min_value,max_value,mean_value,std_dev
height,910.0,16980.0,4037.10701751709,2043.571075213074
terrain,96.0,249.0,198.07876586914062,17.117547371569813

metric,value
correlation,-0.29204683867624603
height_gradient_magnitude,193559.2784461975
terrain_gradient_magnitude,161.70874118804932
