data_type,min_value,max_value,mean_value,std_dev
height,0.0,11689.0,2188.990547180176,1157.4352370706347
terrain,113.0,249.0,210.86230087280273,17.33607001917939

metric,value
correlation,-0.35350012510033113
height_gradient_magnitude,56240.950466156006
terrain_gradient_magnitude,96.47676944732666
