data_type,min_value,max_value,mean_value,std_dev
height,0.0,20998.0,6483.960834503174,4929.866028139918
terrain,63.0,255.0,180.17172241210938,29.27419902014553

metric,value
correlation,0.40437204854687103
height_gradient_magnitude,2196865.7316446304
terrain_gradient_magnitude,687.8873910903931
