data_type,min_value,max_value,mean_value,std_dev
height,460.0,18218.0,1676.3696823120117,1447.4177081341795
terrain,103.0,251.0,214.46342086791992,15.959564044455254

metric,value
correlation,-0.20704938863769837
height_gradient_magnitude,58014.803069114685
terrain_gradient_magnitude,72.45248603820801
