data_type,min_value,max_value,mean_value,std_dev
height,3.0,26323.0,1686.7281875610352,2738.072358406406
terrain,69.0,255.0,189.07339096069336,24.16564529963149

metric,value
correlation,0.3056865712573013
height_gradient_magnitude,626568.711853981
terrain_gradient_magnitude,284.3289518356323
