data_type,min_value,max_value,mean_value,std_dev
height,1534.0,21214.0,6907.476623535156,2608.5539895812335
terrain,95.0,252.0,198.0039825439453,20.251178268459487

metric,value
correlation,0.1707302675739941
height_gradient_magnitude,566779.970823288
terrain_gradient_magnitude,310.57809352874756
