data_type,min_value,max_value,mean_value,std_dev
height,1932.0,19997.0,7354.438095092773,3022.657569119721
terrain,90.0,251.0,191.71552276611328,22.631729675852895

metric,value
correlation,0.2288033931549925
height_gradient_magnitude,713566.2464513779
terrain_gradient_magnitude,344.2432680130005
