data_type,min_value,max_value,mean_value,std_dev
height,4.0,20162.0,6027.766471862793,2275.94701363365
terrain,97.0,245.0,211.61015701293945,18.62722939029506

metric,value
correlation,0.1473561751960199
height_gradient_magnitude,214190.23504543304
terrain_gradient_magnitude,150.86171627044678
