data_type,min_value,max_value,mean_value,std_dev
height,165.0,22102.0,2420.5118675231934,2654.6215685895436
terrain,76.0,252.0,186.71817016601562,14.364145763564988

metric,value
correlation,-0.14080516246824382
height_gradient_magnitude,348222.0428247452
terrain_gradient_magnitude,144.06528186798096
