data_type,min_value,max_value,mean_value,std_dev
height,406.0,28535.0,10592.765850067139,4540.284693990907
terrain,86.0,250.0,204.23760604858398,25.944598610938602

metric,value
correlation,-0.2990528518145341
height_gradient_magnitude,749803.6583023071
terrain_gradient_magnitude,321.59574604034424
