data_type,min_value,max_value,mean_value,std_dev
height,0.0,20253.0,452.12958908081055,1783.991965439081
terrain,96.0,254.0,171.2416229248047,12.814849727960024

metric,value
correlation,0.13857628262905117
height_gradient_magnitude,286858.8843355179
terrain_gradient_magnitude,74.46900463104248
