data_type,min_value,max_value,mean_value,std_dev
height,722.0,34330.0,4131.893135070801,4559.9915762113615
terrain,94.0,248.0,205.09563064575195,17.817934901411302

metric,value
correlation,-0.2946646510874136
height_gradient_magnitude,286411.9163722992
terrain_gradient_magnitude,125.1958875656128
