data_type,min_value,max_value,mean_value,std_dev
height,2.0,18551.0,659.9378204345703,2276.6702741459603
terrain,95.0,247.0,170.58507537841797,9.811159593700097

metric,value
correlation,0.32060275118558573
height_gradient_magnitude,93779.19458007812
terrain_gradient_magnitude,51.00067710876465
