data_type,min_value,max_value,mean_value,std_dev
height,0.0,255.0,169.73201089934398,74.46647368235887
terrain,112.0,200.0,164.87944081626608,13.739212790294308

metric,value
correlation,-0.3128345432676506
height_gradient_magnitude,2144.835495431457
terrain_gradient_magnitude,82.24847468420039
