data_type,min_value,max_value,mean_value,std_dev
height,644.0,6955.0,3060.1627464294434,826.9935384951118
terrain,110.0,238.0,189.60665130615234,12.867703378333786

metric,value
correlation,0.16304427166990515
height_gradient_magnitude,95835.86831569672
terrain_gradient_magnitude,96.12506771087646
