data_type,min_value,max_value,mean_value,std_dev
height,3345.0,32521.0,6815.412879943848,3586.628574628595
terrain,105.0,248.0,201.29160690307617,17.755156688714052

metric,value
correlation,0.07529299475117736
height_gradient_magnitude,184131.25154972076
terrain_gradient_magnitude,80.8768835067749
