data_type,min_value,max_value,mean_value,std_dev
height,0.0,27895.0,7129.569984436035,4953.08855025823
terrain,89.0,253.0,210.93478775024414,25.53287169044397

metric,value
correlation,0.01397726057538187
height_gradient_magnitude,474865.4005804062
terrain_gradient_magnitude,205.9917392730713
