data_type,min_value,max_value,mean_value,std_dev
height,0.0,60767.0,8480.621006011963,12721.963326195391
terrain,74.0,255.0,202.41469192504883,36.16403867428904

metric,value
correlation,-0.30432326205728844
height_gradient_magnitude,1497526.314959526
terrain_gradient_magnitude,399.1188430786133
