data_type,min_value,max_value,mean_value,std_dev
height,4538.0,58121.0,39243.82194137573,4155.150953679035
terrain,91.0,255.0,211.06927108764648,26.01100447442608

metric,value
correlation,0.13981215646499495
height_gradient_magnitude,1038635.4648647308
terrain_gradient_magnitude,405.1814880371094
