data_type,min_value,max_value,mean_value,std_dev
height,0.0,17516.0,2465.4623947143555,3476.6415807035105
terrain,89.0,255.0,183.57952499389648,22.34142765316259

metric,value
correlation,0.5335460076867391
height_gradient_magnitude,613145.7967357635
terrain_gradient_magnitude,220.74102210998535
