data_type,min_value,max_value,mean_value,std_dev
height,766.0,20709.0,6704.142528533936,3819.9375558541265
terrain,82.0,255.0,185.87239456176758,19.86011456045334

metric,value
correlation,0.0651046203299727
height_gradient_magnitude,888400.9707107544
terrain_gradient_magnitude,300.11296463012695
