data_type,min_value,max_value,mean_value,std_dev
height,0.0,62349.0,4543.3846435546875,9268.015211346743
terrain,79.0,255.0,216.40240478515625,29.046263074187674

metric,value
correlation,-0.5410775966792217
height_gradient_magnitude,962889.1906890869
terrain_gradient_magnitude,223.56764793395996
