data_type,min_value,max_value,mean_value,std_dev
height,1828.0,56474.0,13941.433403015137,10858.270461780652
terrain,84.0,255.0,206.53538513183594,34.75127149314113

metric,value
correlation,-0.500896764389148
height_gradient_magnitude,2657299.6132936478
terrain_gradient_magnitude,549.0078411102295
