data_type,min_value,max_value,mean_value,std_dev
height,0.0,31442.0,12932.473712921143,5771.356807433394
terrain,92.0,251.0,210.6823501586914,21.470323467555424

metric,value
correlation,0.08522588236087629
height_gradient_magnitude,474996.5916147232
terrain_gradient_magnitude,193.6501636505127
