data_type,min_value,max_value,mean_value,std_dev
height,0.0,27911.0,9947.740211486816,5674.363635398453
terrain,90.0,255.0,216.0737190246582,18.2754755148593

metric,value
correlation,-0.25385109060541783
height_gradient_magnitude,372505.91020584106
terrain_gradient_magnitude,125.18048095703125
