data_type,min_value,max_value,mean_value,std_dev
height,0.0,255.0,169.01831859848653,74.57642572322655
terrain,110.0,201.0,165.22742754749953,13.648540906620628

metric,value
correlation,-0.2858923770919204
height_gradient_magnitude,2109.2101659336267
terrain_gradient_magnitude,81.16258311490219
