data_type,min_value,max_value,mean_value,std_dev
height,1324.0,19486.0,4553.000392913818,2388.5746848288386
terrain,95.0,249.0,188.11516571044922,15.630579710184197

metric,value
correlation,0.21569984744925935
height_gradient_magnitude,331414.9176645279
terrain_gradient_magnitude,178.42925834655762
