data_type,min_value,max_value,mean_value,std_dev
height,597.0,19513.0,3256.3332328796387,2034.9111266873394
terrain,86.0,252.0,189.52232360839844,13.657790647461505

metric,value
correlation,-0.014320659981911217
height_gradient_magnitude,167976.88900089264
terrain_gradient_magnitude,77.39688873291016
