data_type,min_value,max_value,mean_value,std_dev
height,0.0,255.0,169.2379122425104,75.18076559943722
terrain,112.0,201.0,163.72849378767012,14.121095467419707

metric,value
correlation,-0.3238735517822027
height_gradient_magnitude,1593.445932738016
terrain_gradient_magnitude,69.50353377167652
