data_type,min_value,max_value,mean_value,std_dev
height,0.0,42211.0,2133.640480041504,4743.313367466163
terrain,75.0,250.0,192.69516372680664,27.407549400613743

metric,value
correlation,-0.07157076716273339
height_gradient_magnitude,502706.521238327
terrain_gradient_magnitude,162.55114459991455
