data_type,min_value,max_value,mean_value,std_dev
height,0.0,255.0,169.7186310660921,73.72817394166833
terrain,112.0,202.0,165.44931656966844,13.64003797040016

metric,value
correlation,-0.2972564934258042
height_gradient_magnitude,2120.0446932338177
terrain_gradient_magnitude,80.4779032831312
