data_type,min_value,max_value,mean_value,std_dev
height,0.0,15189.0,215.02652740478516,822.0188399370155
terrain,93.0,249.0,173.0130958557129,11.372263156494625

metric,value
correlation,0.20843103300155374
height_gradient_magnitude,54031.03481578827
terrain_gradient_magnitude,37.84268665313721
