data_type,min_value,max_value,mean_value,std_dev
height,2440.0,20192.0,8173.782939910889,2825.323989824254
terrain,96.0,250.0,195.4705696105957,23.152318124450805

metric,value
correlation,0.07568210744701748
height_gradient_magnitude,773465.2370624542
terrain_gradient_magnitude,365.91203212738037
