data_type,min_value,max_value,mean_value,std_dev
height,0.0,38841.0,7753.948654174805,7107.5315540636775
terrain,92.0,253.0,198.86417388916016,28.356159544563422

metric,value
correlation,0.17344931150207313
height_gradient_magnitude,754805.9519062042
terrain_gradient_magnitude,252.18462467193604
