data_type,min_value,max_value,mean_value,std_dev
height,3090.0,20223.0,8162.35290145874,2525.371560666553
terrain,92.0,252.0,197.74924087524414,21.273464518534855

metric,value
correlation,-0.03599774885249853
height_gradient_magnitude,602836.5008096695
terrain_gradient_magnitude,309.4656801223755
