data_type,min_value,max_value,mean_value,std_dev
height,4.0,51985.0,13187.629131317139,12195.033202980761
terrain,90.0,255.0,194.1765899658203,29.399896293074605

metric,value
correlation,0.10150261525330155
height_gradient_magnitude,1233510.4707603455
terrain_gradient_magnitude,346.69755363464355
