data_type,min_value,max_value,mean_value,std_dev
height,562.0,24680.0,2144.9545555114746,2216.3157988767575
terrain,100.0,243.0,210.12846755981445,12.888753503762613

metric,value
correlation,-0.4379847129180464
height_gradient_magnitude,64677.14390659332
terrain_gradient_magnitude,63.30764865875244
