data_type,min_value,max_value,mean_value,std_dev
height,800.0,11440.0,4292.659973144531,1988.1767236800533
terrain,111.0,248.0,202.62401962280273,18.39350820524836

metric,value
correlation,-0.3657590541100936
height_gradient_magnitude,140295.08782958984
terrain_gradient_magnitude,127.17852878570557
