data_type,min_value,max_value,mean_value,std_dev
height,0.0,255.0,168.4542109082293,74.82655201367228
terrain,112.0,199.0,164.99129977638574,13.759819339713873

metric,value
correlation,-0.2961722790321251
height_gradient_magnitude,2109.9256149392095
terrain_gradient_magnitude,82.67098345846847
