data_type,min_value,max_value,mean_value,std_dev
height,0.0,29461.0,957.0623054504395,1803.3694290022888
terrain,100.0,253.0,196.68012619018555,24.827110053445654

metric,value
correlation,0.22171568484209758
height_gradient_magnitude,99130.64939403534
terrain_gradient_magnitude,40.38404369354248
