data_type,min_value,max_value,mean_value,std_dev
height,0.0,24573.0,2148.3005294799805,3645.2154702556873
terrain,87.0,252.0,223.64358520507812,19.30223027253485

metric,value
correlation,-0.31950665719080984
height_gradient_magnitude,139657.02302646637
terrain_gradient_magnitude,94.7156982421875
