data_type,min_value,max_value,mean_value,std_dev
height,2383.0,19911.0,7700.734176635742,2834.2711286012914
terrain,93.0,252.0,192.62824630737305,22.49346239584076

metric,value
correlation,0.1743881145191539
height_gradient_magnitude,639037.8500785828
terrain_gradient_magnitude,312.83107471466064
