data_type,min_value,max_value,mean_value,std_dev
height,0.0,19719.0,1709.0895729064941,2907.467690346035
terrain,91.0,249.0,185.67133331298828,24.717636275100915

metric,value
correlation,0.5943641414066073
height_gradient_magnitude,150989.05247211456
terrain_gradient_magnitude,56.9609956741333
