data_type,min_value,max_value,mean_value,std_dev
height,0.0,46374.0,5824.54158782959,8117.243986299973
terrain,98.0,254.0,191.09870529174805,27.473890984418833

metric,value
correlation,0.004166320979604654
height_gradient_magnitude,853285.4037647247
terrain_gradient_magnitude,242.76887702941895
