data_type,min_value,max_value,mean_value,std_dev
height,1.0,17799.0,2736.9839973449707,3458.5673973891458
terrain,90.0,255.0,185.4629020690918,23.03500863264272

metric,value
correlation,0.550043763022717
height_gradient_magnitude,676921.1694469452
terrain_gradient_magnitude,241.8858518600464
