data_type,min_value,max_value,mean_value,std_dev
height,2.0,8794.0,1577.0357093811035,1597.2513305313705
terrain,91.0,250.0,189.34777450561523,22.026055204130454

metric,value
correlation,0.07422402591592066
height_gradient_magnitude,94332.75642490387
terrain_gradient_magnitude,164.3183832168579
