data_type,min_value,max_value,mean_value,std_dev
height,2050.0,33049.0,5056.643367767334,3331.9477363221013
terrain,92.0,255.0,215.15236282348633,13.634943069275806

metric,value
correlation,-0.10593732930911166
height_gradient_magnitude,122073.5069103241
terrain_gradient_magnitude,50.95741081237793
