data_type,min_value,max_value,mean_value,std_dev
height,0.0,31153.0,9029.477363586426,5184.576401400465
terrain,88.0,255.0,199.74076080322266,25.99566266654759

metric,value
correlation,0.26303281860525585
height_gradient_magnitude,602934.4261217117
terrain_gradient_magnitude,270.98850440979004
