data_type,min_value,max_value,mean_value,std_dev
height,0.0,28820.0,1251.3264236450195,3084.6521271546035
terrain,84.0,249.0,174.85537338256836,19.0488322073826

metric,value
correlation,0.051320595310368644
height_gradient_magnitude,385212.92633342743
terrain_gradient_magnitude,151.06229782104492
