data_type,min_value,max_value,mean_value,std_dev
height,6789.0,24392.0,10196.456192016602,1965.0485400398998
terrain,119.0,250.0,221.63912963867188,8.563530778044424

metric,value
correlation,-0.23340839415321765
height_gradient_magnitude,60105.46140098572
terrain_gradient_magnitude,38.94497871398926
