data_type,min_value,max_value,mean_value,std_dev
height,0.0,44528.0,3977.767032623291,6044.925633765315
terrain,67.0,255.0,181.2326431274414,27.42359060988254

metric,value
correlation,0.5000326615232441
height_gradient_magnitude,1192960.060303688
terrain_gradient_magnitude,359.1963872909546
