data_type,min_value,max_value,mean_value,std_dev
height,0.0,20171.0,6158.534065246582,3203.1825195648903
terrain,88.0,254.0,213.89424514770508,22.058274783240076

metric,value
correlation,0.46706040735375925
height_gradient_magnitude,99447.9565076828
terrain_gradient_magnitude,57.74794006347656
