data_type,min_value,max_value,mean_value,std_dev
height,0.0,10936.0,446.4779815673828,1013.1722909138172
terrain,85.0,254.0,185.86157608032227,21.214947502654464

metric,value
correlation,0.41308085396949445
height_gradient_magnitude,92608.71022796631
terrain_gradient_magnitude,79.1363115310669
