data_type,min_value,max_value,mean_value,std_dev
height,1206.0,19721.0,6329.148399353027,3248.9566702185502
terrain,92.0,252.0,192.38240814208984,21.983581755393423

metric,value
correlation,0.203357992695323
height_gradient_magnitude,777209.4582948685
terrain_gradient_magnitude,375.9701862335205
