data_type,min_value,max_value,mean_value,std_dev
height,1.0,45382.0,7747.29829788208,4296.9284740071935
terrain,68.0,255.0,195.16769790649414,26.88589404588005

metric,value
correlation,0.22409667421897633
height_gradient_magnitude,1577114.750579834
terrain_gradient_magnitude,519.9814748764038
