data_type,min_value,max_value,mean_value,std_dev
height,0.0,23416.0,592.4084587097168,1402.1950949419231
terrain,98.0,253.0,179.99518203735352,21.07113505905955

metric,value
correlation,0.5583131564133411
height_gradient_magnitude,187604.20207500458
terrain_gradient_magnitude,103.69979476928711
