data_type,min_value,max_value,mean_value,std_dev
height,0.0,45059.0,3161.682304382324,5674.273511102387
terrain,69.0,255.0,178.98365020751953,26.152859224404736

metric,value
correlation,0.499101460091019
height_gradient_magnitude,1047697.6774129868
terrain_gradient_magnitude,322.2450771331787
