data_type,min_value,max_value,mean_value,std_dev
height,5928.0,32427.0,14413.79666519165,4566.639629574015
terrain,89.0,255.0,207.1084976196289,20.913633868819986

metric,value
correlation,-0.138170282721367
height_gradient_magnitude,544528.777841568
terrain_gradient_magnitude,234.48852920532227
