data_type,min_value,max_value,mean_value,std_dev
height,0.0,13940.0,570.0827255249023,1539.2347087562327
terrain,77.0,249.0,172.30570220947266,13.884736040487278

metric,value
correlation,0.0847122198336005
height_gradient_magnitude,155454.06139087677
terrain_gradient_magnitude,88.76667404174805
