data_type,min_value,max_value,mean_value,std_dev
height,4.0,19835.0,345.8285026550293,1494.957982212156
terrain,102.0,244.0,170.79785919189453,8.609870923185394

metric,value
correlation,0.2794558434466908
height_gradient_magnitude,102086.88094139099
terrain_gradient_magnitude,28.21696376800537
