data_type,min_value,max_value,mean_value,std_dev
height,0.0,255.0,168.85502835902676,74.85619103202495
terrain,106.0,200.0,164.84018984998593,13.792076593622438

metric,value
correlation,-0.29126244612575275
height_gradient_magnitude,2108.401000710827
terrain_gradient_magnitude,80.73112051475707
