data_type,min_value,max_value,mean_value,std_dev
height,1.0,23085.0,4374.049976348877,4407.095221551005
terrain,90.0,252.0,221.59357452392578,18.442850518928743

metric,value
correlation,-0.58465066717354
height_gradient_magnitude,233448.98296928406
terrain_gradient_magnitude,135.77252864837646
