data_type,min_value,max_value,mean_value,std_dev
height,4.0,48196.0,19739.780727386475,13992.66449747057
terrain,95.0,255.0,198.21995162963867,29.230639371204628

metric,value
correlation,0.4063812140868604
height_gradient_magnitude,1459392.981253624
terrain_gradient_magnitude,369.16242027282715
