data_type,min_value,max_value,mean_value,std_dev
height,0.0,24749.0,613.9858779907227,1887.963432505158
terrain,103.0,247.0,178.69217681884766,20.429306629252885

metric,value
correlation,0.3530223072936048
height_gradient_magnitude,94093.96035671234
terrain_gradient_magnitude,40.675559997558594
