data_type,min_value,max_value,mean_value,std_dev
height,3.0,26436.0,1986.532627105713,2899.7429695014175
terrain,68.0,255.0,191.18453216552734,24.366431305225003

metric,value
correlation,0.2716348811833248
height_gradient_magnitude,702844.5751581192
terrain_gradient_magnitude,320.5278215408325
