data_type,min_value,max_value,mean_value,std_dev
height,0.0,29252.0,4191.6533279418945,3355.7032206811705
terrain,93.0,255.0,199.13832092285156,26.453595286179482

metric,value
correlation,0.2617242300334737
height_gradient_magnitude,1022677.4428853989
terrain_gradient_magnitude,305.2089252471924
