data_type,min_value,max_value,mean_value,std_dev
height,1.0,22291.0,7225.4133949279785,4608.877010383738
terrain,66.0,255.0,179.3456802368164,28.65875433863506

metric,value
correlation,0.29361182008629244
height_gradient_magnitude,2183319.6585674286
terrain_gradient_magnitude,687.8288192749023
