data_type,min_value,max_value,mean_value,std_dev
height,4.0,21795.0,6727.824573516846,3626.1969852666534
terrain,93.0,253.0,200.0249900817871,22.78207193280981

metric,value
correlation,0.2829056894476044
height_gradient_magnitude,781795.5796327591
terrain_gradient_magnitude,413.33251190185547
