data_type,min_value,max_value,mean_value,std_dev
height,7809.0,38650.0,15545.057033538818,6722.484397238585
terrain,97.0,254.0,216.1443977355957,17.888949531828427

metric,value
correlation,-0.22947171124307647
height_gradient_magnitude,376563.9443540573
terrain_gradient_magnitude,154.7015151977539
