data_type,min_value,max_value,mean_value,std_dev
height,0.0,255.0,168.57585114102508,74.79731427228815
terrain,109.0,201.0,165.03378648540584,13.606788343693383

metric,value
correlation,-0.2957849927853009
height_gradient_magnitude,2107.8265342011346
terrain_gradient_magnitude,81.80382476638974
