data_type,min_value,max_value,mean_value,std_dev
height,342.0,13342.0,2347.6784057617188,1284.1467408325902
terrain,110.0,245.0,192.00990295410156,15.729700272321974

metric,value
correlation,-0.07432113421724885
height_gradient_magnitude,86494.49565029144
terrain_gradient_magnitude,94.01304054260254
