data_type,min_value,max_value,mean_value,std_dev
height,2.0,33768.0,7632.260601043701,4484.306142604124
terrain,90.0,254.0,216.01678085327148,18.571177415659225

metric,value
correlation,-0.39446884815341904
height_gradient_magnitude,224699.1507024765
terrain_gradient_magnitude,90.3139877319336
