data_type,min_value,max_value,mean_value,std_dev
height,710.0,14334.0,3372.132785797119,1775.8275755668217
terrain,99.0,250.0,193.94121551513672,14.529214581895376

metric,value
correlation,0.22195431447554262
height_gradient_magnitude,199448.64399051666
terrain_gradient_magnitude,140.6110019683838
