data_type,min_value,max_value,mean_value,std_dev
height,1.0,8792.0,3305.7463569641113,1488.8527400082703
terrain,91.0,241.0,189.14957427978516,15.37628307323028

metric,value
correlation,0.3245331490179969
height_gradient_magnitude,105616.0173997879
terrain_gradient_magnitude,103.86388206481934
