data_type,min_value,max_value,mean_value,std_dev
height,0.0,52082.0,10725.368663787842,11991.200328204644
terrain,91.0,255.0,187.56267166137695,28.24259219427664

metric,value
correlation,0.2135877057586038
height_gradient_magnitude,1208673.4229860306
terrain_gradient_magnitude,318.5900421142578
