data_type,min_value,max_value,mean_value,std_dev
height,0.0,20390.0,4043.7371559143066,2245.3311256473994
terrain,89.0,252.0,219.91896438598633,16.881529674785337

metric,value
correlation,-0.014015213445649844
height_gradient_magnitude,118348.41806983948
terrain_gradient_magnitude,67.95132541656494
