data_type,min_value,max_value,mean_value,std_dev
height,315.0,22462.0,6955.251857757568,3587.0941279878866
terrain,99.0,254.0,200.94858932495117,22.896600427478447

metric,value
correlation,0.2826825179571964
height_gradient_magnitude,808522.8173465729
terrain_gradient_magnitude,423.1087760925293
