data_type,min_value,max_value,mean_value,std_dev
height,780.0,31664.0,8345.153549194336,6341.403178750901
terrain,90.0,254.0,201.5650291442871,26.49458239243182

metric,value
correlation,-0.2273308883230768
height_gradient_magnitude,936055.7028999329
terrain_gradient_magnitude,394.75918197631836
