data_type,min_value,max_value,mean_value,std_dev
height,1.0,21871.0,7839.944725036621,4474.277912853649
terrain,62.0,255.0,180.74951934814453,29.67805172812272

metric,value
correlation,0.2719358960423843
height_gradient_magnitude,2287609.367366791
terrain_gradient_magnitude,741.636869430542
