data_type,min_value,max_value,mean_value,std_dev
height,0.0,32303.0,7771.645561218262,7138.235884132725
terrain,95.0,253.0,217.07584381103516,23.201449170837847

metric,value
correlation,-0.5156626337487734
height_gradient_magnitude,691452.5644598007
terrain_gradient_magnitude,190.8435354232788
