data_type,min_value,max_value,mean_value,std_dev
height,15.0,10624.0,3115.4872283935547,2270.75089535899
terrain,110.0,245.0,209.50805282592773,14.96512759032053

metric,value
correlation,-0.17812834490928453
height_gradient_magnitude,75312.29867744446
terrain_gradient_magnitude,94.0487871170044
