data_type,min_value,max_value,mean_value,std_dev
height,0.0,24509.0,11830.332427978516,5502.265823264861
terrain,90.0,255.0,207.3660125732422,22.21179312003567

metric,value
correlation,0.11384669369988132
height_gradient_magnitude,523228.8295068741
terrain_gradient_magnitude,180.1620283126831
