data_type,min_value,max_value,mean_value,std_dev
height,0.0,255.0,167.09545070860545,76.65102246500716
terrain,107.0,200.0,164.37090349045567,13.779448881345141

metric,value
correlation,-0.25886539254013463
height_gradient_magnitude,1355.052730759548
terrain_gradient_magnitude,65.38612703066921
