data_type,min_value,max_value,mean_value,std_dev
height,0.0,9422.0,1596.259708404541,1907.349312377921
terrain,93.0,244.0,177.18269729614258,12.90192643181008

metric,value
correlation,0.4850880817524277
height_gradient_magnitude,87320.6865568161
terrain_gradient_magnitude,70.58567714691162
