data_type,min_value,max_value,mean_value,std_dev
height,843.0,52416.0,15819.865211486816,12845.821315743946
terrain,93.0,255.0,204.94869232177734,27.325164715669402

metric,value
correlation,-0.25853001101552664
height_gradient_magnitude,972552.2067213058
terrain_gradient_magnitude,302.2387237548828
