data_type,min_value,max_value,mean_value,std_dev
height,3.0,10181.0,710.1883392333984,1216.4889946274966
terrain,88.0,252.0,190.2600440979004,21.729996004160444

metric,value
correlation,0.3963237673315435
height_gradient_magnitude,127914.99634838104
terrain_gradient_magnitude,108.68170547485352
