data_type,min_value,max_value,mean_value,std_dev
height,1183.0,12216.0,3932.4973526000977,1613.7473596389204
terrain,109.0,242.0,187.71227645874023,11.505782531475539

metric,value
correlation,0.0324121140665717
height_gradient_magnitude,27605.30514907837
terrain_gradient_magnitude,43.862868309020996
