data_type,min_value,max_value,mean_value,std_dev
height,0.0,255.0,169.6314807410369,74.1217154788579
terrain,106.0,201.0,165.01982910539488,13.742483651041203

metric,value
correlation,-0.2980998284035384
height_gradient_magnitude,2044.7587187347283
terrain_gradient_magnitude,81.33403675566811
