data_type,min_value,max_value,mean_value,std_dev
height,17.0,11824.0,1993.6612968444824,1211.6497833980375
terrain,112.0,249.0,209.03150939941406,17.877668033019905

metric,value
correlation,-0.29760881732537464
height_gradient_magnitude,47917.03742790222
terrain_gradient_magnitude,92.27701473236084
