data_type,min_value,max_value,mean_value,std_dev
height,228.0,18247.0,2291.621894836426,1884.3358587467912
terrain,84.0,249.0,211.96987533569336,22.337083377850906

metric,value
correlation,-0.4909589387808311
height_gradient_magnitude,150253.14510154724
terrain_gradient_magnitude,206.48817443847656
