data_type,min_value,max_value,mean_value,std_dev
height,202.0,26111.0,6500.131946563721,4417.325656018699
terrain,84.0,250.0,193.4196319580078,28.99374630066219

metric,value
correlation,-0.2964496980744477
height_gradient_magnitude,787420.2193050385
terrain_gradient_magnitude,333.2474956512451
