data_type,min_value,max_value,mean_value,std_dev
height,0.0,26432.0,1519.5606994628906,3108.6589967778627
terrain,92.0,255.0,177.41932678222656,22.420615804927582

metric,value
correlation,0.5799248981232286
height_gradient_magnitude,812319.0195493698
terrain_gradient_magnitude,249.87491703033447
