data_type,min_value,max_value,mean_value,std_dev
height,7155.0,43880.0,20800.469520568848,9077.010613088121
terrain,92.0,255.0,215.71458435058594,20.384447699460733

metric,value
correlation,-0.2627153436504759
height_gradient_magnitude,521430.9068584442
terrain_gradient_magnitude,190.1768341064453
