data_type,min_value,max_value,mean_value,std_dev
height,256.0,14815.0,2819.175605773926,1452.660596085489
terrain,96.0,249.0,194.47997283935547,11.965278756752864

metric,value
correlation,0.08640575224973913
height_gradient_magnitude,110123.27858924866
terrain_gradient_magnitude,93.33337211608887
