data_type,min_value,max_value,mean_value,std_dev
height,0.0,22787.0,1103.1466598510742,3059.8096455572645
terrain,91.0,251.0,178.07650756835938,21.081289683147393

metric,value
correlation,0.4773961661156049
height_gradient_magnitude,190135.85365962982
terrain_gradient_magnitude,75.43385696411133
