data_type,min_value,max_value,mean_value,std_dev
height,0.0,24257.0,10324.74906539917,4367.946343482874
terrain,102.0,252.0,212.3582305908203,17.66528945371258

metric,value
correlation,-0.08702412582353855
height_gradient_magnitude,326190.63437747955
terrain_gradient_magnitude,132.06360816955566
