data_type,min_value,max_value,mean_value,std_dev
height,0.0,18667.0,2786.7464904785156,3103.3551770671024
terrain,95.0,247.0,195.15593719482422,26.023537735940266

metric,value
correlation,0.47850576018335794
height_gradient_magnitude,222688.62192726135
terrain_gradient_magnitude,128.03134536743164
