data_type,min_value,max_value,mean_value,std_dev
height,0.0,255.0,168.8561316214255,75.29771539284043
terrain,112.0,201.0,163.6186044100878,14.070856218872233

metric,value
correlation,-0.30945788166715843
height_gradient_magnitude,1579.9999962977772
terrain_gradient_magnitude,70.52045292993914
