data_type,min_value,max_value,mean_value,std_dev
height,3.0,10997.0,2403.6923484802246,1321.0970330090645
terrain,91.0,249.0,200.39213943481445,24.559213684811883

metric,value
correlation,-0.07420291802408033
height_gradient_magnitude,74179.34516143799
terrain_gradient_magnitude,156.73362064361572
