data_type,min_value,max_value,mean_value,std_dev
height,77.0,8149.0,1663.668716430664,1140.9723331497391
terrain,114.0,239.0,193.38405990600586,13.013747682985906

metric,value
correlation,-0.14561395822806592
height_gradient_magnitude,55331.36297416687
terrain_gradient_magnitude,76.18699073791504
