data_type,min_value,max_value,mean_value,std_dev
height,0.0,13173.0,137.04239654541016,890.344958844472
terrain,97.0,245.0,169.3072853088379,5.919555611336118

metric,value
correlation,0.029852689910776865
height_gradient_magnitude,105528.7889661789
terrain_gradient_magnitude,26.405930519104004
