data_type,min_value,max_value,mean_value,std_dev
height,0.0,21315.0,929.3682136535645,2112.9694618036497
terrain,92.0,249.0,179.95515823364258,19.705385628477696

metric,value
correlation,0.2414702137582024
height_gradient_magnitude,190232.72480869293
terrain_gradient_magnitude,90.80152034759521
