data_type,min_value,max_value,mean_value,std_dev
height,2979.0,26754.0,9814.32702255249,3892.2972889965163
terrain,78.0,255.0,198.79333877563477,30.77977329352659

metric,value
correlation,-0.33228037669004773
height_gradient_magnitude,1469968.986746788
terrain_gradient_magnitude,421.475546836853
