data_type,min_value,max_value,mean_value,std_dev
height,0.0,22695.0,2134.7269859313965,3178.3027696645836
terrain,81.0,250.0,195.80228424072266,30.24006012795772

metric,value
correlation,-0.28554422536021373
height_gradient_magnitude,432256.3452806473
terrain_gradient_magnitude,206.14660549163818
