data_type,min_value,max_value,mean_value,std_dev
height,1.0,22684.0,2931.7766304016113,4157.73209060097
terrain,50.0,255.0,172.52231216430664,21.488642819725264

metric,value
correlation,0.2987959140419308
height_gradient_magnitude,1530495.161816597
terrain_gradient_magnitude,397.7853317260742
