data_type,min_value,max_value,mean_value,std_dev
height,607.0,12664.0,2255.129207611084,1409.7594682329986
terrain,90.0,250.0,213.15809631347656,19.985607295348025

metric,value
correlation,-0.6083350258541779
height_gradient_magnitude,108376.1782283783
terrain_gradient_magnitude,100.43091106414795
