data_type,min_value,max_value,mean_value,std_dev
height,0.0,25078.0,9284.456356048584,6321.9974515833965
terrain,95.0,251.0,204.4963264465332,22.585709695833724

metric,value
correlation,0.15545394962838135
height_gradient_magnitude,456238.54935741425
terrain_gradient_magnitude,177.79979705810547
