data_type,min_value,max_value,mean_value,std_dev
height,2.0,50015.0,16965.91697692871,14355.773369509454
terrain,96.0,255.0,197.20780563354492,27.17883799721706

metric,value
correlation,0.5741278972466296
height_gradient_magnitude,422369.80163383484
terrain_gradient_magnitude,152.97696781158447
