data_type,min_value,max_value,mean_value,std_dev
height,0.0,19312.0,1159.5090942382812,2774.080651042735
terrain,70.0,255.0,170.48798751831055,16.238283384564763

metric,value
correlation,0.1589034730424738
height_gradient_magnitude,846074.2803373337
terrain_gradient_magnitude,241.10641860961914
