data_type,min_value,max_value,mean_value,std_dev
height,743.0,21423.0,5508.945308685303,3217.8801648561266
terrain,98.0,252.0,195.34829711914062,20.23192808034478

metric,value
correlation,0.1723425033148122
height_gradient_magnitude,672599.1628761292
terrain_gradient_magnitude,323.52499866485596
