data_type,min_value,max_value,mean_value,std_dev
height,743.0,21749.0,5723.236301422119,3092.133438733139
terrain,97.0,251.0,196.1720733642578,19.67921647592795

metric,value
correlation,0.11811568487935857
height_gradient_magnitude,597168.2887125015
terrain_gradient_magnitude,302.25191593170166
