data_type,min_value,max_value,mean_value,std_dev
height,0.0,13801.0,2790.276496887207,3395.0613984585398
terrain,93.0,246.0,184.02492141723633,20.90608908081903

metric,value
correlation,0.6096938151265086
height_gradient_magnitude,133891.5860261917
terrain_gradient_magnitude,111.80614280700684
