data_type,min_value,max_value,mean_value,std_dev
height,0.0,20277.0,2509.5583152770996,2238.6875688211326
terrain,93.0,249.0,195.79998779296875,25.036213164221603

metric,value
correlation,-0.27029901585029315
height_gradient_magnitude,227861.7959842682
terrain_gradient_magnitude,183.29951858520508
