data_type,min_value,max_value,mean_value,std_dev
height,0.0,13230.0,1202.2554550170898,2209.6000564039987
terrain,106.0,249.0,177.9422836303711,17.719297774129608

metric,value
correlation,0.6842869475958517
height_gradient_magnitude,167966.30816459656
terrain_gradient_magnitude,106.32561302185059
