data_type,min_value,max_value,mean_value,std_dev
height,0.0,25867.0,634.277889251709,2574.700600054789
terrain,81.0,251.0,170.74285507202148,11.2531033991188

metric,value
correlation,0.1878279960334596
height_gradient_magnitude,201354.8013830185
terrain_gradient_magnitude,75.6064920425415
