data_type,min_value,max_value,mean_value,std_dev
height,224.0,17016.0,4837.763813018799,2879.1103559754233
terrain,95.0,251.0,196.76391220092773,20.33425477925951

metric,value
correlation,-0.2507924367463689
height_gradient_magnitude,414862.34767723083
terrain_gradient_magnitude,276.7265520095825
