data_type,min_value,max_value,mean_value,std_dev
height,4673.0,33043.0,13097.706523895264,5870.483280463486
terrain,87.0,253.0,215.10857391357422,19.226686084685557

metric,value
correlation,-0.6677008630901922
height_gradient_magnitude,239369.3965358734
terrain_gradient_magnitude,110.74362182617188
