data_type,min_value,max_value,mean_value,std_dev
height,1.0,19694.0,122.58573532104492,806.2993457664709
terrain,108.0,242.0,170.18504333496094,6.429593141153534

metric,value
correlation,0.35312853546401296
height_gradient_magnitude,36656.20204162598
terrain_gradient_magnitude,12.807281494140625
