data_type,min_value,max_value,mean_value,std_dev
height,570.0,20295.0,7145.2809410095215,3852.4870177511484
terrain,85.0,255.0,190.1044158935547,20.87294955005923

metric,value
correlation,0.007884701320084751
height_gradient_magnitude,973083.7840156555
terrain_gradient_magnitude,304.157546043396
