data_type,min_value,max_value,mean_value,std_dev
height,1344.0,22095.0,7463.253318786621,3347.5586565458902
terrain,93.0,253.0,194.13785552978516,24.199974464912547

metric,value
correlation,0.09689448210303202
height_gradient_magnitude,1005171.989985466
terrain_gradient_magnitude,448.47871017456055
