data_type,min_value,max_value,mean_value,std_dev
height,0.0,255.0,168.77009196321472,74.60105719625132
terrain,111.0,201.0,165.1588771898648,13.859769368761885

metric,value
correlation,-0.2920460155350567
height_gradient_magnitude,2105.3651039584165
terrain_gradient_magnitude,82.16372525064048
