data_type,min_value,max_value,mean_value,std_dev
height,0.0,31494.0,8491.550060272217,7011.956363807431
terrain,80.0,253.0,216.36587142944336,22.627246210314787

metric,value
correlation,-0.5178530845567539
height_gradient_magnitude,710742.1418609619
terrain_gradient_magnitude,200.7066707611084
