data_type,min_value,max_value,mean_value,std_dev
height,31.0,23055.0,8819.575862884521,3824.317951829012
terrain,106.0,252.0,215.39738082885742,16.600630883979793

metric,value
correlation,-0.25225845792818946
height_gradient_magnitude,255661.57973957062
terrain_gradient_magnitude,140.87170028686523
