data_type,min_value,max_value,mean_value,std_dev
height,0.0,255.0,168.64482355206064,75.26789414795336
terrain,112.0,202.0,164.111792320109,14.005570779186153

metric,value
correlation,-0.30669939825795073
height_gradient_magnitude,1561.3384090808122
terrain_gradient_magnitude,69.65404949131458
