data_type,min_value,max_value,mean_value,std_dev
height,1387.0,54291.0,16289.181247711182,11821.529669849004
terrain,85.0,255.0,203.87479400634766,34.68135692678953

metric,value
correlation,-0.34888804792307054
height_gradient_magnitude,2665770.3885879517
terrain_gradient_magnitude,628.9469165802002
