data_type,min_value,max_value,mean_value,std_dev
height,743.0,18523.0,4045.3051834106445,2396.7191393426824
terrain,104.0,247.0,195.70720291137695,15.798244803690853

metric,value
correlation,0.2421331480128638
height_gradient_magnitude,318205.7103662491
terrain_gradient_magnitude,186.69705867767334
