data_type,min_value,max_value,mean_value,std_dev
height,0.0,19638.0,3179.056064605713,3579.2299089906455
terrain,89.0,251.0,192.88755798339844,26.11681662410414

metric,value
correlation,0.09641335781624953
height_gradient_magnitude,602980.759850502
terrain_gradient_magnitude,227.23694610595703
