data_type,min_value,max_value,mean_value,std_dev
height,0.0,19043.0,280.7845802307129,1156.1350741488814
terrain,99.0,246.0,172.1362648010254,12.195281764993604

metric,value
correlation,0.5366655351691014
height_gradient_magnitude,78696.02969646454
terrain_gradient_magnitude,35.79725456237793
