data_type,min_value,max_value,mean_value,std_dev
height,0.0,15506.0,818.9885749816895,2082.084860169595
terrain,102.0,250.0,177.70774841308594,19.96855056222992

metric,value
correlation,0.7103983701094583
height_gradient_magnitude,105791.49620056152
terrain_gradient_magnitude,53.23098850250244
