data_type,min_value,max_value,mean_value,std_dev
height,0.0,25641.0,348.2818908691406,1281.7369788049812
terrain,91.0,251.0,173.09498596191406,13.733787668081996

metric,value
correlation,0.538520799542515
height_gradient_magnitude,114415.3606929779
terrain_gradient_magnitude,50.931243896484375
