data_type,min_value,max_value,mean_value,std_dev
height,0.0,16348.0,1376.934455871582,2092.9866405082757
terrain,103.0,252.0,190.04316329956055,26.05913440423678

metric,value
correlation,0.5226174989068565
height_gradient_magnitude,302617.12740039825
terrain_gradient_magnitude,172.73003101348877
