data_type,min_value,max_value,mean_value,std_dev
height,0.0,31154.0,1455.5070114135742,2547.642551973972
terrain,87.0,253.0,185.75035858154297,20.447769708081843

metric,value
correlation,0.3466612943396875
height_gradient_magnitude,127529.16091823578
terrain_gradient_magnitude,68.87836742401123
