data_type,min_value,max_value,mean_value,std_dev
height,0.0,13147.0,1152.6684837341309,1232.8459642177968
terrain,99.0,248.0,221.94893264770508,15.520078557955486

metric,value
correlation,-0.3565561944717694
height_gradient_magnitude,53080.952322006226
terrain_gradient_magnitude,50.98036766052246
