data_type,min_value,max_value,mean_value,std_dev
height,135.0,20463.0,9363.351566314697,2116.9209904099584
terrain,107.0,250.0,219.4699363708496,11.79894743743387

metric,value
correlation,-0.1704170684146635
height_gradient_magnitude,105988.14185523987
terrain_gradient_magnitude,59.47864246368408
