data_type,min_value,max_value,mean_value,std_dev
height,8047.0,61436.0,30338.970581054688,12925.322771837618
terrain,81.0,255.0,205.64250564575195,35.0460754339565

metric,value
correlation,-0.2133888651887677
height_gradient_magnitude,2677066.9682416916
terrain_gradient_magnitude,681.1919536590576
