data_type,min_value,max_value,mean_value,std_dev
height,3.0,30834.0,8936.44921875,3117.704412339168
terrain,74.0,255.0,190.56507873535156,25.842229003192042

metric,value
correlation,0.25744199692699027
height_gradient_magnitude,1719014.289448738
terrain_gradient_magnitude,501.7847318649292
