data_type,min_value,max_value,mean_value,std_dev
height,0.0,32886.0,5576.844608306885,4394.353029331051
terrain,86.0,255.0,189.15548706054688,28.914723495924697

metric,value
correlation,0.03014388195312959
height_gradient_magnitude,1157365.9918794632
terrain_gradient_magnitude,385.97078132629395
