data_type,min_value,max_value,mean_value,std_dev
height,0.0,13674.0,2301.4818077087402,2543.6160430122436
terrain,99.0,252.0,197.80182647705078,25.578237218349532

metric,value
correlation,0.4301356776981566
height_gradient_magnitude,371595.6864862442
terrain_gradient_magnitude,231.41923809051514
