data_type,min_value,max_value,mean_value,std_dev
height,0.0,255.0,168.58208568424482,75.07081425446596
terrain,112.0,200.0,164.99991114665244,13.787086141464803

metric,value
correlation,-0.30375144800454346
height_gradient_magnitude,2122.9242099456515
terrain_gradient_magnitude,81.85149088512743
