data_type,min_value,max_value,mean_value,std_dev
height,2.0,45933.0,6223.813564300537,4791.722887108794
terrain,71.0,255.0,194.54396057128906,27.93616261523671

metric,value
correlation,0.16589555235833764
height_gradient_magnitude,1582444.7482500076
terrain_gradient_magnitude,582.7949657440186
