data_type,min_value,max_value,mean_value,std_dev
height,0.0,27406.0,2259.150230407715,3972.523397682203
terrain,71.0,255.0,171.37298965454102,19.387751874688067

metric,value
correlation,0.3127156262835942
height_gradient_magnitude,1252014.3375635147
terrain_gradient_magnitude,320.7999725341797
