data_type,min_value,max_value,mean_value,std_dev
height,22.0,11637.0,1553.3346900939941,947.6240195287928
terrain,100.0,243.0,188.42719268798828,12.375910006830734

metric,value
correlation,-0.0790659431278854
height_gradient_magnitude,54749.744389534
terrain_gradient_magnitude,77.4976224899292
