data_type,min_value,max_value,mean_value,std_dev
height,635.0,20429.0,7011.980152130127,3893.39286186788
terrain,89.0,254.0,189.80702590942383,20.80633829633152

metric,value
correlation,0.12625077507811308
height_gradient_magnitude,952457.4309720993
terrain_gradient_magnitude,302.6476945877075
