data_type,min_value,max_value,mean_value,std_dev
height,0.0,255.0,167.87288047743866,75.05020378116814
terrain,112.0,201.0,164.16531905756216,13.77982857575485

metric,value
correlation,-0.2976482203185219
height_gradient_magnitude,1596.2021820901268
terrain_gradient_magnitude,69.71808869044975
