data_type,min_value,max_value,mean_value,std_dev
height,418.0,32439.0,8110.131923675537,6149.400059412988
terrain,77.0,249.0,185.73655319213867,30.605512068960792

metric,value
correlation,-0.1964614437494806
height_gradient_magnitude,1283361.3376808167
terrain_gradient_magnitude,436.8451986312866
