data_type,min_value,max_value,mean_value,std_dev
height,0.0,32497.0,2671.208465576172,3986.055571165258
terrain,83.0,254.0,176.52032852172852,22.200614184338434

metric,value
correlation,0.18550497520938453
height_gradient_magnitude,818275.0240001678
terrain_gradient_magnitude,262.7509546279907
