data_type,min_value,max_value,mean_value,std_dev
height,0.0,52334.0,13189.423286437988,14265.348325735808
terrain,99.0,255.0,189.95178985595703,26.34254090564362

metric,value
correlation,0.6022769667889418
height_gradient_magnitude,425730.4937057495
terrain_gradient_magnitude,152.3153839111328
