data_type,min_value,max_value,mean_value,std_dev
height,0.0,15344.0,833.2758140563965,2101.7579894726255
terrain,106.0,252.0,177.86963272094727,20.274867266749737

metric,value
correlation,0.6757033222496385
height_gradient_magnitude,106761.69352912903
terrain_gradient_magnitude,56.40923881530762
