data_type,min_value,max_value,mean_value,std_dev
height,4.0,50770.0,9232.863082885742,8434.212630578297
terrain,90.0,254.0,209.46529006958008,24.912339459438815

metric,value
correlation,-0.45802248220456077
height_gradient_magnitude,1118984.4655752182
terrain_gradient_magnitude,280.83214473724365
