data_type,min_value,max_value,mean_value,std_dev
height,0.0,21943.0,511.83116912841797,1874.589300387534
terrain,93.0,245.0,172.95979690551758,11.87370169512594

metric,value
correlation,0.21090633746692766
height_gradient_magnitude,149447.40188694
terrain_gradient_magnitude,63.97656059265137
