data_type,min_value,max_value,mean_value,std_dev
height,4.0,11657.0,143.9643440246582,743.225774498455
terrain,99.0,250.0,171.31372833251953,11.445034585349202

metric,value
correlation,0.41163632518040916
height_gradient_magnitude,53160.02868652344
terrain_gradient_magnitude,26.1897611618042
