data_type,min_value,max_value,mean_value,std_dev
height,735.0,8572.0,2985.4686279296875,853.0063474313804
terrain,115.0,243.0,188.13164901733398,12.531561969595302

metric,value
correlation,-0.08204477046308262
height_gradient_magnitude,76639.0911064148
terrain_gradient_magnitude,79.52267646789551
