data_type,min_value,max_value,mean_value,std_dev
height,2180.0,31623.0,12470.287525177002,4328.9691824902675
terrain,87.0,254.0,199.8558464050293,25.667971245264916

metric,value
correlation,0.11141808923757085
height_gradient_magnitude,779822.1394081116
terrain_gradient_magnitude,362.05353927612305
