data_type,min_value,max_value,mean_value,std_dev
height,0.0,49653.0,5105.3716468811035,10096.921086808976
terrain,85.0,255.0,176.51923751831055,21.08352137210866

metric,value
correlation,0.39581138513997927
height_gradient_magnitude,727475.4737100601
terrain_gradient_magnitude,191.59162998199463
