data_type,min_value,max_value,mean_value,std_dev
height,4.0,26577.0,7097.134632110596,6245.119437994189
terrain,100.0,249.0,199.39133834838867,25.178932476249187

metric,value
correlation,0.5979367154092471
height_gradient_magnitude,243378.23280334473
terrain_gradient_magnitude,149.41811847686768
