data_type,min_value,max_value,mean_value,std_dev
height,0.0,255.0,169.27662268425962,74.02772978919306
terrain,109.0,201.0,165.22352540465295,13.897512329814214

metric,value
correlation,-0.3045163244530684
height_gradient_magnitude,2076.5052571563965
terrain_gradient_magnitude,82.08912731203814
