data_type,min_value,max_value,mean_value,std_dev
height,0.0,11975.0,294.98216247558594,1224.6122605886303
terrain,92.0,246.0,173.36073684692383,14.786457319744608

metric,value
correlation,0.5270168084685081
height_gradient_magnitude,39196.54630756378
terrain_gradient_magnitude,28.5303316116333
