data_type,min_value,max_value,mean_value,std_dev
height,0.0,24498.0,1143.6935424804688,2443.8963623942836
terrain,84.0,251.0,181.42937469482422,23.24909860181116

metric,value
correlation,0.34334720841251504
height_gradient_magnitude,258882.04056072235
terrain_gradient_magnitude,103.744873046875
