data_type,min_value,max_value,mean_value,std_dev
height,0.0,34321.0,4682.456737518311,4952.447908568453
terrain,61.0,255.0,179.35787963867188,28.196157621394324

metric,value
correlation,0.3887972088401084
height_gradient_magnitude,1890687.833565712
terrain_gradient_magnitude,577.810115814209
