data_type,min_value,max_value,mean_value,std_dev
height,0.0,255.0,168.51791135397693,74.60919481846506
terrain,99.0,201.0,165.10687576821124,13.711985120951118

metric,value
correlation,-0.2912408661392485
height_gradient_magnitude,2116.5721544715448
terrain_gradient_magnitude,82.43507226738934
