data_type,min_value,max_value,mean_value,std_dev
height,2148.0,26579.0,7132.067890167236,3971.956665890211
terrain,96.0,250.0,215.60422134399414,18.950493871917455

metric,value
correlation,-0.2753559067246717
height_gradient_magnitude,320173.31106090546
terrain_gradient_magnitude,105.54117584228516
