data_type,min_value,max_value,mean_value,std_dev
height,3090.0,26846.0,8703.04691696167,3921.729950539944
terrain,84.0,255.0,204.78530502319336,27.47183753545624

metric,value
correlation,-0.45881450464356754
height_gradient_magnitude,1041671.1608505249
terrain_gradient_magnitude,288.61660385131836
