data_type,min_value,max_value,mean_value,std_dev
height,0.0,24601.0,4170.183464050293,3919.8403053454886
terrain,87.0,250.0,200.35066604614258,25.821849544693723

metric,value
correlation,0.3583119799802635
height_gradient_magnitude,334998.16667175293
terrain_gradient_magnitude,148.02147674560547
