data_type,min_value,max_value,mean_value,std_dev
height,0.0,22438.0,945.6613159179688,2488.900950831031
terrain,86.0,253.0,177.5394630432129,19.798439958055095

metric,value
correlation,0.28779078434520167
height_gradient_magnitude,186394.71585273743
terrain_gradient_magnitude,86.39308166503906
