data_type,min_value,max_value,mean_value,std_dev
height,0.0,255.0,167.98386571297408,76.17678158621298
terrain,112.0,202.0,163.74450219912035,14.024894828531652

metric,value
correlation,-0.30037025600822653
height_gradient_magnitude,1575.5839553067663
terrain_gradient_magnitude,69.96986575740074
