data_type,min_value,max_value,mean_value,std_dev
height,0.0,16522.0,1906.8405303955078,2828.1655575459204
terrain,99.0,248.0,187.4662322998047,26.71509057316234

metric,value
correlation,0.36463297495775193
height_gradient_magnitude,161968.89200782776
terrain_gradient_magnitude,101.42804718017578
