data_type,min_value,max_value,mean_value,std_dev
height,0.0,15584.0,2413.313907623291,2018.2321808706383
terrain,87.0,249.0,199.54776763916016,25.704590384770587

metric,value
correlation,-0.39521755052525
height_gradient_magnitude,447737.13519382477
terrain_gradient_magnitude,299.3841800689697
