data_type,min_value,max_value,mean_value,std_dev
height,1.0,21935.0,1646.1305961608887,2182.4497996933655
terrain,103.0,245.0,195.05834579467773,23.46292863726175

metric,value
correlation,0.5341014557558901
height_gradient_magnitude,61272.754413604736
terrain_gradient_magnitude,47.736165046691895
