data_type,min_value,max_value,mean_value,std_dev
height,0.0,19457.0,980.9339408874512,2260.790672672114
terrain,103.0,254.0,186.32910919189453,24.810643388183454

metric,value
correlation,0.3101960217045822
height_gradient_magnitude,130326.87909889221
terrain_gradient_magnitude,73.3730878829956
