data_type,min_value,max_value,mean_value,std_dev
height,4.0,18335.0,3326.953826904297,3129.6939397606775
terrain,85.0,249.0,207.4385757446289,24.630826227657153

metric,value
correlation,-0.59183337820077
height_gradient_magnitude,381988.54863262177
terrain_gradient_magnitude,224.9318962097168
