data_type,min_value,max_value,mean_value,std_dev
height,0.0,45228.0,3064.1950492858887,4968.1401284169015
terrain,72.0,255.0,178.16500854492188,25.819862951597603

metric,value
correlation,0.4805624677953721
height_gradient_magnitude,1213354.634130478
terrain_gradient_magnitude,361.31051540374756
