data_type,min_value,max_value,mean_value,std_dev
height,0.0,255.0,169.47272942674783,74.13142702210129
terrain,112.0,201.0,165.11567224961868,13.717627915305243

metric,value
correlation,-0.29928560688672007
height_gradient_magnitude,2058.1979985783464
terrain_gradient_magnitude,80.72650754513009
