data_type,min_value,max_value,mean_value,std_dev
height,0.0,23192.0,1946.198112487793,2810.3249447369026
terrain,96.0,253.0,186.72796630859375,23.96226385720763

metric,value
correlation,0.47956032379340463
height_gradient_magnitude,377097.3091392517
terrain_gradient_magnitude,205.7677116394043
