data_type,min_value,max_value,mean_value,std_dev
height,0.0,11902.0,583.9347534179688,1485.975613141118
terrain,102.0,247.0,177.21529006958008,18.757233780617415

metric,value
correlation,0.2920015615078264
height_gradient_magnitude,91815.83071231842
terrain_gradient_magnitude,61.65074920654297
