data_type,min_value,max_value,mean_value,std_dev
height,0.0,255.0,168.4832363350956,74.85934236486652
terrain,110.0,200.0,164.9625853362359,13.550821816275803

metric,value
correlation,-0.2843741049744968
height_gradient_magnitude,2090.623441364195
terrain_gradient_magnitude,80.95321315918078
