data_type,min_value,max_value,mean_value,std_dev
height,0.0,16601.0,1316.237449645996,2556.239917186977
terrain,95.0,250.0,182.94752883911133,24.090348356837612

metric,value
correlation,0.2659971001139227
height_gradient_magnitude,150877.52574825287
terrain_gradient_magnitude,94.99647235870361
