data_type,min_value,max_value,mean_value,std_dev
height,1.0,20920.0,738.4299583435059,2113.918604816678
terrain,84.0,250.0,176.29863739013672,19.118518291791542

metric,value
correlation,0.147009816236865
height_gradient_magnitude,196478.1528673172
terrain_gradient_magnitude,89.14193630218506
