data_type,min_value,max_value,mean_value,std_dev
height,21382.0,50873.0,35434.14613723755,3318.9109293858605
terrain,100.0,254.0,213.73572540283203,25.934100456137475

metric,value
correlation,0.11654605455417984
height_gradient_magnitude,1096087.8563337326
terrain_gradient_magnitude,450.6607303619385
