data_type,min_value,max_value,mean_value,std_dev
height,0.0,255.0,168.12978512298784,75.71723829935013
terrain,112.0,202.0,163.67738830393768,14.29264527368584

metric,value
correlation,-0.30607977371336365
height_gradient_magnitude,1581.2149732699513
terrain_gradient_magnitude,69.49160706087935
