data_type,min_value,max_value,mean_value,std_dev
height,0.0,13352.0,142.19993591308594,786.7439407754333
terrain,82.0,246.0,169.87999725341797,6.932396725896956

metric,value
correlation,0.13736694853863224
height_gradient_magnitude,40424.04951477051
terrain_gradient_magnitude,21.286173820495605
