data_type,min_value,max_value,mean_value,std_dev
height,4967.0,25893.0,10104.462852478027,1715.6087158122446
terrain,89.0,253.0,219.23278427124023,10.760552803327979

metric,value
correlation,-0.1610558103369602
height_gradient_magnitude,55241.19397544861
terrain_gradient_magnitude,36.20839786529541
