data_type,min_value,max_value,mean_value,std_dev
height,3.0,26256.0,1530.1984901428223,3135.231427839624
terrain,84.0,255.0,178.0673065185547,22.883593540273495

metric,value
correlation,0.3017624092509968
height_gradient_magnitude,687080.6831979752
terrain_gradient_magnitude,211.68710327148438
