data_type,min_value,max_value,mean_value,std_dev
height,2.0,21712.0,8722.946857452393,3609.124300171857
terrain,68.0,255.0,186.27844619750977,27.474011877526895

metric,value
correlation,0.24064653444549056
height_gradient_magnitude,1934058.2945365906
terrain_gradient_magnitude,601.2841300964355
