data_type,min_value,max_value,mean_value,std_dev
height,0.0,10097.0,1932.5673713684082,1628.971487078113
terrain,101.0,250.0,211.81903457641602,20.94100569171541

metric,value
correlation,-0.31994948338333173
height_gradient_magnitude,69987.59254455566
terrain_gradient_magnitude,203.70619106292725
