data_type,min_value,max_value,mean_value,std_dev
height,2.0,8374.0,3547.724922180176,1377.7226845422258
terrain,89.0,244.0,190.6292266845703,15.384345006433756

metric,value
correlation,0.2842454341347765
height_gradient_magnitude,102053.19912719727
terrain_gradient_magnitude,103.11666107177734
