data_type,min_value,max_value,mean_value,std_dev
height,0.0,34323.0,2846.4418907165527,5744.496421432616
terrain,98.0,246.0,179.25529861450195,17.751670344052357

metric,value
correlation,0.14869631661884483
height_gradient_magnitude,612638.3475780487
terrain_gradient_magnitude,134.00011157989502
