data_type,min_value,max_value,mean_value,std_dev
height,2250.0,46834.0,23614.153205871582,9234.569525724688
terrain,81.0,254.0,204.55033111572266,31.49277073881558

metric,value
correlation,0.03676536635669409
height_gradient_magnitude,1662306.9633712769
terrain_gradient_magnitude,543.5365209579468
