data_type,min_value,max_value,mean_value,std_dev
height,0.0,9078.0,2340.218086242676,1730.0620811547167
terrain,96.0,244.0,184.47517013549805,14.838229131407465

metric,value
correlation,0.4553639529999152
height_gradient_magnitude,82667.49823188782
terrain_gradient_magnitude,79.36682891845703
