data_type,min_value,max_value,mean_value,std_dev
height,1178.0,12480.0,3104.6588439941406,931.6407960350505
terrain,105.0,247.0,195.27302169799805,12.679059091437752

metric,value
correlation,0.06164291071439375
height_gradient_magnitude,85892.36342716217
terrain_gradient_magnitude,87.92339134216309
