data_type,min_value,max_value,mean_value,std_dev
height,0.0,20673.0,513.1854362487793,1460.424429337057
terrain,96.0,254.0,175.31165313720703,17.33503403093883

metric,value
correlation,0.36726509638887667
height_gradient_magnitude,128430.97302150726
terrain_gradient_magnitude,65.25373363494873
