data_type,min_value,max_value,mean_value,std_dev
height,7801.0,38624.0,14006.117855072021,5624.347727230544
terrain,97.0,254.0,216.72694396972656,16.18343259745178

metric,value
correlation,-0.27199001998799305
height_gradient_magnitude,298276.9901866913
terrain_gradient_magnitude,133.90238761901855
