data_type,min_value,max_value,mean_value,std_dev
height,0.0,17000.0,3701.415969848633,3501.2809052671837
terrain,95.0,251.0,188.1374626159668,22.431420103147925

metric,value
correlation,0.2842414113990071
height_gradient_magnitude,494558.8704919815
terrain_gradient_magnitude,307.9245710372925
