data_type,min_value,max_value,mean_value,std_dev
height,0.0,29914.0,2761.980739593506,3697.1568677307623
terrain,94.0,255.0,179.59135818481445,24.12597291103999

metric,value
correlation,0.3730130756710349
height_gradient_magnitude,930179.833732605
terrain_gradient_magnitude,275.47187328338623
