data_type,min_value,max_value,mean_value,std_dev
height,0.0,11479.0,400.8397789001465,1078.4847809086111
terrain,98.0,247.0,175.36985397338867,14.532767242700452

metric,value
correlation,0.36552056674148836
height_gradient_magnitude,72354.15455532074
terrain_gradient_magnitude,50.73431968688965
