data_type,min_value,max_value,mean_value,std_dev
height,0.0,34826.0,2317.73836517334,4284.830689638729
terrain,84.0,255.0,186.28485870361328,27.982306779928045

metric,value
correlation,0.053728372069360875
height_gradient_magnitude,709781.1353664398
terrain_gradient_magnitude,226.82375621795654
