data_type,min_value,max_value,mean_value,std_dev
height,92.0,31032.0,5478.543781280518,3676.6359866320663
terrain,96.0,254.0,221.05215454101562,17.70867956070509

metric,value
correlation,-0.5481420122559488
height_gradient_magnitude,205838.46859836578
terrain_gradient_magnitude,89.32598209381104
