data_type,min_value,max_value,mean_value,std_dev
height,0.0,9628.0,461.8486671447754,966.3755117751778
terrain,103.0,242.0,175.25894927978516,11.514823317137493

metric,value
correlation,0.4781024809413776
height_gradient_magnitude,38037.99759197235
terrain_gradient_magnitude,38.27949810028076
