data_type,min_value,max_value,mean_value,std_dev
height,0.0,37178.0,4171.939548492432,4466.825614916896
terrain,105.0,251.0,217.99190521240234,13.799274837799295

metric,value
correlation,-0.5711292071642645
height_gradient_magnitude,136238.39408779144
terrain_gradient_magnitude,55.37877941131592
