data_type,min_value,max_value,mean_value,std_dev
height,146.0,11280.0,2339.333469390869,1041.7680812080507
terrain,93.0,250.0,189.5844497680664,18.240402671635085

metric,value
correlation,-0.18621946884638094
height_gradient_magnitude,37535.8933801651
terrain_gradient_magnitude,78.1594409942627
