data_type,min_value,max_value,mean_value,std_dev
height,0.0,14078.0,1041.9433555603027,1965.6046834242131
terrain,91.0,247.0,175.4972152709961,15.180391378565218

metric,value
correlation,0.3675233545288365
height_gradient_magnitude,156394.69356155396
terrain_gradient_magnitude,102.28675746917725
