data_type,min_value,max_value,mean_value,std_dev
height,5485.0,30401.0,11739.737686157227,3172.878945012946
terrain,105.0,251.0,214.94938278198242,11.977238583250376

metric,value
correlation,-0.33533744473519217
height_gradient_magnitude,126886.18035316467
terrain_gradient_magnitude,62.45097255706787
