data_type,min_value,max_value,mean_value,std_dev
height,276.0,10964.0,2014.4114990234375,926.0472315670471
terrain,107.0,249.0,220.4306755065918,8.31519616157274

metric,value
correlation,-0.40482907645728844
height_gradient_magnitude,14991.554326057434
terrain_gradient_magnitude,29.659954071044922
