data_type,min_value,max_value,mean_value,std_dev
height,0.0,12118.0,1992.277946472168,2662.760862874859
terrain,100.0,245.0,191.93215942382812,26.03864215597893

metric,value
correlation,0.5549943074941571
height_gradient_magnitude,125729.61808872223
terrain_gradient_magnitude,87.73205757141113
