data_type,min_value,max_value,mean_value,std_dev
height,0.0,15702.0,2623.583381652832,2307.584568484615
terrain,85.0,249.0,192.3781394958496,26.587891067347364

metric,value
correlation,-0.24336210007913917
height_gradient_magnitude,543772.4939689636
terrain_gradient_magnitude,334.02385330200195
