data_type,min_value,max_value,mean_value,std_dev
height,2888.0,32289.0,12984.056968688965,5605.127670305904
terrain,86.0,255.0,206.9168357849121,21.626008638613854

metric,value
correlation,-0.2493228126367926
height_gradient_magnitude,577685.5735216141
terrain_gradient_magnitude,235.57466220855713
