data_type,min_value,max_value,mean_value,std_dev
height,2921.0,37562.0,6695.107597351074,3955.250811062813
terrain,103.0,253.0,192.31654739379883,13.49342688872388

metric,value
correlation,0.30327948265664145
height_gradient_magnitude,191317.10600090027
terrain_gradient_magnitude,70.34346389770508
