data_type,min_value,max_value,mean_value,std_dev
height,2205.0,34056.0,6003.512966156006,4389.640255826952
terrain,95.0,255.0,214.31542587280273,16.758664908214712

metric,value
correlation,-0.21523055120886472
height_gradient_magnitude,261893.48882865906
terrain_gradient_magnitude,89.76914978027344
