data_type,min_value,max_value,mean_value,std_dev
height,4.0,22063.0,7541.545745849609,3313.130632279027
terrain,93.0,252.0,203.82338333129883,22.9348310804295

metric,value
correlation,0.1355982865024363
height_gradient_magnitude,888019.1927700043
terrain_gradient_magnitude,446.86763095855713
