data_type,min_value,max_value,mean_value,std_dev
height,0.0,18691.0,2653.607448577881,2560.3409395545236
terrain,87.0,250.0,210.13758850097656,23.98503834221338

metric,value
correlation,-0.45048216906799304
height_gradient_magnitude,214676.38035583496
terrain_gradient_magnitude,180.70491790771484
