data_type,min_value,max_value,mean_value,std_dev
height,0.0,20074.0,2492.69149017334,3037.98524700647
terrain,81.0,249.0,182.62224578857422,22.2907657296546

metric,value
correlation,0.09247504360614378
height_gradient_magnitude,255217.4441204071
terrain_gradient_magnitude,170.9132661819458
