data_type,min_value,max_value,mean_value,std_dev
height,1.0,18320.0,271.6438903808594,1080.7627749096455
terrain,99.0,243.0,183.34222793579102,18.405880335174597

metric,value
correlation,0.10695189895415907
height_gradient_magnitude,37127.96523284912
terrain_gradient_magnitude,47.74535274505615
