data_type,min_value,max_value,mean_value,std_dev
height,0.0,10957.0,383.2186965942383,1252.6567433030195
terrain,105.0,251.0,173.49216842651367,14.364553078276563

metric,value
correlation,0.7597751595172255
height_gradient_magnitude,109021.43942832947
terrain_gradient_magnitude,49.950554847717285
