data_type,min_value,max_value,mean_value,std_dev
height,0.0,16671.0,530.6706047058105,1770.0027548214064
terrain,66.0,255.0,169.82881927490234,12.186801117428695

metric,value
correlation,0.31716275459994026
height_gradient_magnitude,467822.2365655899
terrain_gradient_magnitude,139.3526210784912
