data_type,min_value,max_value,mean_value,std_dev
height,0.0,38459.0,11686.452613830566,6160.754063415292
terrain,83.0,253.0,204.8614044189453,28.051837249353714

metric,value
correlation,-0.10071845586905535
height_gradient_magnitude,1111880.0896644592
terrain_gradient_magnitude,373.1319169998169
