data_type,min_value,max_value,mean_value,std_dev
height,672.0,16546.0,3762.134506225586,2184.6331140996977
terrain,101.0,251.0,195.56199645996094,14.569064440715534

metric,value
correlation,0.31704426134339114
height_gradient_magnitude,247968.9911699295
terrain_gradient_magnitude,152.06827449798584
