data_type,min_value,max_value,mean_value,std_dev
height,0.0,16801.0,1795.9653549194336,3170.5035628442424
terrain,100.0,248.0,183.06182861328125,21.862416152560893

metric,value
correlation,0.6239073071889606
height_gradient_magnitude,133320.80776119232
terrain_gradient_magnitude,56.4604549407959
