data_type,min_value,max_value,mean_value,std_dev
height,17.0,23454.0,5918.945468902588,4546.225701130952
terrain,97.0,250.0,218.34017181396484,18.903886280307557

metric,value
correlation,-0.4837746140339121
height_gradient_magnitude,272183.6174583435
terrain_gradient_magnitude,152.71918392181396
