data_type,min_value,max_value,mean_value,std_dev
height,2.0,27400.0,7310.81897354126,5173.710778764034
terrain,90.0,252.0,215.20513534545898,23.781069849105233

metric,value
correlation,-0.2350535055018608
height_gradient_magnitude,484737.75922870636
terrain_gradient_magnitude,215.90689849853516
