data_type,min_value,max_value,mean_value,std_dev
height,0.0,13560.0,4796.537139892578,2213.8271124054013
terrain,97.0,244.0,207.2656593322754,17.130204819385177

metric,value
correlation,-0.1326215876440031
height_gradient_magnitude,121254.72724819183
terrain_gradient_magnitude,121.46567821502686
