data_type,min_value,max_value,mean_value,std_dev
height,0.0,16596.0,239.59789657592773,824.5422321551655
terrain,85.0,250.0,176.36630630493164,15.351764823167413

metric,value
correlation,0.11281220712020595
height_gradient_magnitude,79629.77680492401
terrain_gradient_magnitude,68.91902351379395
