data_type,min_value,max_value,mean_value,std_dev
height,0.0,15905.0,2206.1037559509277,3179.3998618909563
terrain,104.0,252.0,182.65161895751953,21.834776229123584

metric,value
correlation,0.6106518333782298
height_gradient_magnitude,340422.80704021454
terrain_gradient_magnitude,194.8099479675293
