data_type,min_value,max_value,mean_value,std_dev
height,0.0,12275.0,217.04612350463867,702.3870639347354
terrain,81.0,250.0,177.71317672729492,16.545865329554108

metric,value
correlation,0.22418246050106372
height_gradient_magnitude,69518.4548740387
terrain_gradient_magnitude,68.638503074646
