data_type,min_value,max_value,mean_value,std_dev
height,0.0,21775.0,472.87865447998047,1906.579530839395
terrain,90.0,244.0,171.07691955566406,9.669032255678486

metric,value
correlation,0.21242838624825533
height_gradient_magnitude,130312.63256835938
terrain_gradient_magnitude,54.760613441467285
