data_type,min_value,max_value,mean_value,std_dev
height,845.0,9883.0,3139.8407821655273,915.14478518649
terrain,104.0,242.0,188.13423919677734,12.204196877607474

metric,value
correlation,-0.0096206835621102
height_gradient_magnitude,83564.6085767746
terrain_gradient_magnitude,82.51886081695557
