data_type,min_value,max_value,mean_value,std_dev
height,511.0,25821.0,5245.7897300720215,4190.88336453728
terrain,88.0,252.0,198.90691375732422,24.252226619904448

metric,value
correlation,-0.25538566866088647
height_gradient_magnitude,585506.1013202667
terrain_gradient_magnitude,285.4214572906494
