data_type,min_value,max_value,mean_value,std_dev
height,0.0,9488.0,3397.453197479248,1864.6629212616563
terrain,95.0,245.0,183.7444725036621,14.990710941459794

metric,value
correlation,0.3885128668470369
height_gradient_magnitude,125125.4691619873
terrain_gradient_magnitude,107.7499132156372
