data_type,min_value,max_value,mean_value,std_dev
height,9884.0,52581.0,34420.88438796997,10673.995192385546
terrain,79.0,255.0,213.89507293701172,26.54001244489393

metric,value
correlation,-0.1949225769750914
height_gradient_magnitude,1005698.8401298523
terrain_gradient_magnitude,380.52908420562744
