data_type,min_value,max_value,mean_value,std_dev
height,18.0,11481.0,2265.527374267578,1094.6065613894866
terrain,113.0,247.0,218.12059020996094,11.653206010390338

metric,value
correlation,-0.5147736947540492
height_gradient_magnitude,37649.78876209259
terrain_gradient_magnitude,48.0580940246582
