data_type,min_value,max_value,mean_value,std_dev
height,0.0,15277.0,1522.6060256958008,2516.3270595472572
terrain,86.0,248.0,174.97438049316406,15.823316403109693

metric,value
correlation,0.2140754767142883
height_gradient_magnitude,208237.78796577454
terrain_gradient_magnitude,137.8482313156128
