data_type,min_value,max_value,mean_value,std_dev
height,2150.0,32105.0,7904.119663238525,4530.601920040073
terrain,92.0,253.0,214.04376983642578,18.453810874074936

metric,value
correlation,-0.1425703945917968
height_gradient_magnitude,323881.808804512
terrain_gradient_magnitude,110.70932006835938
