data_type,min_value,max_value,mean_value,std_dev
height,0.0,255.0,168.9308498822693,74.21365808142386
terrain,112.0,199.0,164.94835399173664,13.536846143466063

metric,value
correlation,-0.3092781887724971
height_gradient_magnitude,2134.5743665496766
terrain_gradient_magnitude,78.38865935107438
