data_type,min_value,max_value,mean_value,std_dev
height,4.0,17533.0,5726.937885284424,2652.598566827763
terrain,96.0,252.0,196.31357955932617,19.846863012030955

metric,value
correlation,0.21321226600731766
height_gradient_magnitude,547819.1894207001
terrain_gradient_magnitude,323.4857597351074
