data_type,min_value,max_value,mean_value,std_dev
height,0.0,28005.0,3183.2998847961426,3998.9725983404946
terrain,76.0,255.0,198.56260681152344,28.826597161689186

metric,value
correlation,0.18676335265964256
height_gradient_magnitude,279279.9467830658
terrain_gradient_magnitude,117.95242404937744
