data_type,min_value,max_value,mean_value,std_dev
height,84.0,26828.0,3422.4035301208496,2971.089490254928
terrain,81.0,254.0,206.64933395385742,26.205345757490768

metric,value
correlation,-0.49721153762348674
height_gradient_magnitude,509857.0638856888
terrain_gradient_magnitude,300.9797878265381
