data_type,min_value,max_value,mean_value,std_dev
height,0.0,20800.0,5222.550441741943,2697.7733094134023
terrain,88.0,255.0,220.17628479003906,22.173047629170796

metric,value
correlation,0.39701504820269473
height_gradient_magnitude,97533.86368656158
terrain_gradient_magnitude,61.19334888458252
