data_type,min_value,max_value,mean_value,std_dev
height,0.0,29197.0,3947.3291053771973,3775.8572979406895
terrain,94.0,255.0,187.57933807373047,26.57000482265144

metric,value
correlation,0.41885891862613484
height_gradient_magnitude,977639.0552968979
terrain_gradient_magnitude,300.8399496078491
