data_type,min_value,max_value,mean_value,std_dev
height,0.0,22470.0,519.3471260070801,1916.3012492330374
terrain,96.0,244.0,173.9661636352539,14.780941836534982

metric,value
correlation,0.35297119623797557
height_gradient_magnitude,102196.57185840607
terrain_gradient_magnitude,35.3287296295166
