data_type,min_value,max_value,mean_value,std_dev
height,2825.0,57820.0,17072.095222473145,9740.069437383601
terrain,84.0,255.0,205.89316940307617,30.752313493314453

metric,value
correlation,-0.309557220215374
height_gradient_magnitude,1603042.9197235107
terrain_gradient_magnitude,474.2026205062866
