data_type,min_value,max_value,mean_value,std_dev
height,211.0,11419.0,1788.4720344543457,928.2454800771525
terrain,104.0,248.0,199.76259231567383,17.43414098541377

metric,value
correlation,-0.26107883852694774
height_gradient_magnitude,47712.03980541229
terrain_gradient_magnitude,96.8323392868042
