data_type,min_value,max_value,mean_value,std_dev
height,0.0,40860.0,624.5304527282715,2724.1519454310937
terrain,71.0,255.0,172.34772491455078,15.813257913407632

metric,value
correlation,0.5434961413620073
height_gradient_magnitude,223825.55973243713
terrain_gradient_magnitude,81.93953514099121
