data_type,min_value,max_value,mean_value,std_dev
height,0.0,16707.0,679.1569938659668,1633.9170635167013
terrain,80.0,248.0,175.11416244506836,16.11756648280048

metric,value
correlation,0.2923240155265077
height_gradient_magnitude,133951.69100952148
terrain_gradient_magnitude,80.13837051391602
