data_type,min_value,max_value,mean_value,std_dev
height,0.0,17836.0,1129.249412536621,2228.7043377804753
terrain,91.0,246.0,180.3174934387207,20.37592452483589

metric,value
correlation,0.2547733377516079
height_gradient_magnitude,131228.46281909943
terrain_gradient_magnitude,81.1821813583374
