data_type,min_value,max_value,mean_value,std_dev
height,0.0,26624.0,454.3153991699219,1473.8659622641235
terrain,82.0,249.0,173.39544677734375,14.9324557552801

metric,value
correlation,0.19491466280019118
height_gradient_magnitude,138640.51225280762
terrain_gradient_magnitude,82.8200569152832
