data_type,min_value,max_value,mean_value,std_dev
height,0.0,13971.0,154.05556106567383,655.4687694315946
terrain,89.0,249.0,171.9047508239746,11.336314510679502

metric,value
correlation,0.19182278980607367
height_gradient_magnitude,49465.807646751404
terrain_gradient_magnitude,40.489023208618164
