data_type,min_value,max_value,mean_value,std_dev
height,2.0,11970.0,835.089527130127,2166.844403666353
terrain,105.0,246.0,174.73021697998047,14.674178997678139

metric,value
correlation,0.6490128494092001
height_gradient_magnitude,41980.52828884125
terrain_gradient_magnitude,34.13510322570801
