data_type,min_value,max_value,mean_value,std_dev
height,0.0,16055.0,1801.8189888000488,1556.3120411391883
terrain,90.0,250.0,215.02842712402344,19.11355409489208

metric,value
correlation,-0.38787941285752003
height_gradient_magnitude,72671.0652551651
terrain_gradient_magnitude,148.14458465576172
