data_type,min_value,max_value,mean_value,std_dev
height,0.0,255.0,168.081522946377,75.72330496059668
terrain,111.0,202.0,163.96636160350675,14.043838715712493

metric,value
correlation,-0.3062891527859494
height_gradient_magnitude,1579.3028751462377
terrain_gradient_magnitude,70.97415663364283
