data_type,min_value,max_value,mean_value,std_dev
height,0.0,22131.0,702.6375885009766,1731.6826333227586
terrain,87.0,253.0,187.8996124267578,29.50995107373445

metric,value
correlation,0.32060138889818257
height_gradient_magnitude,89799.04719638824
terrain_gradient_magnitude,35.29964065551758
