data_type,min_value,max_value,mean_value,std_dev
height,0.0,23382.0,546.8290863037109,1972.56829582926
terrain,93.0,249.0,173.43676376342773,14.477904978368297

metric,value
correlation,0.3848985309299998
height_gradient_magnitude,123838.09475708008
terrain_gradient_magnitude,39.24151039123535
