data_type,min_value,max_value,mean_value,std_dev
height,4.0,17331.0,4493.935291290283,2727.9639751688396
terrain,100.0,250.0,193.92032623291016,19.909169693738118

metric,value
correlation,0.21069886791884346
height_gradient_magnitude,478829.0190830231
terrain_gradient_magnitude,291.10647773742676
