data_type,min_value,max_value,mean_value,std_dev
height,0.0,255.0,169.633835354747,74.72969730139715
terrain,102.0,200.0,164.84960090038058,13.756518195541007

metric,value
correlation,-0.3024618554484503
height_gradient_magnitude,2127.6709075629005
terrain_gradient_magnitude,81.39736142580006
