data_type,min_value,max_value,mean_value,std_dev
height,0.0,16593.0,1354.7915954589844,2331.7986031966648
terrain,96.0,248.0,186.48937225341797,26.04297947146597

metric,value
correlation,0.23308240720713744
height_gradient_magnitude,156686.17580413818
terrain_gradient_magnitude,102.1753921508789
