data_type,min_value,max_value,mean_value,std_dev
height,668.0,13026.0,2362.873851776123,1505.273191862142
terrain,89.0,249.0,213.5258674621582,19.11533531307357

metric,value
correlation,-0.5777765667075017
height_gradient_magnitude,99367.38548278809
terrain_gradient_magnitude,96.5201063156128
