data_type,min_value,max_value,mean_value,std_dev
height,0.0,29572.0,1459.0880165100098,2777.6198163880554
terrain,91.0,243.0,176.23605346679688,16.081838523212827

metric,value
correlation,0.1440254531765551
height_gradient_magnitude,258241.8929824829
terrain_gradient_magnitude,124.25698757171631
