data_type,min_value,max_value,mean_value,std_dev
height,0.0,18648.0,458.87102127075195,1640.6406103983202
terrain,93.0,248.0,171.28211975097656,10.92676711671237

metric,value
correlation,0.258086287739837
height_gradient_magnitude,74970.13193130493
terrain_gradient_magnitude,46.36333465576172
