data_type,min_value,max_value,mean_value,std_dev
height,2002.0,20162.0,7688.913890838623,2999.2598824371266
terrain,93.0,251.0,192.43581008911133,23.08878438225076

metric,value
correlation,0.20786556102437936
height_gradient_magnitude,743078.1425304413
terrain_gradient_magnitude,358.3495559692383
