data_type,min_value,max_value,mean_value,std_dev
height,0.0,27576.0,7150.930335998535,5440.408623021099
terrain,87.0,251.0,209.34051895141602,26.587380105663534

metric,value
correlation,0.23642005434150762
height_gradient_magnitude,304906.6308450699
terrain_gradient_magnitude,134.19079685211182
