data_type,min_value,max_value,mean_value,std_dev
height,0.0,25730.0,12382.251728057861,4864.338394018958
terrain,96.0,255.0,210.06932830810547,20.64704872704486

metric,value
correlation,0.008296894266401912
height_gradient_magnitude,482786.2706451416
terrain_gradient_magnitude,161.4923267364502
