data_type,min_value,max_value,mean_value,std_dev
height,0.0,13978.0,3511.339328765869,2313.185917632556
terrain,99.0,249.0,211.11375427246094,23.244826190123504

metric,value
correlation,0.5709330952202323
height_gradient_magnitude,104045.09461784363
terrain_gradient_magnitude,64.57696628570557
