data_type,min_value,max_value,mean_value,std_dev
height,1.0,13178.0,2194.250259399414,1648.9239574269764
terrain,89.0,247.0,184.9521369934082,16.91890182092808

metric,value
correlation,-0.03453350921789222
height_gradient_magnitude,133465.70053863525
terrain_gradient_magnitude,130.08939361572266
