data_type,min_value,max_value,mean_value,std_dev
height,1.0,9320.0,2537.2561531066895,1983.8802416102417
terrain,95.0,242.0,180.89391326904297,14.096094276088612

metric,value
correlation,0.47267770552828936
height_gradient_magnitude,101059.20729827881
terrain_gradient_magnitude,84.87317657470703
