data_type,min_value,max_value,mean_value,std_dev
height,0.0,28987.0,593.0119590759277,2711.8742271417027
terrain,80.0,247.0,171.23760986328125,14.00785603904766

metric,value
correlation,-0.021598043497995566
height_gradient_magnitude,229859.87202453613
terrain_gradient_magnitude,61.61782646179199
