data_type,min_value,max_value,mean_value,std_dev
height,0.0,46053.0,3569.010639190674,7798.5042070748905
terrain,98.0,253.0,183.90335083007812,26.031155867691904

metric,value
correlation,0.2761762481457703
height_gradient_magnitude,492730.2465105057
terrain_gradient_magnitude,143.92498588562012
