data_type,min_value,max_value,mean_value,std_dev
height,268.0,12278.0,2090.731845855713,1116.8218306564881
terrain,105.0,250.0,207.34187698364258,17.96060804442782

metric,value
correlation,-0.2811888380686288
height_gradient_magnitude,59525.78333950043
terrain_gradient_magnitude,103.80746459960938
