data_type,min_value,max_value,mean_value,std_dev
height,0.0,35375.0,1239.1395454406738,2504.419457895216
terrain,98.0,250.0,181.58930206298828,21.096781053811597

metric,value
correlation,0.5051031392810064
height_gradient_magnitude,266382.65981578827
terrain_gradient_magnitude,111.40772914886475
