data_type,min_value,max_value,mean_value,std_dev
height,0.0,11834.0,471.6133689880371,1423.486973207193
terrain,101.0,247.0,172.97986602783203,12.793201890303886

metric,value
correlation,0.4358788227703417
height_gradient_magnitude,82973.95791625977
terrain_gradient_magnitude,45.21476459503174
