data_type,min_value,max_value,mean_value,std_dev
height,0.0,20311.0,2347.6079635620117,1995.5778256649326
terrain,87.0,255.0,225.1586685180664,25.004326281371018

metric,value
correlation,0.08059153424950344
height_gradient_magnitude,82195.43232727051
terrain_gradient_magnitude,62.31461048126221
