data_type,min_value,max_value,mean_value,std_dev
height,0.0,13986.0,305.71316146850586,1099.4525514710547
terrain,88.0,247.0,171.6881217956543,11.39570707731866

metric,value
correlation,0.24302105146550182
height_gradient_magnitude,77870.88977432251
terrain_gradient_magnitude,48.44926071166992
