data_type,min_value,max_value,mean_value,std_dev
height,0.0,23238.0,6465.1047706604,4922.913812619971
terrain,85.0,252.0,217.3637809753418,19.062838567494822

metric,value
correlation,-0.3640249873457208
height_gradient_magnitude,290121.90208911896
terrain_gradient_magnitude,162.8493423461914
