data_type,min_value,max_value,mean_value,std_dev
height,27.0,8365.0,2162.7944679260254,1344.7929092274996
terrain,108.0,241.0,193.7064437866211,13.533296239210145

metric,value
correlation,-0.0046553779666220875
height_gradient_magnitude,104029.30578231812
terrain_gradient_magnitude,103.32117176055908
