data_type,min_value,max_value,mean_value,std_dev
height,0.0,29797.0,5790.942489624023,4537.135990912575
terrain,84.0,255.0,208.61913681030273,25.186396590324286

metric,value
correlation,0.32034390255967077
height_gradient_magnitude,149140.45421218872
terrain_gradient_magnitude,93.46812438964844
