data_type,min_value,max_value,mean_value,std_dev
height,0.0,13403.0,79.62763595581055,514.6453434791534
terrain,94.0,244.0,169.73241806030273,5.714596588514701

metric,value
correlation,0.20100312143646795
height_gradient_magnitude,22240.814007759094
terrain_gradient_magnitude,11.637449264526367
