data_type,min_value,max_value,mean_value,std_dev
height,0.0,11883.0,1038.9499778747559,1522.7034289313608
terrain,111.0,254.0,188.85003280639648,24.13606469711363

metric,value
correlation,0.6394004845659379
height_gradient_magnitude,146139.6746931076
terrain_gradient_magnitude,96.12999820709229
