data_type,min_value,max_value,mean_value,std_dev
height,146.0,44693.0,11074.967540740967,5834.444858808219
terrain,90.0,254.0,215.3080062866211,16.17198008113383

metric,value
correlation,-0.09554430074831477
height_gradient_magnitude,212993.2541666031
terrain_gradient_magnitude,67.68168354034424
