data_type,min_value,max_value,mean_value,std_dev
height,0.0,12213.0,103.41626358032227,777.317062252654
terrain,100.0,242.0,169.0987434387207,4.444322537303633

metric,value
correlation,0.05454352829564533
height_gradient_magnitude,83187.59326934814
terrain_gradient_magnitude,18.991358757019043
