data_type,min_value,max_value,mean_value,std_dev
height,0.0,24802.0,492.7993850708008,1734.2241225808264
terrain,102.0,245.0,175.17215728759766,16.695881947052364

metric,value
correlation,0.4265948357807761
height_gradient_magnitude,74060.11588954926
terrain_gradient_magnitude,30.27884292602539
