data_type,min_value,max_value,mean_value,std_dev
height,1206.0,19797.0,6029.036365509033,3209.952980365199
terrain,94.0,253.0,191.52529907226562,20.9840467088735

metric,value
correlation,0.1984092197058882
height_gradient_magnitude,707243.8321762085
terrain_gradient_magnitude,337.5289993286133
