data_type,min_value,max_value,mean_value,std_dev
height,128.0,44617.0,4249.058795928955,4099.398278231989
terrain,101.0,250.0,221.2703971862793,12.75469711192987

metric,value
correlation,-0.6706055017286706
height_gradient_magnitude,103296.70821762085
terrain_gradient_magnitude,36.70261859893799
