data_type,min_value,max_value,mean_value,std_dev
height,36.0,11406.0,1420.382438659668,991.9653164795319
terrain,102.0,245.0,191.18549728393555,13.682712895109875

metric,value
correlation,-0.1747183402744055
height_gradient_magnitude,50426.927337646484
terrain_gradient_magnitude,80.31529235839844
