data_type,min_value,max_value,mean_value,std_dev
height,0.0,20078.0,921.020336151123,2317.072087885391
terrain,81.0,249.0,173.1424560546875,14.219832778931126

metric,value
correlation,0.14918648691211742
height_gradient_magnitude,209891.2852458954
terrain_gradient_magnitude,101.62991905212402
