data_type,min_value,max_value,mean_value,std_dev
height,0.0,31194.0,2253.034954071045,2919.2986468648737
terrain,94.0,254.0,203.54792404174805,29.795851686923015

metric,value
correlation,0.33557084081354493
height_gradient_magnitude,106795.22443675995
terrain_gradient_magnitude,53.85137176513672
