data_type,min_value,max_value,mean_value,std_dev
height,0.0,12697.0,424.0668830871582,1368.1969322012098
terrain,101.0,250.0,177.8962287902832,19.306442753927822

metric,value
correlation,0.37712159375856125
height_gradient_magnitude,56679.22960853577
terrain_gradient_magnitude,60.92582893371582
