data_type,min_value,max_value,mean_value,std_dev
height,0.0,16402.0,219.61490631103516,1187.0850179072938
terrain,101.0,244.0,170.1631622314453,6.571218522942974

metric,value
correlation,0.35135354471397073
height_gradient_magnitude,62304.763217926025
terrain_gradient_magnitude,16.24068260192871
