data_type,min_value,max_value,mean_value,std_dev
height,4.0,16795.0,4543.028942108154,2587.5812690757302
terrain,99.0,250.0,194.44715118408203,19.028910860024787

metric,value
correlation,0.12252277026246843
height_gradient_magnitude,479096.5516529083
terrain_gradient_magnitude,289.22597217559814
