data_type,min_value,max_value,mean_value,std_dev
height,3.0,46736.0,2506.9517822265625,3102.117454431724
terrain,61.0,255.0,196.9603729248047,21.898131808539944

metric,value
correlation,0.10280014797792708
height_gradient_magnitude,699691.7139949799
terrain_gradient_magnitude,316.16381072998047
