data_type,min_value,max_value,mean_value,std_dev
height,0.0,41065.0,1432.8640899658203,3633.7872529818824
terrain,66.0,255.0,174.2546157836914,19.969330295007722

metric,value
correlation,0.4675509033473743
height_gradient_magnitude,683202.2241821289
terrain_gradient_magnitude,201.09126472473145
