data_type,min_value,max_value,mean_value,std_dev
height,0.0,255.0,169.19581796910865,74.32656669341308
terrain,112.0,203.0,164.7049476505694,13.548249246159296

metric,value
correlation,-0.29675580134291746
height_gradient_magnitude,2147.1907237105156
terrain_gradient_magnitude,81.8299994816888
