data_type,min_value,max_value,mean_value,std_dev
height,0.0,17336.0,528.5051574707031,1750.6260275269103
terrain,89.0,247.0,174.37845611572266,15.012586954360069

metric,value
correlation,0.4866409770638739
height_gradient_magnitude,70325.50343990326
terrain_gradient_magnitude,35.38841247558594
