data_type,min_value,max_value,mean_value,std_dev
height,0.0,24411.0,4462.1130027771,4951.340275542193
terrain,96.0,251.0,197.72452545166016,24.69337465958999

metric,value
correlation,0.49375188622893956
height_gradient_magnitude,196964.91474437714
terrain_gradient_magnitude,80.17973518371582
