data_type,min_value,max_value,mean_value,std_dev
height,1087.0,18426.0,5605.283706665039,2343.6502828137486
terrain,100.0,250.0,195.81058883666992,17.762617131222946

metric,value
correlation,0.04115295075483507
height_gradient_magnitude,314595.55112838745
terrain_gradient_magnitude,226.64224529266357
