data_type,min_value,max_value,mean_value,std_dev
height,1.0,19508.0,4468.647666931152,4081.938905196044
terrain,102.0,247.0,206.77197265625,22.11263722322711

metric,value
correlation,0.38231723887422425
height_gradient_magnitude,143890.07703113556
terrain_gradient_magnitude,75.5193920135498
