data_type,min_value,max_value,mean_value,std_dev
height,1.0,8455.0,4219.894737243652,907.783757590663
terrain,92.0,238.0,190.89229202270508,14.35633445854551

metric,value
correlation,0.07059333848467808
height_gradient_magnitude,80423.23101043701
terrain_gradient_magnitude,96.26639652252197
