data_type,min_value,max_value,mean_value,std_dev
height,2.0,22436.0,2386.018283843994,2599.1209856631613
terrain,104.0,245.0,201.92906188964844,21.69141283031207

metric,value
correlation,0.4246456780080268
height_gradient_magnitude,81313.1336221695
terrain_gradient_magnitude,58.2365140914917
