data_type,min_value,max_value,mean_value,std_dev
height,0.0,8889.0,242.53838729858398,804.9627315109116
terrain,106.0,250.0,174.96567916870117,16.422418350883273

metric,value
correlation,0.6209194880034414
height_gradient_magnitude,84059.63741970062
terrain_gradient_magnitude,53.20043182373047
