data_type,min_value,max_value,mean_value,std_dev
height,2.0,27938.0,8181.063201904297,4701.110774147588
terrain,77.0,255.0,178.2369842529297,28.891947844190803

metric,value
correlation,0.21027859274431657
height_gradient_magnitude,2581904.4238824844
terrain_gradient_magnitude,649.8273906707764
