data_type,min_value,max_value,mean_value,std_dev
height,1756.0,25625.0,11555.081993103027,4314.31346720744
terrain,85.0,252.0,197.1548957824707,26.434018274685865

metric,value
correlation,0.1315528907382714
height_gradient_magnitude,898623.6984395981
terrain_gradient_magnitude,427.60718727111816
