data_type,min_value,max_value,mean_value,std_dev
height,3551.0,27467.0,12997.352401733398,3977.259631717501
terrain,94.0,252.0,207.84553909301758,20.70545062883223

metric,value
correlation,-0.03538553476735427
height_gradient_magnitude,491894.09474754333
terrain_gradient_magnitude,274.45724296569824
