data_type,min_value,max_value,mean_value,std_dev
height,0.0,32705.0,1444.9104690551758,3808.506488380704
terrain,99.0,243.0,180.0886001586914,16.94427784487268

metric,value
correlation,0.06415810337796872
height_gradient_magnitude,208349.425532341
terrain_gradient_magnitude,72.86687469482422
