data_type,min_value,max_value,mean_value,std_dev
height,4.0,11702.0,2417.960605621338,1199.628149332616
terrain,91.0,249.0,188.54345321655273,17.12530951944574

metric,value
correlation,-0.3585061470783414
height_gradient_magnitude,69534.50973701477
terrain_gradient_magnitude,104.21195697784424
