data_type,min_value,max_value,mean_value,std_dev
height,0.0,255.0,169.56921675774134,74.8454289258261
terrain,110.0,201.0,164.88991070238572,13.927996793352373

metric,value
correlation,-0.3055864898216919
height_gradient_magnitude,2123.7232643979446
terrain_gradient_magnitude,82.59239637478342
