data_type,min_value,max_value,mean_value,std_dev
height,0.0,19943.0,372.743896484375,1586.1704030587796
terrain,90.0,253.0,170.75737762451172,11.471259772350566

metric,value
correlation,0.10689980218898126
height_gradient_magnitude,244172.20942401886
terrain_gradient_magnitude,61.58945083618164
