data_type,min_value,max_value,mean_value,std_dev
height,1.0,25266.0,404.82538986206055,1428.3065036239286
terrain,99.0,243.0,173.93882369995117,14.981436103320693

metric,value
correlation,0.3210735616725631
height_gradient_magnitude,102547.32941436768
terrain_gradient_magnitude,48.03166198730469
