data_type,min_value,max_value,mean_value,std_dev
height,1.0,46269.0,6094.802452087402,5282.348844089423
terrain,70.0,255.0,192.27824020385742,28.982569384839124

metric,value
correlation,0.2561503312363149
height_gradient_magnitude,1568846.7520074844
terrain_gradient_magnitude,555.8917369842529
