data_type,min_value,max_value,mean_value,std_dev
height,0.0,37975.0,10111.678241729736,7569.165643305463
terrain,84.0,255.0,208.7861213684082,23.685109641760743

metric,value
correlation,-0.37434570943142764
height_gradient_magnitude,767096.0847387314
terrain_gradient_magnitude,247.6010618209839
