data_type,min_value,max_value,mean_value,std_dev
height,0.0,8766.0,386.0720405578613,654.9356282132591
terrain,100.0,243.0,178.18903350830078,12.414055529703253

metric,value
correlation,0.49586082214907584
height_gradient_magnitude,24204.715087890625
terrain_gradient_magnitude,21.14245319366455
