data_type,min_value,max_value,mean_value,std_dev
height,0.0,13940.0,827.7973403930664,2101.071903773621
terrain,96.0,254.0,180.12007904052734,20.540552934371306

metric,value
correlation,0.40841237397882396
height_gradient_magnitude,148137.33948993683
terrain_gradient_magnitude,95.97991466522217
