data_type,min_value,max_value,mean_value,std_dev
height,0.0,34746.0,1426.1040077209473,2663.2909768421105
terrain,95.0,251.0,182.8424186706543,21.82503986096023

metric,value
correlation,0.49294321992402484
height_gradient_magnitude,306576.42552948
terrain_gradient_magnitude,129.41986656188965
