data_type,min_value,max_value,mean_value,std_dev
height,0.0,17307.0,4497.077919006348,3367.22381993333
terrain,104.0,254.0,214.90649032592773,25.00172393938264

metric,value
correlation,0.3985242161532332
height_gradient_magnitude,135983.92684459686
terrain_gradient_magnitude,75.80008125305176
