data_type,min_value,max_value,mean_value,std_dev
height,0.0,13769.0,442.9966354370117,1069.7679742942646
terrain,91.0,244.0,173.8384132385254,10.704866337727157

metric,value
correlation,0.2857713949760674
height_gradient_magnitude,40684.656129837036
terrain_gradient_magnitude,39.63192558288574
