data_type,min_value,max_value,mean_value,std_dev
height,193.0,7840.0,2272.8557052612305,1122.460372255741
terrain,107.0,242.0,188.2946014404297,12.93777664846455

metric,value
correlation,-0.07901706453097278
height_gradient_magnitude,90204.32026195526
terrain_gradient_magnitude,95.41484069824219
