data_type,min_value,max_value,mean_value,std_dev
height,0.0,28928.0,2420.17484664917,3706.4398649017994
terrain,95.0,255.0,177.3653335571289,23.428920467874416

metric,value
correlation,0.36612669292018285
height_gradient_magnitude,940657.7471218109
terrain_gradient_magnitude,279.01025199890137
