data_type,min_value,max_value,mean_value,std_dev
height,544.0,51820.0,8303.567726135254,10224.008421247368
terrain,97.0,255.0,211.18685150146484,22.384369461398038

metric,value
correlation,-0.36381017379427105
height_gradient_magnitude,516090.72936439514
terrain_gradient_magnitude,163.40154361724854
