data_type,min_value,max_value,mean_value,std_dev
height,0.0,255.0,168.5957690997675,75.29322172451197
terrain,112.0,202.0,164.02589334636517,13.83447578791641

metric,value
correlation,-0.3028979989237546
height_gradient_magnitude,1570.8252587853747
terrain_gradient_magnitude,69.3025456484073
