data_type,min_value,max_value,mean_value,std_dev
height,1.0,9492.0,112.66713333129883,584.7103615459653
terrain,92.0,248.0,172.6932716369629,13.932842744781501

metric,value
correlation,0.22127254585198405
height_gradient_magnitude,34611.10802459717
terrain_gradient_magnitude,33.20466709136963
