data_type,min_value,max_value,mean_value,std_dev
height,0.0,24978.0,4441.939304351807,3874.6644308649447
terrain,83.0,252.0,201.51323699951172,25.984337128638746

metric,value
correlation,0.24392979615077337
height_gradient_magnitude,381175.30692481995
terrain_gradient_magnitude,162.71667194366455
