data_type,min_value,max_value,mean_value,std_dev
height,0.0,32566.0,12114.465980529785,5208.227936928121
terrain,90.0,255.0,208.74038696289062,23.401135181959898

metric,value
correlation,-0.24145045885042338
height_gradient_magnitude,701099.4998493195
terrain_gradient_magnitude,251.90356636047363
