data_type,min_value,max_value,mean_value,std_dev
height,1.0,20612.0,395.5798110961914,1378.1473244201868
terrain,99.0,244.0,174.3483123779297,15.40824487777421

metric,value
correlation,0.2259785164998468
height_gradient_magnitude,121282.86087226868
terrain_gradient_magnitude,58.30148124694824
