data_type,min_value,max_value,mean_value,std_dev
height,4.0,26575.0,6960.587547302246,6165.633517716149
terrain,95.0,248.0,198.7923698425293,25.42828171353722

metric,value
correlation,0.6222982720836406
height_gradient_magnitude,251753.10839176178
terrain_gradient_magnitude,158.14407634735107
