data_type,min_value,max_value,mean_value,std_dev
height,2.0,17707.0,534.1267776489258,1348.5801774195756
terrain,72.0,255.0,178.9189224243164,19.146839191466807

metric,value
correlation,0.5030555755846642
height_gradient_magnitude,254396.43482780457
terrain_gradient_magnitude,127.21963787078857
