data_type,min_value,max_value,mean_value,std_dev
height,0.0,255.0,168.85773838612704,74.31790739559797
terrain,98.0,203.0,165.26781139396093,13.881704622788567

metric,value
correlation,-0.30127613485150917
height_gradient_magnitude,2090.8279428969154
terrain_gradient_magnitude,82.79717372310336
