data_type,min_value,max_value,mean_value,std_dev
height,1552.0,31212.0,13856.200393676758,3811.3315057198133
terrain,90.0,255.0,210.93267440795898,21.305569035386938

metric,value
correlation,-0.2926684830451341
height_gradient_magnitude,514928.5876941681
terrain_gradient_magnitude,210.82193851470947
