data_type,min_value,max_value,mean_value,std_dev
height,27.0,11859.0,2198.801643371582,1157.5658831141066
terrain,106.0,248.0,210.6580467224121,17.356232527523154

metric,value
correlation,-0.34622441666349113
height_gradient_magnitude,58143.1311006546
terrain_gradient_magnitude,96.61186981201172
