data_type,min_value,max_value,mean_value,std_dev
height,0.0,34478.0,5785.422035217285,5018.340718239526
terrain,63.0,255.0,182.17364883422852,28.855462294098675

metric,value
correlation,0.38380941275267144
height_gradient_magnitude,1928966.909409523
terrain_gradient_magnitude,593.1563177108765
