data_type,min_value,max_value,mean_value,std_dev
height,0.0,21552.0,6099.974227905273,4906.347913550386
terrain,68.0,255.0,180.35560989379883,29.072578549112247

metric,value
correlation,0.35217069062161055
height_gradient_magnitude,2102993.7969989777
terrain_gradient_magnitude,661.5406799316406
