data_type,min_value,max_value,mean_value,std_dev
height,2870.0,26185.0,6085.082977294922,2928.6684954052844
terrain,92.0,253.0,228.35114669799805,16.448526676522494

metric,value
correlation,-0.5838454348738314
height_gradient_magnitude,94235.2029247284
terrain_gradient_magnitude,50.71866989135742
