data_type,min_value,max_value,mean_value,std_dev
height,389.0,7871.0,2667.815902709961,952.6792840700894
terrain,105.0,241.0,188.79381942749023,13.972647397082254

metric,value
correlation,-0.040892269939205785
height_gradient_magnitude,88407.69352340698
terrain_gradient_magnitude,90.13165664672852
