data_type,min_value,max_value,mean_value,std_dev
height,0.0,24886.0,3054.1814308166504,3409.6722501013423
terrain,113.0,249.0,196.16833877563477,27.110458088769658

metric,value
correlation,0.6507110600495992
height_gradient_magnitude,201261.8091058731
terrain_gradient_magnitude,99.3171796798706
