data_type,min_value,max_value,mean_value,std_dev
height,0.0,18919.0,1735.9293060302734,2324.7974047607445
terrain,101.0,248.0,195.79223251342773,27.009310843722435

metric,value
correlation,0.52491642335364
height_gradient_magnitude,148966.1125383377
terrain_gradient_magnitude,89.39724922180176
