data_type,min_value,max_value,mean_value,std_dev
height,7597.0,43449.0,22201.730800628662,9031.794131800969
terrain,93.0,255.0,214.9386100769043,21.526201388936673

metric,value
correlation,-0.2525478776667296
height_gradient_magnitude,600251.9012937546
terrain_gradient_magnitude,223.35180759429932
