data_type,min_value,max_value,mean_value,std_dev
height,0.0,25051.0,1398.601951599121,2020.7467854325625
terrain,110.0,254.0,196.51859283447266,29.87923215495652

metric,value
correlation,0.5531789635002787
height_gradient_magnitude,49592.295020103455
terrain_gradient_magnitude,33.01651477813721
