data_type,min_value,max_value,mean_value,std_dev
height,0.0,11876.0,391.3075180053711,1431.8757173637057
terrain,106.0,248.0,174.3743133544922,16.15557244554988

metric,value
correlation,0.5468235517352196
height_gradient_magnitude,42183.225668907166
terrain_gradient_magnitude,32.07641315460205
