data_type,min_value,max_value,mean_value,std_dev
height,0.0,28022.0,514.5570182800293,2000.525025391882
terrain,98.0,244.0,173.17292022705078,11.700634358172676

metric,value
correlation,0.21791070044286956
height_gradient_magnitude,160968.95704555511
terrain_gradient_magnitude,46.806182861328125
