data_type,min_value,max_value,mean_value,std_dev
height,779.0,44186.0,8003.03288269043,10038.31453600173
terrain,98.0,255.0,205.58084106445312,21.563607876048156

metric,value
correlation,-0.21945946778218856
height_gradient_magnitude,489317.989572525
terrain_gradient_magnitude,186.93192672729492
