data_type,min_value,max_value,mean_value,std_dev
height,0.0,27660.0,5064.157367706299,4776.281164899206
terrain,88.0,254.0,204.66084671020508,29.32540511209774

metric,value
correlation,0.34548337377115945
height_gradient_magnitude,375909.43698883057
terrain_gradient_magnitude,163.43957710266113
