data_type,min_value,max_value,mean_value,std_dev
height,0.0,11020.0,321.0978889465332,1284.8237726885582
terrain,103.0,245.0,171.58017349243164,10.925751396843287

metric,value
correlation,0.6560666240330887
height_gradient_magnitude,29866.74489212036
terrain_gradient_magnitude,22.666136741638184
