data_type,min_value,max_value,mean_value,std_dev
height,21.0,13325.0,1560.7040672302246,1208.524687485944
terrain,103.0,247.0,188.66759490966797,12.83641312485983

metric,value
correlation,0.043696451686851163
height_gradient_magnitude,97110.733543396
terrain_gradient_magnitude,94.71103000640869
