data_type,min_value,max_value,mean_value,std_dev
height,0.0,24980.0,501.002685546875,1705.7193505627845
terrain,102.0,247.0,179.2178726196289,20.91554921734354

metric,value
correlation,0.2372237568359488
height_gradient_magnitude,87751.46206760406
terrain_gradient_magnitude,35.16825866699219
