data_type,min_value,max_value,mean_value,std_dev
height,103.0,16305.0,2372.3914108276367,1923.3175884058658
terrain,87.0,249.0,212.2867202758789,21.57947272824351

metric,value
correlation,-0.48423665401630417
height_gradient_magnitude,143064.73940849304
terrain_gradient_magnitude,187.69216632843018
