data_type,min_value,max_value,mean_value,std_dev
height,0.0,14826.0,1315.760814666748,2684.7890361160207
terrain,93.0,255.0,180.25102996826172,20.525623656998718

metric,value
correlation,0.4883388213535603
height_gradient_magnitude,276812.6489057541
terrain_gradient_magnitude,129.43081855773926
