data_type,min_value,max_value,mean_value,std_dev
height,2.0,15007.0,2323.8051528930664,2741.899360687716
terrain,86.0,252.0,201.61046600341797,33.353329205833035

metric,value
correlation,0.7304628575665658
height_gradient_magnitude,57086.60573005676
terrain_gradient_magnitude,29.970953941345215
