data_type,min_value,max_value,mean_value,std_dev
height,0.0,18914.0,263.13293075561523,1113.4917519340777
terrain,87.0,247.0,170.84542846679688,10.587305817333158

metric,value
correlation,0.04405681976490962
height_gradient_magnitude,66057.46569538116
terrain_gradient_magnitude,38.00655269622803
