data_type,min_value,max_value,mean_value,std_dev
height,0.0,14948.0,1744.9046783447266,2920.544422809143
terrain,99.0,251.0,180.99824142456055,20.838035904233706

metric,value
correlation,0.6054666364724598
height_gradient_magnitude,276488.1363334656
terrain_gradient_magnitude,157.96709728240967
