data_type,min_value,max_value,mean_value,std_dev
height,0.0,20561.0,4556.059551239014,3564.7551729640254
terrain,98.0,254.0,209.22428131103516,16.810863951834676

metric,value
correlation,-0.05071208687040292
height_gradient_magnitude,151662.14653491974
terrain_gradient_magnitude,84.57561588287354
