data_type,min_value,max_value,mean_value,std_dev
height,430.0,60379.0,5411.165386199951,9684.24279022415
terrain,88.0,255.0,218.18399810791016,26.493379956141585

metric,value
correlation,-0.457408702419271
height_gradient_magnitude,936177.2188329697
terrain_gradient_magnitude,212.93656158447266
