data_type,min_value,max_value,mean_value,std_dev
height,0.0,15037.0,454.38497161865234,1735.7122404921004
terrain,91.0,243.0,171.69668579101562,12.126960026618798

metric,value
correlation,0.5762169686202552
height_gradient_magnitude,50917.28783893585
terrain_gradient_magnitude,33.1170129776001
