data_type,min_value,max_value,mean_value,std_dev
height,0.0,17545.0,4098.595634460449,3472.7179111139994
terrain,98.0,253.0,193.2951316833496,23.92524549360729

metric,value
correlation,0.48411162109445116
height_gradient_magnitude,527551.8715400696
terrain_gradient_magnitude,291.56311988830566
