data_type,min_value,max_value,mean_value,std_dev
height,0.0,23195.0,1054.7449073791504,1699.9988922370235
terrain,88.0,249.0,212.2163314819336,24.692882856228994

metric,value
correlation,0.06389968440463961
height_gradient_magnitude,68573.02341938019
terrain_gradient_magnitude,65.01659870147705
