data_type,min_value,max_value,mean_value,std_dev
height,4.0,34543.0,10395.333854675293,6758.842535038334
terrain,88.0,254.0,213.35186004638672,23.142841210467502

metric,value
correlation,-0.4320759800574811
height_gradient_magnitude,799571.0884990692
terrain_gradient_magnitude,232.0800018310547
