data_type,min_value,max_value,mean_value,std_dev
height,305.0,28376.0,8817.557579040527,4701.1190721211915
terrain,85.0,253.0,220.26918029785156,21.28153066678823

metric,value
correlation,-0.28718221272377875
height_gradient_magnitude,264112.34824085236
terrain_gradient_magnitude,164.24082851409912
