data_type,min_value,max_value,mean_value,std_dev
height,3.0,8817.0,841.2178573608398,1389.8579344350308
terrain,94.0,249.0,180.24482345581055,18.008125640773756

metric,value
correlation,0.20152165060655297
height_gradient_magnitude,52651.45222949982
terrain_gradient_magnitude,82.89732551574707
