data_type,min_value,max_value,mean_value,std_dev
height,2348.0,52448.0,9436.395095825195,8344.114928499414
terrain,88.0,255.0,210.21506118774414,24.332446430179747

metric,value
correlation,-0.27389788817124544
height_gradient_magnitude,888607.2015342712
terrain_gradient_magnitude,250.71892833709717
