data_type,min_value,max_value,mean_value,std_dev
height,1014.0,62935.0,18127.571140289307,15557.404213029648
terrain,84.0,255.0,202.49392700195312,36.86662038639286

metric,value
correlation,-0.3479183245721091
height_gradient_magnitude,3371705.5505228043
terrain_gradient_magnitude,673.8054618835449
