data_type,min_value,max_value,mean_value,std_dev
height,0.0,255.0,168.9250299880048,75.54634488383357
terrain,112.0,201.0,163.87328031750263,14.07013412001394

metric,value
correlation,-0.3069778106052421
height_gradient_magnitude,1578.2543390051387
terrain_gradient_magnitude,69.40764064744472
