data_type,min_value,max_value,mean_value,std_dev
height,0.0,22081.0,8787.537532806396,3586.4571570885005
terrain,68.0,255.0,184.85852813720703,27.918191565399617

metric,value
correlation,0.20680687681414334
height_gradient_magnitude,1916811.7712602615
terrain_gradient_magnitude,637.0465631484985
