data_type,min_value,max_value,mean_value,std_dev
height,3909.0,19293.0,7805.726509094238,2149.994595672861
terrain,102.0,247.0,211.27041244506836,16.403767980153535

metric,value
correlation,-0.3808696269629522
height_gradient_magnitude,137306.0980195999
terrain_gradient_magnitude,95.89598178863525
