data_type,min_value,max_value,mean_value,std_dev
height,1.0,13922.0,1979.3864784240723,2469.5414526439977
terrain,111.0,244.0,193.15887832641602,24.381852805586853

metric,value
correlation,0.6416147379058658
height_gradient_magnitude,92116.23270988464
terrain_gradient_magnitude,67.36827373504639
