data_type,min_value,max_value,mean_value,std_dev
height,343.0,28880.0,8433.275314331055,4544.145685858362
terrain,94.0,252.0,203.09456634521484,24.092599859653344

metric,value
correlation,0.04096164475095204
height_gradient_magnitude,692577.8278656006
terrain_gradient_magnitude,389.25548934936523
