data_type,min_value,max_value,mean_value,std_dev
height,727.0,32778.0,6235.043762207031,5138.432699836414
terrain,90.0,255.0,209.87125396728516,23.085237604842806

metric,value
correlation,-0.326817269063821
height_gradient_magnitude,641179.538061142
terrain_gradient_magnitude,258.54733180999756
