data_type,min_value,max_value,mean_value,std_dev
height,0.0,52408.0,9972.131938934326,13472.675358297625
terrain,90.0,255.0,182.3212547302246,24.70133939909919

metric,value
correlation,0.4757907186033406
height_gradient_magnitude,669379.5072689056
terrain_gradient_magnitude,216.03120040893555
