data_type,min_value,max_value,mean_value,std_dev
height,0.0,23966.0,3361.1920890808105,5430.972099802299
terrain,80.0,251.0,190.41248321533203,26.809384194040543

metric,value
correlation,0.47528128671379677
height_gradient_magnitude,279442.50525188446
terrain_gradient_magnitude,112.88909435272217
