data_type,min_value,max_value,mean_value,std_dev
height,0.0,19901.0,350.890079498291,1489.4094939272886
terrain,87.0,252.0,168.97655868530273,8.689068978465354

metric,value
correlation,-0.061122590033144325
height_gradient_magnitude,271791.35193252563
terrain_gradient_magnitude,70.82555770874023
