data_type,min_value,max_value,mean_value,std_dev
height,0.0,18787.0,1218.126609802246,2913.495205688081
terrain,83.0,250.0,173.40889739990234,15.57945979303263

metric,value
correlation,0.2046620801302396
height_gradient_magnitude,189344.58172416687
terrain_gradient_magnitude,110.18732261657715
