data_type,min_value,max_value,mean_value,std_dev
height,1.0,16734.0,1773.3186645507812,2093.0186019632524
terrain,98.0,247.0,216.40304565429688,23.192863383541138

metric,value
correlation,-0.3298885697666565
height_gradient_magnitude,136567.19584655762
terrain_gradient_magnitude,97.48852443695068
