data_type,min_value,max_value,mean_value,std_dev
height,1.0,21259.0,2950.080551147461,3208.0721759864373
terrain,86.0,252.0,201.37348175048828,27.4873232594758

metric,value
correlation,0.44387287898355604
height_gradient_magnitude,159603.11110305786
terrain_gradient_magnitude,85.46929931640625
