data_type,min_value,max_value,mean_value,std_dev
height,1642.0,22276.0,8197.954154968262,2735.650913651109
terrain,96.0,252.0,196.70422744750977,23.26408700055749

metric,value
correlation,0.07950589480854586
height_gradient_magnitude,874195.9872217178
terrain_gradient_magnitude,430.7236318588257
