data_type,min_value,max_value,mean_value,std_dev
height,0.0,49895.0,14801.005786895752,13389.863198013853
terrain,88.0,255.0,190.96575164794922,29.31963754509881

metric,value
correlation,0.3559086733112362
height_gradient_magnitude,1942566.2526874542
terrain_gradient_magnitude,441.07905673980713
