data_type,min_value,max_value,mean_value,std_dev
height,0.0,20734.0,3386.143985748291,4520.954788522068
terrain,99.0,245.0,187.37845611572266,23.515653499447335

metric,value
correlation,0.7400662020624812
height_gradient_magnitude,129650.32553577423
terrain_gradient_magnitude,86.96570014953613
