data_type,min_value,max_value,mean_value,std_dev
height,2.0,13393.0,2343.6460456848145,1615.2649841424115
terrain,90.0,249.0,186.05964279174805,17.6117703705588

metric,value
correlation,-0.1471702136964386
height_gradient_magnitude,130879.27328300476
terrain_gradient_magnitude,135.22944736480713
