data_type,min_value,max_value,mean_value,std_dev
height,743.0,22070.0,6098.135471343994,2964.267277980841
terrain,97.0,252.0,196.67953491210938,20.169811931644578

metric,value
correlation,0.1743345881833219
height_gradient_magnitude,619636.5897340775
terrain_gradient_magnitude,318.0298547744751
