data_type,min_value,max_value,mean_value,std_dev
height,4.0,21911.0,274.6973342895508,1252.97408723013
terrain,100.0,247.0,170.61296844482422,8.927230494796905

metric,value
correlation,0.26162904595150066
height_gradient_magnitude,88073.69219303131
terrain_gradient_magnitude,29.74515724182129
