data_type,min_value,max_value,mean_value,std_dev
height,0.0,11998.0,1053.4286918640137,1701.4483368132376
terrain,97.0,248.0,195.26729583740234,27.159346432685737

metric,value
correlation,0.4039697854588501
height_gradient_magnitude,80453.55446529388
terrain_gradient_magnitude,66.02738094329834
