data_type,min_value,max_value,mean_value,std_dev
height,6442.0,52182.0,18742.749954223633,13728.873647149925
terrain,94.0,255.0,224.7510871887207,17.07207594113759

metric,value
correlation,-0.34421262029798116
height_gradient_magnitude,398575.4171857834
terrain_gradient_magnitude,136.77836894989014
