data_type,min_value,max_value,mean_value,std_dev
height,0.0,255.0,169.34088586787507,74.00123134388112
terrain,112.0,202.0,165.30818783597672,13.660445138557085

metric,value
correlation,-0.30396574096648615
height_gradient_magnitude,2107.083048262177
terrain_gradient_magnitude,82.51712833385164
