data_type,min_value,max_value,mean_value,std_dev
height,0.0,41830.0,5226.795974731445,6688.197051109049
terrain,79.0,255.0,199.68278884887695,30.77752615350676

metric,value
correlation,-0.062247799920402996
height_gradient_magnitude,1010963.5672111511
terrain_gradient_magnitude,290.6134080886841
