data_type,min_value,max_value,mean_value,std_dev
height,0.0,30488.0,3045.610206604004,5293.616929197391
terrain,84.0,250.0,185.32480239868164,24.2197326618126

metric,value
correlation,0.05949588779564709
height_gradient_magnitude,503491.4279232025
terrain_gradient_magnitude,167.0117540359497
