data_type,min_value,max_value,mean_value,std_dev
height,20962.0,48058.0,34667.8796081543,5102.3170967632
terrain,101.0,255.0,216.7849884033203,22.848604499922082

metric,value
correlation,0.0013573234923631463
height_gradient_magnitude,726371.1222581863
terrain_gradient_magnitude,334.4639530181885
