data_type,min_value,max_value,mean_value,std_dev
height,2846.0,19800.0,7496.336154937744,2701.3662990777084
terrain,90.0,249.0,191.79898071289062,21.761601398077477

metric,value
correlation,0.13339663910984664
height_gradient_magnitude,496723.2171897888
terrain_gradient_magnitude,274.5427303314209
