data_type,min_value,max_value,mean_value,std_dev
height,1146.0,33575.0,9616.246280670166,4799.162515994889
terrain,88.0,254.0,214.90161514282227,18.176205152111528

metric,value
correlation,-0.3605129521471825
height_gradient_magnitude,268755.7987546921
terrain_gradient_magnitude,106.07309436798096
