data_type,min_value,max_value,mean_value,std_dev
height,358.0,15550.0,3294.813232421875,1962.8509616540923
terrain,99.0,249.0,194.42731094360352,13.096492785608751

metric,value
correlation,0.18392834094085853
height_gradient_magnitude,172081.0884552002
terrain_gradient_magnitude,120.61454105377197
