data_type,min_value,max_value,mean_value,std_dev
height,0.0,255.0,168.96459194100137,74.45740397024122
terrain,101.0,202.0,164.61003746649487,13.837705386834083

metric,value
correlation,-0.29847828361635353
height_gradient_magnitude,2115.6709038606778
terrain_gradient_magnitude,80.91487664193582
