data_type,min_value,max_value,mean_value,std_dev
height,0.0,34694.0,793.3817481994629,2718.059487258383
terrain,97.0,246.0,175.5380859375,13.871220769921017

metric,value
correlation,0.28003601346315177
height_gradient_magnitude,186131.95650196075
terrain_gradient_magnitude,55.76149082183838
