data_type,min_value,max_value,mean_value,std_dev
height,0.0,37668.0,9020.341365814209,4604.021276120424
terrain,92.0,254.0,212.98816680908203,18.749555790376277

metric,value
correlation,-0.3406077844597876
height_gradient_magnitude,252170.56597995758
terrain_gradient_magnitude,82.28624534606934
