data_type,min_value,max_value,mean_value,std_dev
height,0.0,16564.0,2829.3722953796387,2642.980310150102
terrain,100.0,250.0,208.23376846313477,26.06432363115976

metric,value
correlation,-0.10394585982924616
height_gradient_magnitude,203710.40337467194
terrain_gradient_magnitude,130.24559688568115
