data_type,min_value,max_value,mean_value,std_dev
height,0.0,48571.0,7976.803504943848,11835.212365737814
terrain,95.0,255.0,181.64385604858398,26.5291405759776

metric,value
correlation,0.4031775157963404
height_gradient_magnitude,1285146.2170877457
terrain_gradient_magnitude,284.4913282394409
