data_type,min_value,max_value,mean_value,std_dev
height,453.0,7694.0,3436.766216278076,963.7309890901873
terrain,113.0,241.0,198.0264778137207,14.838944691140219

metric,value
correlation,0.2681703769980931
height_gradient_magnitude,164359.57403850555
terrain_gradient_magnitude,141.86280155181885
