data_type,min_value,max_value,mean_value,std_dev
height,4.0,21931.0,6418.790798187256,3757.1059347961113
terrain,93.0,252.0,198.7096176147461,22.974717675141584

metric,value
correlation,0.2563491822875565
height_gradient_magnitude,755934.5041456223
terrain_gradient_magnitude,408.20080947875977
