data_type,min_value,max_value,mean_value,std_dev
height,4070.0,32272.0,13801.08578491211,4810.080198703854
terrain,89.0,254.0,204.5969352722168,23.4652162598568

metric,value
correlation,-0.09305413223737447
height_gradient_magnitude,699416.6217479706
terrain_gradient_magnitude,309.14456844329834
