data_type,min_value,max_value,mean_value,std_dev
height,0.0,17322.0,409.6665458679199,1018.9906909969903
terrain,81.0,250.0,180.19668197631836,17.97171450091201

metric,value
correlation,0.11690938619815598
height_gradient_magnitude,126017.27018165588
terrain_gradient_magnitude,103.7691478729248
