data_type,min_value,max_value,mean_value,std_dev
height,0.0,17068.0,731.1648216247559,1707.1507148954488
terrain,83.0,247.0,175.0169792175293,16.44421196602218

metric,value
correlation,0.25472192069757393
height_gradient_magnitude,147907.23374462128
terrain_gradient_magnitude,88.65515613555908
