data_type,min_value,max_value,mean_value,std_dev
height,0.0,255.0,168.54620374072593,75.153564960121
terrain,106.0,200.0,164.8595820930887,13.892694786594362

metric,value
correlation,-0.297763467831618
height_gradient_magnitude,2175.3462559420677
terrain_gradient_magnitude,83.94523672012676
