data_type,min_value,max_value,mean_value,std_dev
height,3.0,18337.0,417.4040641784668,1182.232012176175
terrain,96.0,255.0,176.516845703125,18.2604688753193

metric,value
correlation,0.2887667791630799
height_gradient_magnitude,220575.40450191498
terrain_gradient_magnitude,113.37661266326904
