data_type,min_value,max_value,mean_value,std_dev
height,0.0,10177.0,1855.5450592041016,1086.926148829646
terrain,91.0,252.0,191.31402969360352,12.27805335480028

metric,value
correlation,0.001981123944602293
height_gradient_magnitude,108036.35724163055
terrain_gradient_magnitude,85.75859069824219
