data_type,min_value,max_value,mean_value,std_dev
height,1.0,26764.0,715.9010047912598,1983.1808143126025
terrain,101.0,245.0,188.56785202026367,19.492746335860065

metric,value
correlation,0.013922192693076051
height_gradient_magnitude,100982.47667121887
terrain_gradient_magnitude,74.01031303405762
