data_type,min_value,max_value,mean_value,std_dev
height,0.0,21732.0,832.6714134216309,2543.0200808767963
terrain,89.0,250.0,172.41328048706055,13.08958184522385

metric,value
correlation,0.37104156122566895
height_gradient_magnitude,157158.54014587402
terrain_gradient_magnitude,62.71034049987793
