data_type,min_value,max_value,mean_value,std_dev
height,0.0,19392.0,335.9096984863281,1526.5864277582336
terrain,88.0,246.0,171.42018127441406,11.872505307092698

metric,value
correlation,0.20734656777471083
height_gradient_magnitude,95730.90167236328
terrain_gradient_magnitude,41.530531883239746
