data_type,min_value,max_value,mean_value,std_dev
height,264.0,8129.0,2704.2936630249023,980.0614036654308
terrain,107.0,241.0,187.67108535766602,12.5880185082469

metric,value
correlation,0.0372630206366839
height_gradient_magnitude,100442.27890968323
terrain_gradient_magnitude,95.41707229614258
