data_type,min_value,max_value,mean_value,std_dev
height,0.0,17497.0,932.8340911865234,1990.6799231987268
terrain,98.0,249.0,180.33869552612305,21.852090336682384

metric,value
correlation,0.6302436689897677
height_gradient_magnitude,238340.21896362305
terrain_gradient_magnitude,140.54473400115967
