data_type,min_value,max_value,mean_value,std_dev
height,2.0,21612.0,239.49425888061523,1176.4632465238542
terrain,99.0,242.0,170.33550262451172,7.812557749829085

metric,value
correlation,0.26698593226501827
height_gradient_magnitude,77714.6071062088
terrain_gradient_magnitude,26.65903091430664
