data_type,min_value,max_value,mean_value,std_dev
height,0.0,27396.0,1349.0266227722168,2593.519592316466
terrain,93.0,250.0,180.8762969970703,21.082541017696776

metric,value
correlation,0.5076690657694554
height_gradient_magnitude,312124.08071899414
terrain_gradient_magnitude,140.9661045074463
