data_type,min_value,max_value,mean_value,std_dev
height,0.0,9309.0,1852.5330810546875,1906.0343931174448
terrain,93.0,244.0,179.08698654174805,13.69758038919855

metric,value
correlation,0.518395590211371
height_gradient_magnitude,82496.67611122131
terrain_gradient_magnitude,70.58840274810791
