data_type,min_value,max_value,mean_value,std_dev
height,1.0,18469.0,2257.8647499084473,2693.1618899479927
terrain,100.0,253.0,187.81619262695312,18.84877723204003

metric,value
correlation,0.5932105291188975
height_gradient_magnitude,244581.96551132202
terrain_gradient_magnitude,131.57257747650146
