data_type,min_value,max_value,mean_value,std_dev
height,4.0,35894.0,9212.64096069336,3141.1977198661725
terrain,66.0,255.0,192.64098358154297,25.865121736296665

metric,value
correlation,0.22441594548708016
height_gradient_magnitude,1726749.9196538925
terrain_gradient_magnitude,510.52793407440186
