data_type,min_value,max_value,mean_value,std_dev
height,3013.0,37546.0,7212.816383361816,4147.866041463804
terrain,92.0,253.0,195.98970413208008,16.698891536844975

metric,value
correlation,0.25477424854674413
height_gradient_magnitude,236821.4450788498
terrain_gradient_magnitude,90.8733901977539
