data_type,min_value,max_value,mean_value,std_dev
height,20.0,13110.0,1504.203498840332,1228.127574743082
terrain,101.0,249.0,189.33290481567383,13.263266594600049

metric,value
correlation,-0.005420859443818015
height_gradient_magnitude,99365.36465072632
terrain_gradient_magnitude,99.36475372314453
