data_type,min_value,max_value,mean_value,std_dev
height,0.0,25867.0,1438.5906562805176,3351.2866515449687
terrain,79.0,253.0,177.23028182983398,19.616195314708598

metric,value
correlation,0.1604570601272716
height_gradient_magnitude,382922.1062269211
terrain_gradient_magnitude,163.91626739501953
