data_type,min_value,max_value,mean_value,std_dev
height,0.0,255.0,169.60615013253957,74.7374328741073
terrain,112.0,201.0,165.0937921127845,13.672540272792183

metric,value
correlation,-0.2934686094477515
height_gradient_magnitude,2125.0675100330236
terrain_gradient_magnitude,81.68233632472936
