data_type,min_value,max_value,mean_value,std_dev
height,29.0,15909.0,1683.424144744873,1248.2613327969925
terrain,83.0,249.0,214.53214645385742,18.904083592086092

metric,value
correlation,-0.2502413040205325
height_gradient_magnitude,48036.2791185379
terrain_gradient_magnitude,149.82712078094482
