data_type,min_value,max_value,mean_value,std_dev
height,0.0,25083.0,6635.225975036621,7551.988233230224
terrain,93.0,250.0,189.50414657592773,25.401512201054913

metric,value
correlation,0.4764700195760055
height_gradient_magnitude,520618.24928474426
terrain_gradient_magnitude,174.79869079589844
