data_type,min_value,max_value,mean_value,std_dev
height,1.0,11286.0,3054.310806274414,1426.2357203695644
terrain,103.0,250.0,201.11566162109375,16.712310878924555

metric,value
correlation,0.11798252003795902
height_gradient_magnitude,134901.6334810257
terrain_gradient_magnitude,116.97409152984619
