data_type,min_value,max_value,mean_value,std_dev
height,0.0,13414.0,887.5467109680176,1890.0939956644181
terrain,85.0,247.0,173.2308464050293,13.50261766413167

metric,value
correlation,0.28450535444228675
height_gradient_magnitude,138226.12953853607
terrain_gradient_magnitude,86.72026634216309
