data_type,min_value,max_value,mean_value,std_dev
height,0.0,35181.0,1778.5805702209473,2834.23207774272
terrain,94.0,254.0,187.68762969970703,23.59252306004917

metric,value
correlation,0.4117914716981437
height_gradient_magnitude,370279.68696784973
terrain_gradient_magnitude,165.7365598678589
