data_type,min_value,max_value,mean_value,std_dev
height,986.0,16696.0,3596.261245727539,1332.7859884526874
terrain,98.0,245.0,187.2946548461914,12.041903491186496

metric,value
correlation,0.11203404395337395
height_gradient_magnitude,129904.45211601257
terrain_gradient_magnitude,97.80817222595215
