data_type,min_value,max_value,mean_value,std_dev
height,0.0,29394.0,542.7889251708984,1881.3912242968265
terrain,92.0,255.0,170.95611572265625,13.278776934740803

metric,value
correlation,0.3377098276290488
height_gradient_magnitude,384644.0319328308
terrain_gradient_magnitude,112.842360496521
