data_type,min_value,max_value,mean_value,std_dev
height,0.0,10429.0,287.41727447509766,893.986109077384
terrain,103.0,249.0,175.7142791748047,17.34625583563563

metric,value
correlation,0.6166046286653185
height_gradient_magnitude,96112.04766178131
terrain_gradient_magnitude,61.319321632385254
