data_type,min_value,max_value,mean_value,std_dev
height,0.0,42137.0,4632.74328994751,6410.344865998386
terrain,84.0,255.0,204.79040145874023,29.589067170099632

metric,value
correlation,-0.21050404386878319
height_gradient_magnitude,959144.023056984
terrain_gradient_magnitude,264.3101100921631
