data_type,min_value,max_value,mean_value,std_dev
height,0.0,25154.0,3918.810703277588,6749.121311530749
terrain,90.0,250.0,183.1188850402832,23.050781411165048

metric,value
correlation,0.37179963303192254
height_gradient_magnitude,382304.4362754822
terrain_gradient_magnitude,133.95532035827637
