data_type,min_value,max_value,mean_value,std_dev
height,531.0,21249.0,3986.1228981018066,3249.8257716463963
terrain,91.0,250.0,193.9250831604004,19.91708809180559

metric,value
correlation,-0.1229204134271435
height_gradient_magnitude,337252.9399499893
terrain_gradient_magnitude,203.87350368499756
