data_type,min_value,max_value,mean_value,std_dev
height,0.0,22863.0,4048.3845748901367,4183.855843417194
terrain,90.0,249.0,195.92922973632812,25.732068758700585

metric,value
correlation,0.0039617278260309615
height_gradient_magnitude,561637.0602407455
terrain_gradient_magnitude,274.312219619751
