data_type,min_value,max_value,mean_value,std_dev
height,4.0,29798.0,564.7200469970703,2376.213772172646
terrain,99.0,245.0,171.10222625732422,10.469294117148321

metric,value
correlation,0.19115028963881422
height_gradient_magnitude,164299.2472524643
terrain_gradient_magnitude,45.68929195404053
