data_type,min_value,max_value,mean_value,std_dev
height,4.0,8951.0,46.118316650390625,320.15684219411787
terrain,100.0,249.0,170.2838134765625,8.436139999385528

metric,value
correlation,0.42648542296857855
height_gradient_magnitude,15109.62813949585
terrain_gradient_magnitude,10.4127197265625
