data_type,min_value,max_value,mean_value,std_dev
height,0.0,17999.0,2460.200954437256,1865.0472677330333
terrain,94.0,250.0,209.90326690673828,21.013560235086054

metric,value
correlation,-0.37515823546625904
height_gradient_magnitude,128772.46041584015
terrain_gradient_magnitude,227.26929759979248
