data_type,min_value,max_value,mean_value,std_dev
height,1840.0,55905.0,15758.443542480469,10659.470256078142
terrain,84.0,255.0,203.23009490966797,36.244321345985774

metric,value
correlation,-0.41331596511795154
height_gradient_magnitude,2893790.045879364
terrain_gradient_magnitude,624.7596607208252
