data_type,min_value,max_value,mean_value,std_dev
height,0.0,49970.0,6329.958763122559,11394.19547329879
terrain,86.0,255.0,178.14380645751953,23.642678466214008

metric,value
correlation,0.47254029693135685
height_gradient_magnitude,1046989.9995002747
terrain_gradient_magnitude,226.42681121826172
