data_type,min_value,max_value,mean_value,std_dev
height,3073.0,19754.0,7344.208477020264,2872.7115698708863
terrain,92.0,251.0,191.70411682128906,21.982295291756273

metric,value
correlation,0.0689430578752339
height_gradient_magnitude,484453.6239414215
terrain_gradient_magnitude,273.19309520721436
