data_type,min_value,max_value,mean_value,std_dev
height,0.0,24979.0,3061.5504989624023,3571.7962429841623
terrain,88.0,253.0,199.55611038208008,26.049440815932627

metric,value
correlation,0.059402298317838546
height_gradient_magnitude,332045.08786678314
terrain_gradient_magnitude,165.38825130462646
