data_type,min_value,max_value,mean_value,std_dev
height,5482.0,30205.0,13521.985275268555,3934.7120005683832
terrain,107.0,253.0,212.59405899047852,14.793401297101079

metric,value
correlation,-0.265547990415347
height_gradient_magnitude,239823.99675941467
terrain_gradient_magnitude,118.24819087982178
