data_type,min_value,max_value,mean_value,std_dev
height,0.0,33331.0,1217.2510681152344,2882.5751603567905
terrain,90.0,252.0,184.57127380371094,24.326009988566764

metric,value
correlation,0.23717885387288645
height_gradient_magnitude,208816.20207118988
terrain_gradient_magnitude,84.80122375488281
