data_type,min_value,max_value,mean_value,std_dev
height,0.0,27553.0,4684.041065216064,5904.423670152672
terrain,94.0,251.0,195.5760269165039,25.621127010541343

metric,value
correlation,0.39773787000762095
height_gradient_magnitude,261657.54552459717
terrain_gradient_magnitude,111.83705615997314
