data_type,min_value,max_value,mean_value,std_dev
height,1285.0,12404.0,5398.483325958252,1661.1722841466126
terrain,112.0,249.0,202.1652488708496,19.328778522434508

metric,value
correlation,-0.2248877451988004
height_gradient_magnitude,182410.9686126709
terrain_gradient_magnitude,143.0558843612671
