data_type,min_value,max_value,mean_value,std_dev
height,0.0,255.0,168.37259910850474,74.65829481573499
terrain,112.0,203.0,165.15019917958742,13.72294617165097

metric,value
correlation,-0.30297883239466755
height_gradient_magnitude,2202.9268477794067
terrain_gradient_magnitude,84.35866394183067
