data_type,min_value,max_value,mean_value,std_dev
height,0.0,42360.0,4348.713607788086,6318.590127782215
terrain,79.0,255.0,195.78310012817383,30.584023246028625

metric,value
correlation,0.02872162084354884
height_gradient_magnitude,868610.8764076233
terrain_gradient_magnitude,252.38510417938232
