data_type,min_value,max_value,mean_value,std_dev
height,0.0,255.0,169.07614731885025,74.341983027248
terrain,112.0,200.0,164.9641921009374,13.513852187087219

metric,value
correlation,-0.28317336580248864
height_gradient_magnitude,2114.9736697913427
terrain_gradient_magnitude,80.04941912124039
