data_type,min_value,max_value,mean_value,std_dev
height,0.0,18593.0,243.4827766418457,1393.1253517643133
terrain,93.0,254.0,169.3870086669922,6.884078034347194

metric,value
correlation,0.3598886206955303
height_gradient_magnitude,170671.81780433655
terrain_gradient_magnitude,38.512094497680664
