data_type,min_value,max_value,mean_value,std_dev
height,2978.0,32663.0,11091.197952270508,5026.272127388761
terrain,87.0,250.0,217.8310317993164,13.975654103937316

metric,value
correlation,-0.5994491357665673
height_gradient_magnitude,115419.84382629395
terrain_gradient_magnitude,55.77674388885498
