data_type,min_value,max_value,mean_value,std_dev
height,4.0,16194.0,3018.958263397217,2965.9057100954183
terrain,95.0,248.0,186.40167617797852,21.35526901581984

metric,value
correlation,0.5816939658609713
height_gradient_magnitude,381057.2216682434
terrain_gradient_magnitude,232.13686275482178
