data_type,min_value,max_value,mean_value,std_dev
height,0.0,11979.0,349.1941337585449,1297.4092693694251
terrain,102.0,246.0,171.33755111694336,10.38413289062591

metric,value
correlation,0.46168431798496734
height_gradient_magnitude,66604.84595775604
terrain_gradient_magnitude,32.7579402923584
