data_type,min_value,max_value,mean_value,std_dev
height,0.0,23367.0,1237.012767791748,2665.5976377834677
terrain,85.0,250.0,174.28076553344727,17.672963170551768

metric,value
correlation,0.05746882327570833
height_gradient_magnitude,301884.19811058044
terrain_gradient_magnitude,153.49391078948975
