data_type,min_value,max_value,mean_value,std_dev
height,1.0,17811.0,440.40847396850586,1616.8157983700962
terrain,90.0,246.0,172.24539947509766,12.852367983248106

metric,value
correlation,0.3604460413363242
height_gradient_magnitude,68922.02631378174
terrain_gradient_magnitude,36.63056659698486
