data_type,min_value,max_value,mean_value,std_dev
height,790.0,21449.0,5606.790267944336,3265.3292989667216
terrain,96.0,253.0,195.11193466186523,20.636921021223333

metric,value
correlation,0.1716419193487955
height_gradient_magnitude,710061.257188797
terrain_gradient_magnitude,337.1788549423218
