data_type,min_value,max_value,mean_value,std_dev
height,0.0,33294.0,1117.8496055603027,2581.2042904951168
terrain,85.0,253.0,173.25672149658203,15.731685241900928

metric,value
correlation,0.13547291912923443
height_gradient_magnitude,320690.27291584015
terrain_gradient_magnitude,132.15440368652344
