data_type,min_value,max_value,mean_value,std_dev
height,554.0,18661.0,5218.859390258789,2678.136061106555
terrain,92.0,249.0,196.28993606567383,17.50067621388671

metric,value
correlation,0.3559711381687237
height_gradient_magnitude,394903.0045223236
terrain_gradient_magnitude,234.90156078338623
