data_type,min_value,max_value,mean_value,std_dev
height,0.0,15503.0,136.4684181213379,779.9039106078357
terrain,99.0,245.0,171.9932518005371,12.45796414957465

metric,value
correlation,0.4041630958905694
height_gradient_magnitude,28274.620637893677
terrain_gradient_magnitude,21.351797103881836
