data_type,min_value,max_value,mean_value,std_dev
height,0.0,39301.0,9428.694427490234,4760.257212346921
terrain,87.0,255.0,212.17341232299805,18.07845057232959

metric,value
correlation,-0.30528895688617796
height_gradient_magnitude,237438.14271736145
terrain_gradient_magnitude,81.33993911743164
