data_type,min_value,max_value,mean_value,std_dev
height,2425.0,31543.0,13699.322761535645,4391.462663722706
terrain,89.0,252.0,199.77033615112305,27.72928004532741

metric,value
correlation,-0.24359346437755716
height_gradient_magnitude,910487.4410114288
terrain_gradient_magnitude,380.2860631942749
