data_type,min_value,max_value,mean_value,std_dev
height,0.0,24239.0,5682.500469207764,6358.386126698512
terrain,92.0,251.0,198.79418563842773,25.205132284072697

metric,value
correlation,0.19004037235442758
height_gradient_magnitude,413947.83165454865
terrain_gradient_magnitude,167.73640823364258
