data_type,min_value,max_value,mean_value,std_dev
height,612.0,15244.0,2107.005241394043,1355.023655329221
terrain,88.0,250.0,206.58950805664062,21.718306132260263

metric,value
correlation,-0.4119503217921513
height_gradient_magnitude,75900.20021915436
terrain_gradient_magnitude,145.243727684021
