data_type,min_value,max_value,mean_value,std_dev
height,0.0,15457.0,1356.3769416809082,2225.674108660523
terrain,94.0,251.0,176.5767707824707,16.39356524463377

metric,value
correlation,0.3070323279320271
height_gradient_magnitude,196779.8939294815
terrain_gradient_magnitude,125.66554069519043
