data_type,min_value,max_value,mean_value,std_dev
height,0.0,20967.0,1545.4432907104492,2961.8304763406263
terrain,92.0,250.0,181.5261116027832,23.132805513510448

metric,value
correlation,0.31199191014394817
height_gradient_magnitude,450910.3203496933
terrain_gradient_magnitude,156.62664413452148
