data_type,min_value,max_value,mean_value,std_dev
height,2.0,27830.0,1327.9789695739746,2804.660234251349
terrain,81.0,255.0,178.4854393005371,22.12054522839261

metric,value
correlation,0.2534181944736921
height_gradient_magnitude,419224.0482006073
terrain_gradient_magnitude,178.68560981750488
