data_type,min_value,max_value,mean_value,std_dev
height,0.0,19088.0,2089.238338470459,2004.5825007076387
terrain,88.0,255.0,228.35332870483398,22.98618836016589

metric,value
correlation,-0.010097964276021687
height_gradient_magnitude,72894.98286247253
terrain_gradient_magnitude,58.29421043395996
