data_type,min_value,max_value,mean_value,std_dev
height,0.0,27730.0,5963.150783538818,5028.905068208655
terrain,72.0,255.0,175.95498275756836,26.095761359921795

metric,value
correlation,0.16993060204965635
height_gradient_magnitude,2228595.4242954254
terrain_gradient_magnitude,533.8967809677124
