data_type,min_value,max_value,mean_value,std_dev
height,0.0,14460.0,472.399658203125,1596.211164074779
terrain,93.0,255.0,173.10747528076172,14.399994986776939

metric,value
correlation,0.4481802720610612
height_gradient_magnitude,250757.87596035004
terrain_gradient_magnitude,92.30999565124512
