data_type,min_value,max_value,mean_value,std_dev
height,0.0,255.0,168.42933937536097,75.24004655210426
terrain,112.0,199.0,163.86893390791832,13.907196871847303

metric,value
correlation,-0.29750363117846534
height_gradient_magnitude,1580.0143109422897
terrain_gradient_magnitude,69.05991307180831
