data_type,min_value,max_value,mean_value,std_dev
height,3.0,13537.0,1648.6142654418945,1638.4938824263158
terrain,93.0,249.0,186.99385452270508,20.539018770052664

metric,value
correlation,0.007492060715074963
height_gradient_magnitude,119595.02750968933
terrain_gradient_magnitude,148.28509044647217
