data_type,min_value,max_value,mean_value,std_dev
height,0.0,11437.0,811.4220161437988,1664.8573198967442
terrain,110.0,252.0,177.82830429077148,18.387889793908773

metric,value
correlation,0.8074588071545058
height_gradient_magnitude,143939.12973880768
terrain_gradient_magnitude,78.09386539459229
