data_type,min_value,max_value,mean_value,std_dev
height,36.0,39284.0,11908.736019134521,7219.046126784438
terrain,89.0,255.0,214.4074363708496,26.1739325467695

metric,value
correlation,-0.47733886398763553
height_gradient_magnitude,890019.2791633606
terrain_gradient_magnitude,270.4434223175049
