data_type,min_value,max_value,mean_value,std_dev
height,1.0,18364.0,2902.235851287842,3449.59169287074
terrain,93.0,255.0,186.70762252807617,23.007116438220823

metric,value
correlation,0.5372174879016809
height_gradient_magnitude,683004.3794698715
terrain_gradient_magnitude,241.25145435333252
