data_type,min_value,max_value,mean_value,std_dev
height,0.0,15099.0,1351.2637252807617,2342.3099379988666
terrain,88.0,248.0,174.75150680541992,15.274178258992265

metric,value
correlation,0.3021310408882899
height_gradient_magnitude,185693.43115615845
terrain_gradient_magnitude,121.64812660217285
