data_type,min_value,max_value,mean_value,std_dev
height,5283.0,33310.0,13762.139751434326,5941.626964823478
terrain,86.0,251.0,212.9382095336914,20.911061016405363

metric,value
correlation,-0.6536074309728312
height_gradient_magnitude,291378.838098526
terrain_gradient_magnitude,133.3848419189453
