data_type,min_value,max_value,mean_value,std_dev
height,0.0,52447.0,8229.001689910889,12364.159132627936
terrain,91.0,255.0,180.1436882019043,24.088786142731895

metric,value
correlation,0.4394496712332181
height_gradient_magnitude,810426.4979457855
terrain_gradient_magnitude,232.1593255996704
