data_type,min_value,max_value,mean_value,std_dev
height,0.0,28002.0,866.2450103759766,2499.3566908005046
terrain,83.0,254.0,195.0777244567871,29.276763628615093

metric,value
correlation,0.005077233554313655
height_gradient_magnitude,174886.02925682068
terrain_gradient_magnitude,84.63925266265869
