data_type,min_value,max_value,mean_value,std_dev
height,0.0,29201.0,4924.332981109619,4605.64055375311
terrain,73.0,255.0,197.9520149230957,30.164841981794677

metric,value
correlation,-0.28480025909899925
height_gradient_magnitude,1243765.193701744
terrain_gradient_magnitude,420.6198205947876
