data_type,min_value,max_value,mean_value,std_dev
height,0.0,28628.0,5260.820686340332,5018.804522439772
terrain,59.0,255.0,179.0492820739746,28.91243654268948

metric,value
correlation,0.43041131938795496
height_gradient_magnitude,2063000.2165288925
terrain_gradient_magnitude,651.3443384170532
