data_type,min_value,max_value,mean_value,std_dev
height,0.0,34103.0,4531.336891174316,4633.73930136438
terrain,83.0,255.0,201.6738510131836,27.89322609886078

metric,value
correlation,-0.23542054437918045
height_gradient_magnitude,1052842.3383493423
terrain_gradient_magnitude,352.2737760543823
