data_type,min_value,max_value,mean_value,std_dev
height,0.0,20825.0,1550.6180000305176,2541.2604400464634
terrain,70.0,255.0,191.87348556518555,23.659843073085824

metric,value
correlation,0.21948094983270186
height_gradient_magnitude,538237.1139593124
terrain_gradient_magnitude,266.25020027160645
