data_type,min_value,max_value,mean_value,std_dev
height,0.0,32485.0,7032.740058898926,5631.313015291893
terrain,85.0,255.0,210.11516571044922,23.1586335552899

metric,value
correlation,-0.10776941232832671
height_gradient_magnitude,290589.71434020996
terrain_gradient_magnitude,121.51599502563477
