data_type,min_value,max_value,mean_value,std_dev
height,506.0,16654.0,3849.379196166992,2290.6347992527994
terrain,97.0,250.0,194.52447891235352,14.779101473298208

metric,value
correlation,0.2042696128239793
height_gradient_magnitude,272206.6935272217
terrain_gradient_magnitude,167.39945697784424
