data_type,min_value,max_value,mean_value,std_dev
height,3831.0,28104.0,13737.10933303833,3714.286349591158
terrain,92.0,252.0,202.83516693115234,24.75767687508884

metric,value
correlation,0.12319796035344398
height_gradient_magnitude,747578.4789066315
terrain_gradient_magnitude,374.92938899993896
