data_type,min_value,max_value,mean_value,std_dev
height,728.0,7568.0,3244.030261993408,857.9888846047123
terrain,110.0,244.0,196.49623107910156,13.911324219668916

metric,value
correlation,0.2136509400297047
height_gradient_magnitude,125568.89233779907
terrain_gradient_magnitude,121.7471170425415
