data_type,min_value,max_value,mean_value,std_dev
height,0.0,9509.0,252.40620040893555,846.6156662321273
terrain,98.0,248.0,173.27962112426758,13.527143880607548

metric,value
correlation,0.5184003379254911
height_gradient_magnitude,83602.51469230652
terrain_gradient_magnitude,58.61652374267578
