data_type,min_value,max_value,mean_value,std_dev
height,421.0,15372.0,1947.1542167663574,1262.5139636251095
terrain,88.0,250.0,205.90653610229492,20.545950311989127

metric,value
correlation,-0.41617966201202417
height_gradient_magnitude,65769.05183506012
terrain_gradient_magnitude,140.01336193084717
