data_type,min_value,max_value,mean_value,std_dev
height,0.0,18241.0,2142.2707557678223,3432.0699398018937
terrain,93.0,255.0,180.55866241455078,21.41861526000637

metric,value
correlation,0.5825723205428506
height_gradient_magnitude,638361.8428611755
terrain_gradient_magnitude,207.68407535552979
