data_type,min_value,max_value,mean_value,std_dev
height,398.0,16644.0,5935.531215667725,2595.4101988991897
terrain,87.0,250.0,196.77874374389648,20.09324290971599

metric,value
correlation,0.23887441843116325
height_gradient_magnitude,549871.9146366119
terrain_gradient_magnitude,322.9498014450073
