data_type,min_value,max_value,mean_value,std_dev
height,0.0,18299.0,606.7127532958984,1977.632847525657
terrain,94.0,245.0,178.6537857055664,20.444474949247677

metric,value
correlation,0.28824744590389006
height_gradient_magnitude,98359.66786289215
terrain_gradient_magnitude,57.07792949676514
