data_type,min_value,max_value,mean_value,std_dev
height,190.0,27966.0,1764.4562225341797,2209.0919749569757
terrain,99.0,246.0,214.66468048095703,13.07940087787109

metric,value
correlation,-0.4121252381705166
height_gradient_magnitude,49011.37928390503
terrain_gradient_magnitude,59.13190174102783
