data_type,min_value,max_value,mean_value,std_dev
height,0.0,255.0,168.37823389162853,75.38121975215765
terrain,112.0,202.0,163.9366327543057,14.002772611828396

metric,value
correlation,-0.3130060022131891
height_gradient_magnitude,1535.7157914611932
terrain_gradient_magnitude,68.45771876434611
