data_type,min_value,max_value,mean_value,std_dev
height,0.0,15550.0,456.48366928100586,985.6961458779411
terrain,102.0,245.0,184.23318099975586,18.58589925690988

metric,value
correlation,0.10872999477504827
height_gradient_magnitude,78807.32322311401
terrain_gradient_magnitude,72.77674865722656
