data_type,min_value,max_value,mean_value,std_dev
height,0.0,12002.0,2718.12357711792,2000.3825101169443
terrain,101.0,247.0,217.78227615356445,15.746691209276834

metric,value
correlation,-0.1599873731282914
height_gradient_magnitude,106286.49137020111
terrain_gradient_magnitude,78.2118444442749
