data_type,min_value,max_value,mean_value,std_dev
height,3.0,32971.0,2117.497959136963,3676.6803240915915
terrain,86.0,254.0,175.6794090270996,19.543637303641013

metric,value
correlation,0.23361900346137243
height_gradient_magnitude,529259.4227981567
terrain_gradient_magnitude,190.90566635131836
