data_type,min_value,max_value,mean_value,std_dev
height,0.0,18541.0,1866.8521537780762,3188.39774024349
terrain,93.0,255.0,181.2055320739746,21.373436152254676

metric,value
correlation,0.4949641150055579
height_gradient_magnitude,470797.3250160217
terrain_gradient_magnitude,178.8158473968506
