data_type,min_value,max_value,mean_value,std_dev
height,0.0,24139.0,2600.312660217285,3895.560651234183
terrain,81.0,251.0,186.84619140625,25.263886094042196

metric,value
correlation,0.4324530923527674
height_gradient_magnitude,308556.0046329498
terrain_gradient_magnitude,123.23977088928223
