data_type,min_value,max_value,mean_value,std_dev
height,0.0,35446.0,1699.1120414733887,2782.780185614383
terrain,101.0,254.0,184.75870895385742,22.9635213590483

metric,value
correlation,0.4685387299022803
height_gradient_magnitude,331044.0047903061
terrain_gradient_magnitude,168.2468900680542
