data_type,min_value,max_value,mean_value,std_dev
height,0.0,255.0,168.1830601092896,75.13916397226848
terrain,112.0,199.0,163.78576717461164,13.721802348207042

metric,value
correlation,-0.3067004950826275
height_gradient_magnitude,1608.1556044248966
terrain_gradient_magnitude,69.10993380425607
