data_type,min_value,max_value,mean_value,std_dev
height,0.0,23070.0,1066.8804473876953,2358.0610060749177
terrain,81.0,248.0,174.14263534545898,16.96353116614517

metric,value
correlation,0.0764264828344429
height_gradient_magnitude,258035.8704624176
terrain_gradient_magnitude,139.2744903564453
