data_type,min_value,max_value,mean_value,std_dev
height,1030.0,13105.0,5386.706085205078,1999.2179699104008
terrain,109.0,249.0,208.47268295288086,18.586811047531313

metric,value
correlation,-0.3609492834286812
height_gradient_magnitude,146190.64617443085
terrain_gradient_magnitude,122.0569715499878
