data_type,min_value,max_value,mean_value,std_dev
height,8.0,64667.0,19298.076053619385,18003.63903276943
terrain,82.0,255.0,206.53794860839844,34.739038315829745

metric,value
correlation,-0.24736004830374517
height_gradient_magnitude,1861243.587635994
terrain_gradient_magnitude,497.0793504714966
