data_type,min_value,max_value,mean_value,std_dev
height,0.0,17109.0,910.9158630371094,1971.9977391331342
terrain,92.0,248.0,173.33226013183594,13.926054649550005

metric,value
correlation,0.28392363531830717
height_gradient_magnitude,153453.85202217102
terrain_gradient_magnitude,91.57756328582764
