data_type,min_value,max_value,mean_value,std_dev
height,0.0,12229.0,276.83747482299805,878.9241005622494
terrain,97.0,248.0,175.7853546142578,15.924040772182835

metric,value
correlation,0.21013836488882495
height_gradient_magnitude,72260.05873775482
terrain_gradient_magnitude,53.94560241699219
