data_type,min_value,max_value,mean_value,std_dev
height,0.0,27656.0,1985.0873222351074,2799.8306078421897
terrain,101.0,254.0,199.32404708862305,29.745432409904165

metric,value
correlation,0.4037149715252324
height_gradient_magnitude,98324.36486339569
terrain_gradient_magnitude,51.34254837036133
