data_type,min_value,max_value,mean_value,std_dev
height,0.0,44812.0,10023.842964172363,13337.056050081708
terrain,87.0,255.0,183.07537078857422,27.32016510931416

metric,value
correlation,0.5728240426847849
height_gradient_magnitude,1251414.2748260498
terrain_gradient_magnitude,278.374942779541
