data_type,min_value,max_value,mean_value,std_dev
height,5782.0,43483.0,12958.449481964111,6918.801127935126
terrain,92.0,254.0,216.90855026245117,14.554855065659963

metric,value
correlation,-0.27341337705688545
height_gradient_magnitude,250346.03096103668
terrain_gradient_magnitude,93.85571002960205
