data_type,min_value,max_value,mean_value,std_dev
height,4.0,17395.0,5709.443473815918,2934.171960849318
terrain,86.0,251.0,196.56335830688477,21.792466344189773

metric,value
correlation,0.0032055888925943588
height_gradient_magnitude,574172.3452749252
terrain_gradient_magnitude,358.53908824920654
