data_type,min_value,max_value,mean_value,std_dev
height,0.0,36191.0,1610.7033882141113,2822.6818605394224
terrain,97.0,251.0,183.7643814086914,22.488563579629428

metric,value
correlation,0.46483770308248873
height_gradient_magnitude,356996.8288927078
terrain_gradient_magnitude,157.64048194885254
