data_type,min_value,max_value,mean_value,std_dev
height,0.0,19657.0,3241.2627449035645,3952.7887747794152
terrain,100.0,248.0,197.96384048461914,25.088838450063466

metric,value
correlation,0.5201056632734332
height_gradient_magnitude,127286.44483566284
terrain_gradient_magnitude,76.85707569122314
