data_type,min_value,max_value,mean_value,std_dev
height,657.0,14570.0,3248.6737060546875,1830.5595651422177
terrain,106.0,250.0,194.70143127441406,14.225431930204003

metric,value
correlation,0.19377813396992608
height_gradient_magnitude,197336.48715686798
terrain_gradient_magnitude,143.04389190673828
