data_type,min_value,max_value,mean_value,std_dev
height,0.0,16383.0,1144.9204864501953,2534.4632600183168
terrain,98.0,245.0,176.19164657592773,17.051784727110828

metric,value
correlation,0.6901471395306259
height_gradient_magnitude,124430.14156341553
terrain_gradient_magnitude,62.446760177612305
