data_type,min_value,max_value,mean_value,std_dev
height,0.0,16416.0,2426.4989891052246,2805.6998503374534
terrain,92.0,249.0,181.87234115600586,20.737362692222426

metric,value
correlation,0.0012240529687811228
height_gradient_magnitude,318282.84812927246
terrain_gradient_magnitude,214.34337043762207
