data_type,min_value,max_value,mean_value,std_dev
height,0.0,255.0,168.5936588327632,74.40485141421148
terrain,112.0,201.0,164.57529580760288,13.691828502154374

metric,value
correlation,-0.29707689534471515
height_gradient_magnitude,2114.8240777762967
terrain_gradient_magnitude,80.56968694003879
