data_type,min_value,max_value,mean_value,std_dev
height,0.0,255.0,169.20438491270158,74.84738933827428
terrain,112.0,201.0,163.9740178002873,13.975354248484933

metric,value
correlation,-0.3198123812848343
height_gradient_magnitude,1588.7429990966577
terrain_gradient_magnitude,69.10465073229967
