data_type,min_value,max_value,mean_value,std_dev
height,0.0,255.0,168.28921764627484,75.67128832627587
terrain,112.0,201.0,163.89820368149037,13.96169583801199

metric,value
correlation,-0.2896538249183997
height_gradient_magnitude,1537.9855761399144
terrain_gradient_magnitude,69.68126823344735
