data_type,min_value,max_value,mean_value,std_dev
height,2.0,28585.0,8587.182521820068,4107.7893370608035
terrain,76.0,255.0,178.94151306152344,27.84038986863857

metric,value
correlation,0.10737536979529264
height_gradient_magnitude,2455944.155257225
terrain_gradient_magnitude,620.0609788894653
