data_type,min_value,max_value,mean_value,std_dev
height,0.0,16122.0,4481.2561378479,3631.291431105619
terrain,106.0,247.0,200.23651885986328,22.607684457645114

metric,value
correlation,0.5741505524583823
height_gradient_magnitude,136601.61994075775
terrain_gradient_magnitude,66.09929466247559
