data_type,min_value,max_value,mean_value,std_dev
height,0.0,30665.0,3332.6033363342285,4942.50067360978
terrain,82.0,248.0,184.4144058227539,22.20130748144904

metric,value
correlation,0.18344205911544265
height_gradient_magnitude,489697.6353569031
terrain_gradient_magnitude,159.4632740020752
