data_type,min_value,max_value,mean_value,std_dev
height,672.0,17704.0,3895.723041534424,2291.899577642905
terrain,98.0,251.0,195.59973526000977,14.818203039432689

metric,value
correlation,0.3081204652962594
height_gradient_magnitude,274244.7223730087
terrain_gradient_magnitude,159.24672985076904
