data_type,min_value,max_value,mean_value,std_dev
height,0.0,29831.0,1645.2279319763184,3141.7871733203337
terrain,88.0,255.0,186.99662399291992,27.22872906637593

metric,value
correlation,0.10644200213413182
height_gradient_magnitude,449785.22975826263
terrain_gradient_magnitude,172.1826581954956
