data_type,min_value,max_value,mean_value,std_dev
height,0.0,15108.0,133.76591873168945,673.6108740557227
terrain,66.0,254.0,171.05451202392578,9.624658558360851

metric,value
correlation,0.4736135437352592
height_gradient_magnitude,83707.66334915161
terrain_gradient_magnitude,39.43416881561279
