data_type,min_value,max_value,mean_value,std_dev
height,0.0,14336.0,1949.2346534729004,2339.756531437985
terrain,103.0,253.0,196.61848068237305,25.689773504141982

metric,value
correlation,0.4249975719947649
height_gradient_magnitude,359978.56369304657
terrain_gradient_magnitude,215.95149898529053
