data_type,min_value,max_value,mean_value,std_dev
height,0.0,42784.0,9784.42194366455,7309.24834624519
terrain,88.0,255.0,202.83027267456055,30.36518238555624

metric,value
correlation,-0.08943608218866815
height_gradient_magnitude,1406415.8485221863
terrain_gradient_magnitude,415.28924655914307
