data_type,min_value,max_value,mean_value,std_dev
height,1373.0,17765.0,5865.717094421387,2420.3673916776033
terrain,91.0,250.0,198.16670989990234,18.751280925886654

metric,value
correlation,0.10338252784810636
height_gradient_magnitude,382982.74629306793
terrain_gradient_magnitude,253.93377685546875
