data_type,min_value,max_value,mean_value,std_dev
height,0.0,20214.0,2201.2286682128906,1612.8312511217669
terrain,85.0,254.0,222.35893630981445,25.939384785814816

metric,value
correlation,0.2375056507263216
height_gradient_magnitude,61678.14220428467
terrain_gradient_magnitude,48.9207820892334
