data_type,min_value,max_value,mean_value,std_dev
height,0.0,15802.0,492.409969329834,1541.9094922598777
terrain,91.0,247.0,173.81084823608398,13.902485323373082

metric,value
correlation,0.15876607420190572
height_gradient_magnitude,122917.84480953217
terrain_gradient_magnitude,58.56034469604492
