data_type,min_value,max_value,mean_value,std_dev
height,0.0,12179.0,1040.5745887756348,1857.2883070748046
terrain,70.0,248.0,177.09748458862305,18.84741901782955

metric,value
correlation,0.10024867652215533
height_gradient_magnitude,131560.68435668945
terrain_gradient_magnitude,95.64878177642822
