data_type,min_value,max_value,mean_value,std_dev
height,947.0,21464.0,5499.746353149414,3305.0939458577977
terrain,94.0,252.0,194.63060760498047,20.8715527144161

metric,value
correlation,0.15917272871709276
height_gradient_magnitude,725538.9619226456
terrain_gradient_magnitude,345.9571590423584
