data_type,min_value,max_value,mean_value,std_dev
height,0.0,25544.0,954.4505844116211,2894.3429175284755
terrain,92.0,247.0,175.19850158691406,16.347935655493767

metric,value
correlation,0.12577838766212832
height_gradient_magnitude,206180.83463191986
terrain_gradient_magnitude,69.75372791290283
