data_type,min_value,max_value,mean_value,std_dev
height,0.0,16643.0,3125.900230407715,2919.8804739151983
terrain,94.0,249.0,188.8635482788086,22.761624656737702

metric,value
correlation,-0.20721362320641185
height_gradient_magnitude,377758.3371620178
terrain_gradient_magnitude,262.66412448883057
