data_type,min_value,max_value,mean_value,std_dev
height,0.0,11502.0,583.5715751647949,1415.0750231976228
terrain,103.0,253.0,177.4039535522461,18.27239825415076

metric,value
correlation,0.7168743249202524
height_gradient_magnitude,125092.92834949493
terrain_gradient_magnitude,68.26170063018799
