data_type,min_value,max_value,mean_value,std_dev
height,0.0,13547.0,2287.72354888916,2388.7087415577225
terrain,95.0,245.0,205.18563842773438,21.313860816048017

metric,value
correlation,0.1303036127741515
height_gradient_magnitude,85233.66087055206
terrain_gradient_magnitude,92.80029201507568
