data_type,min_value,max_value,mean_value,std_dev
height,0.0,18128.0,745.7427787780762,1502.2552475780699
terrain,73.0,255.0,184.1863250732422,21.352382641145642

metric,value
correlation,0.44187756176311765
height_gradient_magnitude,231331.77951335907
terrain_gradient_magnitude,127.43591403961182
