data_type,min_value,max_value,mean_value,std_dev
height,0.0,26822.0,2135.482650756836,2879.9602906543273
terrain,97.0,254.0,194.54337692260742,25.095298007595886

metric,value
correlation,0.41954916177591933
height_gradient_magnitude,269915.4889612198
terrain_gradient_magnitude,100.22951984405518
