data_type,min_value,max_value,mean_value,std_dev
height,2.0,20551.0,3223.010673522949,2829.87007984481
terrain,87.0,250.0,206.18982696533203,24.41816636059437

metric,value
correlation,-0.5430610551350606
height_gradient_magnitude,274926.40319919586
terrain_gradient_magnitude,193.01970958709717
