data_type,min_value,max_value,mean_value,std_dev
height,2355.0,25262.0,10591.530670166016,4592.76623536166
terrain,80.0,251.0,193.67001724243164,25.385865577179125

metric,value
correlation,0.13494077546966007
height_gradient_magnitude,890780.6945753098
terrain_gradient_magnitude,445.06728172302246
