data_type,min_value,max_value,mean_value,std_dev
height,0.0,11325.0,2510.8943824768066,1795.2869271591182
terrain,98.0,246.0,216.3415641784668,16.160238832113926

metric,value
correlation,-0.049379186916121455
height_gradient_magnitude,74529.77254390717
terrain_gradient_magnitude,67.3392972946167
