data_type,min_value,max_value,mean_value,std_dev
height,0.0,255.0,168.91770699127756,74.32076825836809
terrain,102.0,201.0,165.2896396996757,13.706432764896359

metric,value
correlation,-0.2987311404243509
height_gradient_magnitude,2114.903629289025
terrain_gradient_magnitude,82.58049928176878
