data_type,min_value,max_value,mean_value,std_dev
height,0.0,42212.0,3385.780414581299,5929.443158036576
terrain,91.0,252.0,192.66275787353516,26.365171347438235

metric,value
correlation,-0.09413606453230934
height_gradient_magnitude,657055.6332387924
terrain_gradient_magnitude,213.64718532562256
