data_type,min_value,max_value,mean_value,std_dev
height,0.0,28767.0,418.39958572387695,2259.0275983849488
terrain,82.0,248.0,171.05971908569336,12.951613256897513

metric,value
correlation,-0.0036796259200306937
height_gradient_magnitude,166840.32047843933
terrain_gradient_magnitude,48.036417961120605
