data_type,min_value,max_value,mean_value,std_dev
height,0.0,22463.0,6055.077495574951,3985.7118053723425
terrain,89.0,253.0,196.13715744018555,24.320793992953554

metric,value
correlation,0.3550836972985803
height_gradient_magnitude,753328.4946632385
terrain_gradient_magnitude,404.55157947540283
