data_type,min_value,max_value,mean_value,std_dev
height,207.0,39598.0,2290.137393951416,4717.351371556354
terrain,89.0,253.0,206.09496688842773,20.3972636836677

metric,value
correlation,-0.23363660851565754
height_gradient_magnitude,236761.84933567047
terrain_gradient_magnitude,89.38864517211914
