data_type,min_value,max_value,mean_value,std_dev
height,0.0,37467.0,9089.501472473145,5288.408911886307
terrain,88.0,255.0,211.96836471557617,19.769106027672066

metric,value
correlation,-0.41157143114518074
height_gradient_magnitude,348033.01706695557
terrain_gradient_magnitude,114.2129373550415
