data_type,min_value,max_value,mean_value,std_dev
height,0.0,29551.0,1388.716194152832,2659.159803825178
terrain,91.0,243.0,176.7840576171875,16.00586639785845

metric,value
correlation,0.1326216606036431
height_gradient_magnitude,242766.68045043945
terrain_gradient_magnitude,113.30583000183105
