data_type,min_value,max_value,mean_value,std_dev
height,0.0,36736.0,1645.4733200073242,3249.598912374618
terrain,88.0,253.0,210.34380340576172,20.097458124920493

metric,value
correlation,-0.3912589967491145
height_gradient_magnitude,230354.22913074493
terrain_gradient_magnitude,90.10083293914795
