data_type,min_value,max_value,mean_value,std_dev
height,0.0,26967.0,1245.6996612548828,2697.642090807569
terrain,82.0,250.0,173.67304611206055,17.42095360306299

metric,value
correlation,-0.020076994844546604
height_gradient_magnitude,289619.51278972626
terrain_gradient_magnitude,145.20401287078857
