data_type,min_value,max_value,mean_value,std_dev
height,662.0,56965.0,10334.011619567871,14065.262970777365
terrain,88.0,255.0,213.6573944091797,30.14359769308852

metric,value
correlation,-0.4092507450383355
height_gradient_magnitude,1418376.6250658035
terrain_gradient_magnitude,328.1501522064209
