data_type,min_value,max_value,mean_value,std_dev
height,0.0,44072.0,10724.96760559082,6490.773967809866
terrain,92.0,255.0,217.6205291748047,20.302157237636408

metric,value
correlation,-0.2502322638633142
height_gradient_magnitude,354188.5853729248
terrain_gradient_magnitude,116.13599586486816
