data_type,min_value,max_value,mean_value,std_dev
height,0.0,15225.0,2463.835952758789,2008.5016988674556
terrain,78.0,249.0,200.69057846069336,25.64428141023057

metric,value
correlation,-0.4222872322113007
height_gradient_magnitude,454910.20325660706
terrain_gradient_magnitude,301.93445110321045
