data_type,min_value,max_value,mean_value,std_dev
height,0.0,255.0,168.31167532986805,74.88976935827922
terrain,105.0,200.0,164.88507559938986,13.641983036720985

metric,value
correlation,-0.2879672822496744
height_gradient_magnitude,2199.6256608467725
terrain_gradient_magnitude,82.06631421505472
