data_type,min_value,max_value,mean_value,std_dev
height,497.0,16216.0,3922.390640258789,2350.784760474148
terrain,101.0,248.0,194.4827537536621,15.076408331797877

metric,value
correlation,0.20783702618780525
height_gradient_magnitude,290518.5392227173
terrain_gradient_magnitude,175.58974361419678
