data_type,min_value,max_value,mean_value,std_dev
height,0.0,27624.0,5932.117408752441,5002.1320501551445
terrain,60.0,255.0,175.97314834594727,26.34209714733772

metric,value
correlation,0.16754467062606201
height_gradient_magnitude,2224870.1214780807
terrain_gradient_magnitude,552.5816602706909
