data_type,min_value,max_value,mean_value,std_dev
height,1321.0,50950.0,15993.456401824951,9227.701953576874
terrain,87.0,255.0,204.01611328125,33.15047778868393

metric,value
correlation,-0.3240864922734331
height_gradient_magnitude,1724045.0580949783
terrain_gradient_magnitude,517.8353996276855
