data_type,min_value,max_value,mean_value,std_dev
height,0.0,16863.0,2015.3527450561523,3355.2017068559676
terrain,94.0,246.0,182.68714904785156,21.71761748007234

metric,value
correlation,0.5776444813178111
height_gradient_magnitude,172926.82274341583
terrain_gradient_magnitude,78.04273128509521
