data_type,min_value,max_value,mean_value,std_dev
height,0.0,12969.0,1069.2285614013672,1850.5699666439748
terrain,91.0,248.0,179.75108337402344,20.81713043045384

metric,value
correlation,0.2439697131915066
height_gradient_magnitude,207766.31238651276
terrain_gradient_magnitude,141.8740634918213
