data_type,min_value,max_value,mean_value,std_dev
height,924.0,35300.0,4229.622634887695,3892.2511426142664
terrain,95.0,255.0,217.05300903320312,13.087345042432556

metric,value
correlation,-0.21263225161296903
height_gradient_magnitude,177423.60711193085
terrain_gradient_magnitude,54.73974132537842
