data_type,min_value,max_value,mean_value,std_dev
height,0.0,18035.0,216.17117309570312,966.3677854003353
terrain,97.0,255.0,172.5315284729004,13.817859478752025

metric,value
correlation,0.22892268345453756
height_gradient_magnitude,168889.8576965332
terrain_gradient_magnitude,91.54290580749512
