data_type,min_value,max_value,mean_value,std_dev
height,0.0,21013.0,2732.160228729248,3507.00159322199
terrain,98.0,245.0,196.05206298828125,24.998386288581546

metric,value
correlation,0.40684838842315524
height_gradient_magnitude,143397.6288433075
terrain_gradient_magnitude,87.71850967407227
