data_type,min_value,max_value,mean_value,std_dev
height,0.0,47740.0,6437.800567626953,11242.105103205133
terrain,91.0,255.0,178.58579635620117,21.97867142961435

metric,value
correlation,0.49527927952079137
height_gradient_magnitude,593828.3040266037
terrain_gradient_magnitude,176.69248485565186
