data_type,min_value,max_value,mean_value,std_dev
height,0.0,19597.0,2923.595157623291,2778.918811843646
terrain,97.0,250.0,207.85169219970703,25.626471953703085

metric,value
correlation,0.3614574592146226
height_gradient_magnitude,180878.38236904144
terrain_gradient_magnitude,85.83181858062744
