data_type,min_value,max_value,mean_value,std_dev
height,3.0,16471.0,2662.0820541381836,2262.776130754679
terrain,96.0,248.0,216.626953125,20.118718369391832

metric,value
correlation,-0.15033182370446158
height_gradient_magnitude,119638.48320102692
terrain_gradient_magnitude,91.47011089324951
