data_type,min_value,max_value,mean_value,std_dev
height,4.0,33529.0,2068.17338180542,2716.7585244913394
terrain,108.0,248.0,222.3292121887207,12.425604365197412

metric,value
correlation,-0.2528099972606573
height_gradient_magnitude,62175.936913490295
terrain_gradient_magnitude,44.81624126434326
