data_type,min_value,max_value,mean_value,std_dev
height,0.0,50820.0,7411.720554351807,9234.925100507171
terrain,91.0,254.0,190.92242813110352,28.419699231572054

metric,value
correlation,0.12420848677076242
height_gradient_magnitude,1069038.765753746
terrain_gradient_magnitude,278.95249366760254
