data_type,min_value,max_value,mean_value,std_dev
height,2227.0,25388.0,10748.300968170166,4474.260325245615
terrain,85.0,252.0,193.87984466552734,25.653922629674934

metric,value
correlation,0.15914284648721114
height_gradient_magnitude,900298.6547517776
terrain_gradient_magnitude,437.7743320465088
