data_type,min_value,max_value,mean_value,std_dev
height,1852.0,53436.0,26352.266063690186,8973.076389481554
terrain,79.0,255.0,185.61943817138672,37.05393774396015

metric,value
correlation,0.3025438518978102
height_gradient_magnitude,3916779.5387220383
terrain_gradient_magnitude,857.3901433944702
