data_type,min_value,max_value,mean_value,std_dev
height,749.0,12238.0,4159.625629425049,1941.6875840337461
terrain,104.0,245.0,199.9404411315918,17.704623514764258

metric,value
correlation,-0.3829452549616935
height_gradient_magnitude,149809.60047626495
terrain_gradient_magnitude,133.71417999267578
