data_type,min_value,max_value,mean_value,std_dev
height,3.0,14882.0,2755.054630279541,2039.9827683830274
terrain,87.0,248.0,194.2929344177246,20.11285794895669

metric,value
correlation,-0.37148703140966194
height_gradient_magnitude,144046.49265098572
terrain_gradient_magnitude,189.496075630188
