data_type,min_value,max_value,mean_value,std_dev
height,0.0,33456.0,1454.4759712219238,3684.694947346141
terrain,99.0,243.0,174.94279098510742,14.36454977395564

metric,value
correlation,0.10186679889038126
height_gradient_magnitude,359748.11885261536
terrain_gradient_magnitude,88.87491989135742
