data_type,min_value,max_value,mean_value,std_dev
height,1747.0,61087.0,34847.52994155884,11306.883006065584
terrain,83.0,255.0,199.37527465820312,35.65894357496546

metric,value
correlation,0.08882379689945447
height_gradient_magnitude,3226641.8512296677
terrain_gradient_magnitude,795.4423580169678
