data_type,min_value,max_value,mean_value,std_dev
height,1454.0,21124.0,6897.824405670166,2607.4822502184707
terrain,96.0,250.0,198.30160522460938,20.296817853771362

metric,value
correlation,0.099611918270515
height_gradient_magnitude,566943.3809080124
terrain_gradient_magnitude,313.59290409088135
