data_type,min_value,max_value,mean_value,std_dev
height,0.0,15522.0,1645.6414985656738,2823.3901291588636
terrain,98.0,251.0,179.48334503173828,19.78716299712582

metric,value
correlation,0.6466104817826273
height_gradient_magnitude,265386.51466178894
terrain_gradient_magnitude,156.97223281860352
