data_type,min_value,max_value,mean_value,std_dev
height,0.0,40506.0,7689.323310852051,7078.039922120393
terrain,87.0,255.0,196.74935913085938,27.742734208204844

metric,value
correlation,0.40976753038030916
height_gradient_magnitude,546490.0795621872
terrain_gradient_magnitude,185.91125869750977
