data_type,min_value,max_value,mean_value,std_dev
height,12.0,10966.0,1228.8068771362305,1109.7596542494675
terrain,98.0,245.0,191.36718368530273,14.075434553626586

metric,value
correlation,-0.19764304535075872
height_gradient_magnitude,65939.78750896454
terrain_gradient_magnitude,91.43191337585449
