data_type,min_value,max_value,mean_value,std_dev
height,0.0,11357.0,925.9298629760742,1483.9557162518552
terrain,102.0,252.0,186.33235549926758,23.187824136129155

metric,value
correlation,0.6801746122866178
height_gradient_magnitude,136959.753490448
terrain_gradient_magnitude,91.42197227478027
