data_type,min_value,max_value,mean_value,std_dev
height,0.0,10258.0,322.37224197387695,944.030377879679
terrain,100.0,247.0,175.11849212646484,16.18621743295401

metric,value
correlation,0.4517628435642251
height_gradient_magnitude,90051.92090129852
terrain_gradient_magnitude,68.87336349487305
