data_type,min_value,max_value,mean_value,std_dev
height,0.0,255.0,168.83112680853586,74.04322871105883
terrain,112.0,201.0,165.0874390984347,13.784781555181649

metric,value
correlation,-0.3131119719360396
height_gradient_magnitude,2138.3555170524382
terrain_gradient_magnitude,81.58664497164098
