data_type,min_value,max_value,mean_value,std_dev
height,6174.0,50654.0,24158.072708129883,11879.34977679883
terrain,84.0,255.0,222.69550323486328,18.793464683263593

metric,value
correlation,-0.3313333338435812
height_gradient_magnitude,348275.4156675339
terrain_gradient_magnitude,143.21217727661133
