data_type,min_value,max_value,mean_value,std_dev
height,1.0,17526.0,4467.350070953369,2967.345784720917
terrain,97.0,251.0,191.87744903564453,21.499304909024247

metric,value
correlation,0.3706881844300271
height_gradient_magnitude,518392.1172056198
terrain_gradient_magnitude,316.44146251678467
