data_type,min_value,max_value,mean_value,std_dev
height,3516.0,29057.0,13203.950382232666,2930.6975909052003
terrain,88.0,255.0,213.14923477172852,20.167324014237998

metric,value
correlation,-0.28440240228877994
height_gradient_magnitude,440919.5003299713
terrain_gradient_magnitude,179.7484769821167
