data_type,min_value,max_value,mean_value,std_dev
height,0.0,42598.0,5561.214057922363,6919.141857931509
terrain,81.0,255.0,189.7201690673828,29.29155503274049

metric,value
correlation,0.2643887123607392
height_gradient_magnitude,914669.332449913
terrain_gradient_magnitude,285.54804706573486
