data_type,min_value,max_value,mean_value,std_dev
height,2.0,33161.0,3788.286407470703,5126.285884650849
terrain,76.0,255.0,173.1430549621582,23.84648996878301

metric,value
correlation,0.17304326816898713
height_gradient_magnitude,1744127.0893650055
terrain_gradient_magnitude,431.9904832839966
