data_type,min_value,max_value,mean_value,std_dev
height,0.0,28001.0,3312.0770149230957,4838.379426823972
terrain,78.0,255.0,172.68476486206055,21.59401294544017

metric,value
correlation,0.34294228433549756
height_gradient_magnitude,1542920.6786851883
terrain_gradient_magnitude,370.833948135376
