data_type,min_value,max_value,mean_value,std_dev
height,2.0,21339.0,3611.8210678100586,2259.44171538692
terrain,104.0,246.0,210.97527313232422,15.647176123431315

metric,value
correlation,0.2491044394020054
height_gradient_magnitude,85395.67382907867
terrain_gradient_magnitude,65.34120750427246
