data_type,min_value,max_value,mean_value,std_dev
height,3857.0,25136.0,9243.797298431396,3559.286814370725
terrain,84.0,253.0,205.01696014404297,26.697738262720403

metric,value
correlation,-0.4428125511305067
height_gradient_magnitude,841650.5718288422
terrain_gradient_magnitude,279.87981128692627
