data_type,min_value,max_value,mean_value,std_dev
height,3252.0,20105.0,8758.369438171387,2600.724299048101
terrain,94.0,249.0,200.64890670776367,21.50224961569247

metric,value
correlation,0.037525127705643826
height_gradient_magnitude,338396.4481945038
terrain_gradient_magnitude,217.6700496673584
