data_type,min_value,max_value,mean_value,std_dev
height,84.0,8204.0,1506.7233963012695,1061.2674006020081
terrain,112.0,237.0,194.56259155273438,12.842008077784781

metric,value
correlation,-0.16679682689078823
height_gradient_magnitude,45489.26534175873
terrain_gradient_magnitude,72.87125301361084
