data_type,min_value,max_value,mean_value,std_dev
height,0.0,20204.0,2786.151584625244,3396.1995693656263
terrain,88.0,251.0,183.40356826782227,23.541939205247893

metric,value
correlation,0.12786237835121456
height_gradient_magnitude,339839.7643356323
terrain_gradient_magnitude,210.16493606567383
