data_type,min_value,max_value,mean_value,std_dev
height,436.0,15905.0,3359.504165649414,2050.372518256366
terrain,101.0,250.0,193.8075294494629,13.705933846263898

metric,value
correlation,0.2016349023271914
height_gradient_magnitude,203726.7333984375
terrain_gradient_magnitude,138.02276515960693
