data_type,min_value,max_value,mean_value,std_dev
height,0.0,15077.0,375.81694412231445,1396.8300036292592
terrain,88.0,246.0,169.95238876342773,7.955394551847946

metric,value
correlation,0.29908762361216057
height_gradient_magnitude,105651.37881088257
terrain_gradient_magnitude,48.253031730651855
