data_type,min_value,max_value,mean_value,std_dev
height,4.0,11325.0,1364.3768615722656,1571.590107672484
terrain,112.0,250.0,193.39400482177734,23.78878595144523

metric,value
correlation,0.673408719793289
height_gradient_magnitude,131301.01673221588
terrain_gradient_magnitude,90.44608211517334
