data_type,min_value,max_value,mean_value,std_dev
height,0.0,25334.0,334.56407928466797,1306.5927581525639
terrain,98.0,244.0,172.79261016845703,13.31337467159432

metric,value
correlation,0.4506085535215097
height_gradient_magnitude,80575.28338241577
terrain_gradient_magnitude,38.70024585723877
