data_type,min_value,max_value,mean_value,std_dev
height,0.0,20202.0,2855.0884857177734,2205.959701907953
terrain,89.0,251.0,210.6532325744629,26.858553998965217

metric,value
correlation,0.4705071674052721
height_gradient_magnitude,92016.8748588562
terrain_gradient_magnitude,63.34263515472412
