data_type,min_value,max_value,mean_value,std_dev
height,0.0,25128.0,1006.154727935791,2617.48545153132
terrain,84.0,254.0,174.5489730834961,18.79241594005794

metric,value
correlation,0.35851015708373063
height_gradient_magnitude,504004.9942483902
terrain_gradient_magnitude,143.29451656341553
