data_type,min_value,max_value,mean_value,std_dev
height,647.0,27569.0,10554.49006652832,4654.488117607364
terrain,90.0,252.0,200.39514541625977,27.389647992659132

metric,value
correlation,-0.27788690296032664
height_gradient_magnitude,869071.6610355377
terrain_gradient_magnitude,371.6204204559326
