data_type,min_value,max_value,mean_value,std_dev
height,0.0,31154.0,2472.6306800842285,3252.918835928366
terrain,87.0,253.0,194.08642196655273,22.720266266722266

metric,value
correlation,0.28219086885413014
height_gradient_magnitude,211672.0708913803
terrain_gradient_magnitude,96.09151935577393
