data_type,min_value,max_value,mean_value,std_dev
height,0.0,21274.0,376.4073371887207,1576.0771219257774
terrain,71.0,255.0,169.99441146850586,11.033710983344182

metric,value
correlation,0.4204461145713999
height_gradient_magnitude,269116.0398540497
terrain_gradient_magnitude,98.36229610443115
