data_type,min_value,max_value,mean_value,std_dev
height,0.0,17869.0,4681.549606323242,4824.270106936957
terrain,101.0,244.0,207.8290557861328,21.747809433331422

metric,value
correlation,0.3580336752081828
height_gradient_magnitude,115472.47735023499
terrain_gradient_magnitude,81.82741260528564
