data_type,min_value,max_value,mean_value,std_dev
height,373.0,10710.0,2156.490074157715,1179.2902539008815
terrain,95.0,248.0,210.51446151733398,20.214846880320163

metric,value
correlation,-0.5227410613895799
height_gradient_magnitude,94382.52070045471
terrain_gradient_magnitude,104.39507007598877
