data_type,min_value,max_value,mean_value,std_dev
height,4.0,33520.0,5380.618385314941,5063.619111892469
terrain,87.0,252.0,190.69581985473633,25.514031830228344

metric,value
correlation,0.39871427637157225
height_gradient_magnitude,428249.53193187714
terrain_gradient_magnitude,208.7506923675537
