data_type,min_value,max_value,mean_value,std_dev
height,0.0,24769.0,1393.7274322509766,3107.15266420843
terrain,86.0,252.0,181.52709197998047,22.98857559357464

metric,value
correlation,0.27064938383322823
height_gradient_magnitude,246230.96679878235
terrain_gradient_magnitude,100.47914123535156
