data_type,min_value,max_value,mean_value,std_dev
height,1005.0,36316.0,13597.739501953125,5050.878309258228
terrain,92.0,254.0,207.16167068481445,18.217743806586363

metric,value
correlation,-0.11092838836850957
height_gradient_magnitude,391447.07070064545
terrain_gradient_magnitude,155.3721342086792
