data_type,min_value,max_value,mean_value,std_dev
height,151.0,41172.0,11612.06339263916,4999.49569687105
terrain,81.0,255.0,212.57759475708008,21.975766068564155

metric,value
correlation,-0.40733812866407754
height_gradient_magnitude,614347.0849399567
terrain_gradient_magnitude,187.01179695129395
