data_type,min_value,max_value,mean_value,std_dev
height,0.0,20086.0,3160.7279014587402,2842.5267840318675
terrain,90.0,249.0,207.5273551940918,24.037194821956415

metric,value
correlation,-0.5804707869180796
height_gradient_magnitude,263806.9908256531
terrain_gradient_magnitude,186.79210948944092
