data_type,min_value,max_value,mean_value,std_dev
height,0.0,29070.0,3511.007255554199,3649.2845013535607
terrain,95.0,255.0,190.74206924438477,28.117021642075855

metric,value
correlation,0.49250468126936015
height_gradient_magnitude,1067090.1113004684
terrain_gradient_magnitude,311.34821701049805
