data_type,min_value,max_value,mean_value,std_dev
height,1.0,11018.0,2027.3896369934082,1878.255039407961
terrain,103.0,241.0,206.48157119750977,24.27679370813623

metric,value
correlation,0.47102025861659325
height_gradient_magnitude,60562.987895965576
terrain_gradient_magnitude,33.61585330963135
