data_type,min_value,max_value,mean_value,std_dev
height,0.0,11074.0,2011.1386909484863,1856.0493908556618
terrain,90.0,250.0,191.23187637329102,22.434556211758554

metric,value
correlation,0.014280447919150521
height_gradient_magnitude,116128.96708583832
terrain_gradient_magnitude,195.25572872161865
