data_type,min_value,max_value,mean_value,std_dev
height,0.0,42537.0,7635.290493011475,7490.278446162635
terrain,83.0,254.0,202.79262924194336,29.5916668759611

metric,value
correlation,-0.0409168115019203
height_gradient_magnitude,1064579.4668273926
terrain_gradient_magnitude,322.1838130950928
