data_type,min_value,max_value,mean_value,std_dev
height,4.0,20093.0,5810.147048950195,2349.512928805207
terrain,97.0,247.0,210.8699722290039,19.95511204452217

metric,value
correlation,0.26212207768598966
height_gradient_magnitude,176570.26705551147
terrain_gradient_magnitude,134.88194847106934
