data_type,min_value,max_value,mean_value,std_dev
height,2.0,21803.0,7113.906883239746,3635.1033877402688
terrain,93.0,253.0,200.90257263183594,23.993529218735933

metric,value
correlation,0.2516768779590761
height_gradient_magnitude,819645.9915857315
terrain_gradient_magnitude,438.7607583999634
