data_type,min_value,max_value,mean_value,std_dev
height,0.0,18249.0,1256.006649017334,2121.739825823732
terrain,101.0,251.0,187.88977813720703,24.426655599772317

metric,value
correlation,0.43388121916331707
height_gradient_magnitude,298638.93106651306
terrain_gradient_magnitude,163.18933868408203
