data_type,min_value,max_value,mean_value,std_dev
height,87.0,14834.0,2531.58646774292,2104.8868181187277
terrain,95.0,251.0,196.54529571533203,14.053278790742768

metric,value
correlation,0.15168184933892048
height_gradient_magnitude,151415.85093975067
terrain_gradient_magnitude,128.99230480194092
