data_type,min_value,max_value,mean_value,std_dev
height,0.0,255.0,169.5224502791476,74.33379430500123
terrain,112.0,201.0,165.14700786352125,13.675284161837281

metric,value
correlation,-0.3022443936838583
height_gradient_magnitude,2160.2416403808847
terrain_gradient_magnitude,82.79436003376428
