data_type,min_value,max_value,mean_value,std_dev
height,0.0,33025.0,9560.82527923584,6823.20302248633
terrain,91.0,255.0,205.0876235961914,26.540466884912934

metric,value
correlation,0.23033827732311066
height_gradient_magnitude,628452.0911598206
terrain_gradient_magnitude,190.00686645507812
