data_type,min_value,max_value,mean_value,std_dev
height,0.0,13502.0,1883.0292778015137,2299.2832960628157
terrain,98.0,246.0,202.24918746948242,23.351517521145293

metric,value
correlation,0.23682151363940643
height_gradient_magnitude,73321.35355854034
terrain_gradient_magnitude,80.04435348510742
