data_type,min_value,max_value,mean_value,std_dev
height,0.0,24629.0,3693.9033241271973,4053.552638772101
terrain,90.0,252.0,194.50495529174805,26.481173868226165

metric,value
correlation,0.42815379405188303
height_gradient_magnitude,287470.3239078522
terrain_gradient_magnitude,125.83143615722656
