data_type,min_value,max_value,mean_value,std_dev
height,0.0,33958.0,8320.519351959229,6444.802778730079
terrain,79.0,255.0,206.15301895141602,25.531835912160297

metric,value
correlation,0.09536023369695515
height_gradient_magnitude,448941.6959514618
terrain_gradient_magnitude,163.89261150360107
