data_type,min_value,max_value,mean_value,std_dev
height,3532.0,19694.0,7795.807792663574,2406.8757857268197
terrain,93.0,251.0,196.33555603027344,20.88417017634999

metric,value
correlation,0.011643492908042119
height_gradient_magnitude,381330.27600574493
terrain_gradient_magnitude,227.6160011291504
