data_type,min_value,max_value,mean_value,std_dev
height,2.0,16190.0,2469.5456008911133,2167.1054069616766
terrain,86.0,249.0,199.32256317138672,26.614181878474557

metric,value
correlation,-0.4201453579988193
height_gradient_magnitude,498493.8378458023
terrain_gradient_magnitude,320.8721179962158
