data_type,min_value,max_value,mean_value,std_dev
height,0.0,255.0,169.49211426540495,74.10002634831503
terrain,110.0,201.0,165.05870244494795,13.849065642926192

metric,value
correlation,-0.3110876371162392
height_gradient_magnitude,2135.6499141084305
terrain_gradient_magnitude,81.79025611977431
