data_type,min_value,max_value,mean_value,std_dev
height,0.0,27142.0,4191.049076080322,5646.918958771673
terrain,87.0,251.0,194.21036911010742,24.811111970580097

metric,value
correlation,0.3756600216609383
height_gradient_magnitude,268122.72947502136
terrain_gradient_magnitude,113.406813621521
