data_type,min_value,max_value,mean_value,std_dev
height,0.0,18481.0,184.81649017333984,1123.6803251399729
terrain,89.0,248.0,170.17613220214844,8.695226869165236

metric,value
correlation,0.1107749877071239
height_gradient_magnitude,55325.742634773254
terrain_gradient_magnitude,24.31242084503174
