data_type,min_value,max_value,mean_value,std_dev
height,743.0,17084.0,5605.995132446289,2472.026181273553
terrain,87.0,250.0,196.82561492919922,18.252598215517192

metric,value
correlation,0.3194816306648054
height_gradient_magnitude,438045.06366539
terrain_gradient_magnitude,264.02610874176025
