data_type,min_value,max_value,mean_value,std_dev
height,4.0,8272.0,3944.759136199951,1380.9676070956384
terrain,95.0,239.0,187.21380996704102,14.515215968702025

metric,value
correlation,0.3293618493378957
height_gradient_magnitude,89116.68509292603
terrain_gradient_magnitude,95.68934154510498
