data_type,min_value,max_value,mean_value,std_dev
height,0.0,16226.0,1887.3029708862305,1930.8181961084176
terrain,90.0,249.0,204.20623016357422,25.7658948106136

metric,value
correlation,0.04508606970268545
height_gradient_magnitude,183373.95766735077
terrain_gradient_magnitude,137.64926624298096
