data_type,min_value,max_value,mean_value,std_dev
height,1.0,24580.0,408.50068283081055,1521.0300415326158
terrain,86.0,251.0,173.3960952758789,15.110560543173467

metric,value
correlation,0.4339257227914642
height_gradient_magnitude,84148.7069311142
terrain_gradient_magnitude,38.31618118286133
