data_type,min_value,max_value,mean_value,std_dev
height,0.0,21931.0,7408.688564300537,4388.059213993835
terrain,63.0,255.0,183.1437110900879,28.485860092418854

metric,value
correlation,0.26316314208214253
height_gradient_magnitude,2016469.3474941254
terrain_gradient_magnitude,650.7980470657349
