data_type,min_value,max_value,mean_value,std_dev
height,3524.0,37945.0,7881.976821899414,2339.4466604792824
terrain,92.0,254.0,208.67498779296875,18.242596204598474

metric,value
correlation,-0.03442427289240631
height_gradient_magnitude,158555.04237174988
terrain_gradient_magnitude,72.60001277923584
