data_type,min_value,max_value,mean_value,std_dev
height,0.0,24191.0,4387.082046508789,3881.929169027495
terrain,85.0,251.0,202.51839447021484,25.626001202771416

metric,value
correlation,0.2797381344149951
height_gradient_magnitude,360948.937330246
terrain_gradient_magnitude,153.6846752166748
