data_type,min_value,max_value,mean_value,std_dev
height,3392.0,19492.0,7679.673244476318,2135.193323824796
terrain,93.0,250.0,202.18198776245117,18.91486286395124

metric,value
correlation,-0.31438558690551893
height_gradient_magnitude,270260.60291957855
terrain_gradient_magnitude,179.93651962280273
