data_type,min_value,max_value,mean_value,std_dev
height,0.0,18452.0,419.0725517272949,1215.4040865999366
terrain,89.0,255.0,176.53274154663086,18.71691549077152

metric,value
correlation,0.2708891194847754
height_gradient_magnitude,270483.24897670746
terrain_gradient_magnitude,137.55359554290771
