data_type,min_value,max_value,mean_value,std_dev
height,0.0,25867.0,1643.6786575317383,3456.5942488783976
terrain,76.0,253.0,181.83764266967773,22.164617631968365

metric,value
correlation,0.06501674580966359
height_gradient_magnitude,438215.5697212219
terrain_gradient_magnitude,200.7530336380005
