data_type,min_value,max_value,mean_value,std_dev
height,217.0,11699.0,2240.700080871582,1165.3486774352104
terrain,112.0,250.0,213.7260971069336,16.29441365478117

metric,value
correlation,-0.4024492808011376
height_gradient_magnitude,52529.95779800415
terrain_gradient_magnitude,88.42364025115967
