data_type,min_value,max_value,mean_value,std_dev
height,460.0,23090.0,2676.868579864502,3009.726722194084
terrain,95.0,252.0,215.99242401123047,16.760813277786138

metric,value
correlation,-0.3949202064582087
height_gradient_magnitude,187869.81681728363
terrain_gradient_magnitude,117.35865116119385
