data_type,min_value,max_value,mean_value,std_dev
height,107.0,43777.0,4287.075836181641,6428.348029075647
terrain,88.0,254.0,189.65896606445312,16.36490693554663

metric,value
correlation,0.003826890941513238
height_gradient_magnitude,436954.2382965088
terrain_gradient_magnitude,141.65075969696045
