data_type,min_value,max_value,mean_value,std_dev
height,0.0,21059.0,3867.8535346984863,4800.568552211521
terrain,61.0,255.0,175.7547264099121,26.3702929771314

metric,value
correlation,0.42942800673109305
height_gradient_magnitude,1845347.5143899918
terrain_gradient_magnitude,568.6058540344238
