data_type,min_value,max_value,mean_value,std_dev
height,4.0,28580.0,4500.962207794189,3427.5815385133847
terrain,84.0,252.0,220.71490859985352,10.521650371950608

metric,value
correlation,-0.381959265511544
height_gradient_magnitude,107881.72508430481
terrain_gradient_magnitude,52.89288902282715
