data_type,min_value,max_value,mean_value,std_dev
height,0.0,42156.0,5569.4522705078125,7545.837456014614
terrain,75.0,255.0,187.41867446899414,29.028896025028793

metric,value
correlation,0.14341127356816535
height_gradient_magnitude,1098785.5519332886
terrain_gradient_magnitude,425.79951190948486
