data_type,min_value,max_value,mean_value,std_dev
height,0.0,25386.0,5014.99263381958,3457.9904145210944
terrain,93.0,255.0,196.46359634399414,25.79050885766139

metric,value
correlation,0.23210727812368526
height_gradient_magnitude,916598.9255580902
terrain_gradient_magnitude,296.458065032959
