data_type,min_value,max_value,mean_value,std_dev
height,919.0,19373.0,7353.563591003418,2755.2776373980682
terrain,105.0,248.0,213.70865631103516,14.70906035205341

metric,value
correlation,0.12109073641073635
height_gradient_magnitude,104017.8238620758
terrain_gradient_magnitude,74.26518821716309
