data_type,min_value,max_value,mean_value,std_dev
height,13882.0,47213.0,30651.10134124756,4943.813154519955
terrain,98.0,255.0,214.37429428100586,24.600520606032653

metric,value
correlation,0.09631814481294362
height_gradient_magnitude,858473.8352203369
terrain_gradient_magnitude,378.3472013473511
