data_type,min_value,max_value,mean_value,std_dev
height,1301.0,19603.0,4661.619537353516,2374.281331648129
terrain,99.0,249.0,187.89881896972656,16.057448282142563

metric,value
correlation,0.2196782342812039
height_gradient_magnitude,340371.91565322876
terrain_gradient_magnitude,181.67153358459473
