data_type,min_value,max_value,mean_value,std_dev
height,3.0,17472.0,5877.574264526367,2703.5473387060247
terrain,94.0,251.0,195.72859573364258,21.764847644529556

metric,value
correlation,0.1625962564337887
height_gradient_magnitude,631008.0671186447
terrain_gradient_magnitude,379.9255065917969
