data_type,min_value,max_value,mean_value,std_dev
height,0.0,14452.0,291.8397407531738,1151.255234561826
terrain,95.0,245.0,169.97518920898438,7.168929982438538

metric,value
correlation,0.275055239308464
height_gradient_magnitude,49929.75386047363
terrain_gradient_magnitude,29.07176399230957
