data_type,min_value,max_value,mean_value,std_dev
height,0.0,38065.0,5918.921180725098,7229.779324853581
terrain,82.0,255.0,199.7751579284668,29.621118771487314

metric,value
correlation,0.05121449186367769
height_gradient_magnitude,873592.3475990295
terrain_gradient_magnitude,266.41466522216797
