data_type,min_value,max_value,mean_value,std_dev
height,3.0,13228.0,2345.9235610961914,1388.3863253552747
terrain,87.0,248.0,190.18586349487305,19.782429512419892

metric,value
correlation,-0.30138232951486554
height_gradient_magnitude,116136.43592834473
terrain_gradient_magnitude,149.41096878051758
