data_type,min_value,max_value,mean_value,std_dev
height,0.0,18091.0,2368.1340980529785,3015.174936513262
terrain,95.0,255.0,187.32060623168945,21.191902144368655

metric,value
correlation,0.43688125791702503
height_gradient_magnitude,462298.62884426117
terrain_gradient_magnitude,199.41119003295898
