data_type,min_value,max_value,mean_value,std_dev
height,98.0,16494.0,2475.9314918518066,2081.245262900943
terrain,90.0,249.0,200.43214416503906,22.0243505601173

metric,value
correlation,-0.45310011330207267
height_gradient_magnitude,193147.92217636108
terrain_gradient_magnitude,169.860764503479
