data_type,min_value,max_value,mean_value,std_dev
height,743.0,21441.0,5867.564823150635,2871.2763678266824
terrain,96.0,250.0,197.07738494873047,18.8222687834939

metric,value
correlation,0.2803844012843102
height_gradient_magnitude,490453.9119977951
terrain_gradient_magnitude,268.4718713760376
