data_type,min_value,max_value,mean_value,std_dev
height,0.0,255.0,168.18070549557956,74.50992762585552
terrain,111.0,200.0,165.12256578849943,13.696200751679502

metric,value
correlation,-0.2944349676732998
height_gradient_magnitude,2129.0523290683727
terrain_gradient_magnitude,80.78973965969168
