data_type,min_value,max_value,mean_value,std_dev
height,0.0,48201.0,19374.394165039062,14545.670079882044
terrain,93.0,255.0,197.81106185913086,29.670581186078852

metric,value
correlation,0.5864733897796484
height_gradient_magnitude,898306.583032608
terrain_gradient_magnitude,246.59421920776367
