data_type,min_value,max_value,mean_value,std_dev
height,4.0,31697.0,2729.4447631835938,4315.703067310742
terrain,84.0,250.0,177.00238418579102,19.773211927619514

metric,value
correlation,0.4216553126103036
height_gradient_magnitude,364711.7701406479
terrain_gradient_magnitude,168.34856605529785
