data_type,min_value,max_value,mean_value,std_dev
height,0.0,255.0,168.88962192900618,74.10195969672473
terrain,112.0,201.0,165.49496497697217,13.443274818105904

metric,value
correlation,-0.2872774300139173
height_gradient_magnitude,2124.945051608986
terrain_gradient_magnitude,81.98280317502629
