data_type,min_value,max_value,mean_value,std_dev
height,0.0,35580.0,5598.521396636963,4007.77184885401
terrain,91.0,254.0,209.12408447265625,19.23009242164765

metric,value
correlation,-0.3198194131102715
height_gradient_magnitude,357426.632850647
terrain_gradient_magnitude,148.94241619110107
