data_type,min_value,max_value,mean_value,std_dev
height,0.0,22793.0,1793.9406852722168,2980.11730911667
terrain,82.0,248.0,191.89294815063477,28.735747863528857

metric,value
correlation,-0.17857221971550044
height_gradient_magnitude,353492.64087867737
terrain_gradient_magnitude,165.36083793640137
