data_type,min_value,max_value,mean_value,std_dev
height,0.0,32871.0,3790.5374870300293,4890.270472785284
terrain,86.0,253.0,195.71904373168945,27.903362558964567

metric,value
correlation,0.2636340435809324
height_gradient_magnitude,425643.77720832825
terrain_gradient_magnitude,152.84097290039062
