data_type,min_value,max_value,mean_value,std_dev
height,0.0,18460.0,2207.620346069336,3389.880399309867
terrain,92.0,255.0,181.65334701538086,21.894157661855154

metric,value
correlation,0.5734051783973472
height_gradient_magnitude,629239.1410284042
terrain_gradient_magnitude,210.84371852874756
