data_type,min_value,max_value,mean_value,std_dev
height,0.0,20312.0,1752.193748474121,3325.111914106224
terrain,89.0,249.0,174.67648696899414,16.721113528353772

metric,value
correlation,0.25926969676653533
height_gradient_magnitude,221025.96673583984
terrain_gradient_magnitude,129.67696571350098
