data_type,min_value,max_value,mean_value,std_dev
height,3512.0,24760.0,7320.4675369262695,3242.8533736824047
terrain,90.0,254.0,210.6755027770996,21.44216322324365

metric,value
correlation,-0.45813302554442104
height_gradient_magnitude,402004.81800460815
terrain_gradient_magnitude,146.75974655151367
