data_type,min_value,max_value,mean_value,std_dev
height,0.0,16859.0,271.13074111938477,1014.2650355542335
terrain,100.0,246.0,173.73806381225586,14.063131381180405

metric,value
correlation,0.4363760946347351
height_gradient_magnitude,71220.71492385864
terrain_gradient_magnitude,41.25644111633301
