data_type,min_value,max_value,mean_value,std_dev
height,3.0,19021.0,5691.512111663818,2667.349398833695
terrain,96.0,247.0,212.28597259521484,19.859492918844474

metric,value
correlation,-0.0814130788473635
height_gradient_magnitude,338852.4515867233
terrain_gradient_magnitude,180.53883838653564
