data_type,min_value,max_value,mean_value,std_dev
height,1049.0,15724.0,3350.409309387207,1182.8739270112724
terrain,106.0,248.0,189.9609375,12.02884988996425

metric,value
correlation,0.1448913832823008
height_gradient_magnitude,90901.08506011963
terrain_gradient_magnitude,79.61289310455322
