data_type,min_value,max_value,mean_value,std_dev
height,0.0,22019.0,264.0120429992676,1525.1444264582876
terrain,88.0,254.0,169.5334815979004,7.748307106446231

metric,value
correlation,0.1485048224501208
height_gradient_magnitude,198576.10829162598
terrain_gradient_magnitude,45.528520584106445
