data_type,min_value,max_value,mean_value,std_dev
height,781.0,42269.0,9088.030891418457,7140.93842569576
terrain,78.0,253.0,203.6714630126953,30.60281783702502

metric,value
correlation,-0.3424632403546531
height_gradient_magnitude,1422933.4492797852
terrain_gradient_magnitude,485.4938097000122
