data_type,min_value,max_value,mean_value,std_dev
height,0.0,31507.0,5081.517517089844,6782.688941059992
terrain,88.0,252.0,217.2805061340332,26.321876181315833

metric,value
correlation,-0.34858542990263086
height_gradient_magnitude,536379.9607934952
terrain_gradient_magnitude,145.4129400253296
