data_type,min_value,max_value,mean_value,std_dev
height,0.0,25268.0,870.7527923583984,2426.8652273165194
terrain,98.0,240.0,174.24707412719727,12.610733319203995

metric,value
correlation,0.1302340436199647
height_gradient_magnitude,209553.42410373688
terrain_gradient_magnitude,60.111023902893066
