data_type,min_value,max_value,mean_value,std_dev
height,0.0,32507.0,3913.055233001709,3502.279216547433
terrain,91.0,255.0,195.34779357910156,27.98106568084234

metric,value
correlation,0.3276451713152479
height_gradient_magnitude,1109877.102889061
terrain_gradient_magnitude,335.18909454345703
