data_type,min_value,max_value,mean_value,std_dev
height,1.0,27986.0,10578.102523803711,5228.9936220252985
terrain,88.0,252.0,213.33176803588867,17.31422066544887

metric,value
correlation,-0.20791707717151808
height_gradient_magnitude,234021.52315330505
terrain_gradient_magnitude,108.0076093673706
