data_type,min_value,max_value,mean_value,std_dev
height,0.0,19056.0,3216.2376670837402,3665.4077255887933
terrain,97.0,245.0,189.4154167175293,24.741264152862225

metric,value
correlation,0.6514659750801646
height_gradient_magnitude,254077.8374452591
terrain_gradient_magnitude,126.63648986816406
