data_type,min_value,max_value,mean_value,std_dev
height,0.0,17144.0,3786.970630645752,3079.6496199883272
terrain,105.0,253.0,195.771240234375,24.148685014703343

metric,value
correlation,0.4409130795287759
height_gradient_magnitude,526308.8802623749
terrain_gradient_magnitude,287.0384874343872
