data_type,min_value,max_value,mean_value,std_dev
height,0.0,30661.0,2839.084545135498,5073.537761483129
terrain,89.0,249.0,186.68071365356445,24.036633749529262

metric,value
correlation,0.03651134002019715
height_gradient_magnitude,463806.14269161224
terrain_gradient_magnitude,157.01502418518066
