data_type,min_value,max_value,mean_value,std_dev
height,4.0,17974.0,4367.367523193359,2687.4538027896497
terrain,98.0,253.0,194.31012725830078,18.80023110370979

metric,value
correlation,0.11845444429507329
height_gradient_magnitude,475214.2498435974
terrain_gradient_magnitude,283.9187288284302
