data_type,min_value,max_value,mean_value,std_dev
height,33.0,23194.0,9427.57880783081,3260.001339523595
terrain,102.0,250.0,216.46266174316406,15.254563762880517

metric,value
correlation,-0.16841444379702253
height_gradient_magnitude,212629.079123497
terrain_gradient_magnitude,116.12988471984863
