data_type,min_value,max_value,mean_value,std_dev
height,1733.0,24028.0,5898.906871795654,2579.3415777582227
terrain,89.0,254.0,187.69104385375977,17.646476952989396

metric,value
correlation,-0.0872065224525098
height_gradient_magnitude,297679.3506450653
terrain_gradient_magnitude,149.5302858352661
