data_type,min_value,max_value,mean_value,std_dev
height,0.0,9967.0,190.52478408813477,878.5830565125449
terrain,100.0,247.0,173.74536514282227,15.525279917461567

metric,value
correlation,0.4177692753883197
height_gradient_magnitude,26613.1773519516
terrain_gradient_magnitude,23.542652130126953
