data_type,min_value,max_value,mean_value,std_dev
height,674.0,12398.0,2744.7465476989746,1181.7652015029103
terrain,103.0,247.0,195.1608543395996,12.551763891615225

metric,value
correlation,0.18819108196941292
height_gradient_magnitude,91024.83742809296
terrain_gradient_magnitude,86.90295696258545
