data_type,min_value,max_value,mean_value,std_dev
height,0.0,24329.0,3294.758388519287,3890.766296784995
terrain,92.0,251.0,196.00106811523438,26.412276530436802

metric,value
correlation,0.27955267519320004
height_gradient_magnitude,343925.14091300964
terrain_gradient_magnitude,151.9528284072876
