data_type,min_value,max_value,mean_value,std_dev
height,3.0,33649.0,9150.204978942871,4587.781728516059
terrain,86.0,254.0,184.44866561889648,31.615692167753664

metric,value
correlation,-0.09473519204428948
height_gradient_magnitude,2184044.9162549973
terrain_gradient_magnitude,627.5222702026367
