data_type,min_value,max_value,mean_value,std_dev
height,0.0,9354.0,202.97633361816406,787.3928444493722
terrain,103.0,245.0,172.53739547729492,12.38665737394746

metric,value
correlation,0.4858255879976842
height_gradient_magnitude,62006.95652961731
terrain_gradient_magnitude,45.0415735244751
