data_type,min_value,max_value,mean_value,std_dev
height,12.0,12955.0,1371.9586219787598,1276.220847949577
terrain,102.0,249.0,190.94117736816406,14.073261528319165

metric,value
correlation,-0.1291162081725683
height_gradient_magnitude,94458.90255355835
terrain_gradient_magnitude,100.00556659698486
