data_type,min_value,max_value,mean_value,std_dev
height,0.0,22787.0,342.04237365722656,1270.1050837277462
terrain,101.0,244.0,173.8652114868164,12.302385911771076

metric,value
correlation,0.3542431276678631
height_gradient_magnitude,107008.63360214233
terrain_gradient_magnitude,37.51248359680176
