data_type,min_value,max_value,mean_value,std_dev
height,0.0,19877.0,417.7359085083008,1416.182028478109
terrain,97.0,255.0,172.92171478271484,14.449607024181324

metric,value
correlation,0.5846189639339933
height_gradient_magnitude,263566.1164970398
terrain_gradient_magnitude,102.96494483947754
