data_type,min_value,max_value,mean_value,std_dev
height,0.0,9449.0,668.7198753356934,1110.7902388488358
terrain,98.0,249.0,192.54475021362305,27.036797140934805

metric,value
correlation,0.36635114628869514
height_gradient_magnitude,116182.61161804199
terrain_gradient_magnitude,120.4608039855957
