data_type,min_value,max_value,mean_value,std_dev
height,0.0,21069.0,4032.265296936035,3788.241970391165
terrain,83.0,250.0,199.16449737548828,27.064759513437316

metric,value
correlation,-0.20536785134019572
height_gradient_magnitude,699600.40878582
terrain_gradient_magnitude,270.5196886062622
