data_type,min_value,max_value,mean_value,std_dev
height,0.0,11862.0,2266.720390319824,2290.699807983357
terrain,101.0,250.0,204.19296646118164,25.450212365451257

metric,value
correlation,0.41758944260240743
height_gradient_magnitude,106217.90073013306
terrain_gradient_magnitude,77.75287437438965
