data_type,min_value,max_value,mean_value,std_dev
height,0.0,19010.0,495.14380645751953,1316.8399575512776
terrain,73.0,255.0,178.4105339050293,18.71438264942764

metric,value
correlation,0.4671625860494883
height_gradient_magnitude,235857.39411258698
terrain_gradient_magnitude,116.23591804504395
