data_type,min_value,max_value,mean_value,std_dev
height,421.0,33119.0,4256.398509979248,5130.096964529067
terrain,85.0,255.0,218.25278854370117,16.48259504487552

metric,value
correlation,-0.47280048563782234
height_gradient_magnitude,380354.5275373459
terrain_gradient_magnitude,109.18442726135254
