data_type,min_value,max_value,mean_value,std_dev
height,67.0,17710.0,5354.4240646362305,3344.9589744814307
terrain,97.0,244.0,217.41075134277344,11.140520210518552

metric,value
correlation,-0.03711738278970337
height_gradient_magnitude,78519.33409690857
terrain_gradient_magnitude,58.79674053192139
