data_type,min_value,max_value,mean_value,std_dev
height,3013.0,37644.0,7111.617069244385,4120.46956451699
terrain,97.0,253.0,195.84474182128906,16.602642312323983

metric,value
correlation,0.23926954105468373
height_gradient_magnitude,234473.2528295517
terrain_gradient_magnitude,89.50795555114746
