data_type,min_value,max_value,mean_value,std_dev
height,0.0,11265.0,1188.626594543457,1829.160301234206
terrain,108.0,252.0,182.29669189453125,20.631234676602553

metric,value
correlation,0.7891942918797454
height_gradient_magnitude,163777.63051605225
terrain_gradient_magnitude,97.0870132446289
