data_type,min_value,max_value,mean_value,std_dev
height,0.0,255.0,168.75862247693516,76.0043791325683
terrain,112.0,202.0,164.05161639048083,13.984521753846295

metric,value
correlation,-0.3054032074276199
height_gradient_magnitude,1578.061819716558
terrain_gradient_magnitude,70.89768166807352
