data_type,min_value,max_value,mean_value,std_dev
height,0.0,38522.0,11569.224876403809,7163.616318289195
terrain,84.0,255.0,216.19399642944336,25.511533284061375

metric,value
correlation,-0.45645104810545534
height_gradient_magnitude,752857.4134120941
terrain_gradient_magnitude,234.38827800750732
