data_type,min_value,max_value,mean_value,std_dev
height,1413.0,17050.0,5957.975605010986,2530.3251437730237
terrain,96.0,252.0,198.73960876464844,19.579119822858555

metric,value
correlation,0.06865967872682376
height_gradient_magnitude,444917.7112522125
terrain_gradient_magnitude,281.5356550216675
