data_type,min_value,max_value,mean_value,std_dev
height,0.0,35378.0,5420.985874176025,4642.78824471044
terrain,91.0,254.0,195.4498062133789,25.145665228629916

metric,value
correlation,0.2125265080291097
height_gradient_magnitude,575533.3488025665
terrain_gradient_magnitude,237.12438106536865
