data_type,min_value,max_value,mean_value,std_dev
height,0.0,19740.0,438.14111709594727,1404.3289578065624
terrain,89.0,248.0,176.07937240600586,17.35138304838606

metric,value
correlation,0.35477472935335913
height_gradient_magnitude,108300.44065856934
terrain_gradient_magnitude,47.13001251220703
