data_type,min_value,max_value,mean_value,std_dev
height,4428.0,20242.0,8780.052215576172,2018.1695613165073
terrain,105.0,248.0,215.745361328125,12.38074342547293

metric,value
correlation,-0.38768352592801364
height_gradient_magnitude,95352.28936576843
terrain_gradient_magnitude,63.13436698913574
