data_type,min_value,max_value,mean_value,std_dev
height,1665.0,26206.0,5505.791954040527,2992.714754955569
terrain,94.0,254.0,232.1161651611328,15.093463212727945

metric,value
correlation,-0.6445499376691552
height_gradient_magnitude,74358.2289056778
terrain_gradient_magnitude,42.011616706848145
