data_type,min_value,max_value,mean_value,std_dev
height,0.0,17634.0,1067.120288848877,1960.8465660582938
terrain,82.0,253.0,220.79841232299805,21.027376595275168

metric,value
correlation,-0.14005779464535836
height_gradient_magnitude,71436.47616863251
terrain_gradient_magnitude,50.44647693634033
