data_type,min_value,max_value,mean_value,std_dev
height,0.0,11454.0,1036.5452919006348,1221.495016368531
terrain,97.0,250.0,209.00930786132812,25.12544965873564

metric,value
correlation,0.008650906152650331
height_gradient_magnitude,42955.69746494293
terrain_gradient_magnitude,134.90402603149414
