data_type,min_value,max_value,mean_value,std_dev
height,0.0,18432.0,472.6509132385254,1254.1487974560423
terrain,96.0,255.0,177.324462890625,19.52126390066444

metric,value
correlation,0.2889482749652593
height_gradient_magnitude,291939.82746601105
terrain_gradient_magnitude,141.4894208908081
