data_type,min_value,max_value,mean_value,std_dev
height,4.0,28940.0,9343.068698883057,3619.907106649133
terrain,78.0,255.0,181.956298828125,26.971694192157674

metric,value
correlation,0.04659000030193299
height_gradient_magnitude,2086755.4122495651
terrain_gradient_magnitude,559.0628414154053
