data_type,min_value,max_value,mean_value,std_dev
height,0.0,27242.0,171.65521240234375,1212.3222443000238
terrain,83.0,248.0,169.85750198364258,7.677612890408898

metric,value
correlation,-0.05514530680048886
height_gradient_magnitude,51295.99997425079
terrain_gradient_magnitude,18.63765239715576
