data_type,min_value,max_value,mean_value,std_dev
height,0.0,19104.0,3240.6373176574707,4154.643133826791
terrain,93.0,251.0,186.50413131713867,24.586733254124365

metric,value
correlation,0.7070130422878237
height_gradient_magnitude,260899.8729429245
terrain_gradient_magnitude,118.38140106201172
