data_type,min_value,max_value,mean_value,std_dev
height,0.0,16509.0,338.7467842102051,1407.6200303018531
terrain,61.0,255.0,169.53146362304688,9.686230087828315

metric,value
correlation,0.3165586476050268
height_gradient_magnitude,318793.46932315826
terrain_gradient_magnitude,90.43067264556885
