data_type,min_value,max_value,mean_value,std_dev
height,927.0,6983.0,3002.188919067383,641.0313720761686
terrain,114.0,243.0,194.8758888244629,12.28902323922302

metric,value
correlation,0.03723800731938664
height_gradient_magnitude,60814.41586685181
terrain_gradient_magnitude,77.7009162902832
