data_type,min_value,max_value,mean_value,std_dev
height,85.0,8298.0,2568.7436027526855,1289.3193337207335
terrain,109.0,243.0,191.07630157470703,13.766819299634149

metric,value
correlation,0.025460230623077187
height_gradient_magnitude,132551.770403862
terrain_gradient_magnitude,116.34365558624268
