data_type,min_value,max_value,mean_value,std_dev
height,0.0,47442.0,13919.020042419434,14624.492153853162
terrain,96.0,255.0,193.44306182861328,27.529199678685465

metric,value
correlation,0.6922719911550027
height_gradient_magnitude,369015.36945056915
terrain_gradient_magnitude,126.13341426849365
