data_type,min_value,max_value,mean_value,std_dev
height,421.0,31704.0,11831.13745880127,4552.495293527904
terrain,77.0,252.0,185.56097030639648,29.986607264966462

metric,value
correlation,0.18694095445629014
height_gradient_magnitude,1509180.2161397934
terrain_gradient_magnitude,550.434965133667
