data_type,min_value,max_value,mean_value,std_dev
height,0.0,11558.0,938.8389358520508,1860.9125105997703
terrain,96.0,250.0,185.1490707397461,24.04920593137512

metric,value
correlation,0.4923484749619854
height_gradient_magnitude,79321.72333908081
terrain_gradient_magnitude,64.50197124481201
