data_type,min_value,max_value,mean_value,std_dev
height,1864.0,24681.0,9802.460273742676,2653.4743626179184
terrain,101.0,246.0,218.6367416381836,13.180746561656857

metric,value
correlation,0.10647887212408212
height_gradient_magnitude,133917.10658359528
terrain_gradient_magnitude,86.11702251434326
