data_type,min_value,max_value,mean_value,std_dev
height,0.0,14513.0,129.67710876464844,837.1423409891661
terrain,87.0,252.0,169.04501342773438,5.291018451786377

metric,value
correlation,-0.09938779259023504
height_gradient_magnitude,82873.32286453247
terrain_gradient_magnitude,25.55458164215088
