data_type,min_value,max_value,mean_value,std_dev
height,4.0,31826.0,8993.063606262207,3050.4791933405413
terrain,64.0,255.0,190.75368118286133,25.78512399483934

metric,value
correlation,0.2040885698748322
height_gradient_magnitude,1720482.502664566
terrain_gradient_magnitude,495.6882953643799
