data_type,min_value,max_value,mean_value,std_dev
height,4.0,20265.0,4196.943019866943,3129.1998836583925
terrain,93.0,244.0,199.33305740356445,25.458500628551715

metric,value
correlation,0.5584810066599714
height_gradient_magnitude,162197.92448711395
terrain_gradient_magnitude,124.6576919555664
