data_type,min_value,max_value,mean_value,std_dev
height,0.0,20738.0,1612.0428619384766,2732.651581210623
terrain,89.0,250.0,185.97690963745117,25.379093628010967

metric,value
correlation,0.2621534191529632
height_gradient_magnitude,337408.17942619324
terrain_gradient_magnitude,141.72723770141602
