data_type,min_value,max_value,mean_value,std_dev
height,2.0,24398.0,6771.057312011719,3411.3944282488387
terrain,91.0,251.0,223.86376190185547,20.59722235689283

metric,value
correlation,-0.02722637072593008
height_gradient_magnitude,130927.99769592285
terrain_gradient_magnitude,74.4239730834961
