data_type,min_value,max_value,mean_value,std_dev
height,917.0,11139.0,2526.3093185424805,1279.9794011285385
terrain,93.0,249.0,205.89051055908203,24.07174904634514

metric,value
correlation,-0.3163307078107066
height_gradient_magnitude,62993.14011955261
terrain_gradient_magnitude,136.56939220428467
