data_type,min_value,max_value,mean_value,std_dev
height,2701.0,32515.0,9066.134578704834,4009.082658301985
terrain,91.0,252.0,222.01091384887695,10.277077572116651

metric,value
correlation,-0.5976638552199092
height_gradient_magnitude,47470.67784881592
terrain_gradient_magnitude,28.70067310333252
