data_type,min_value,max_value,mean_value,std_dev
height,3.0,18811.0,1824.3980102539062,2041.392542951137
terrain,87.0,248.0,205.17787551879883,23.41144098532871

metric,value
correlation,-0.33763404060606056
height_gradient_magnitude,186670.9637117386
terrain_gradient_magnitude,118.56082153320312
