data_type,min_value,max_value,mean_value,std_dev
height,0.0,10024.0,622.7608032226562,1118.043530801388
terrain,102.0,247.0,187.44205474853516,24.912305437937423

metric,value
correlation,0.43973953132290944
height_gradient_magnitude,130337.67967033386
terrain_gradient_magnitude,121.78689956665039
