data_type,min_value,max_value,mean_value,std_dev
height,3.0,30910.0,2131.0170707702637,4699.111256842266
terrain,98.0,245.0,174.8453826904297,17.12377001403139

metric,value
correlation,0.21050027382431113
height_gradient_magnitude,535315.0163116455
terrain_gradient_magnitude,138.7637233734131
