data_type,min_value,max_value,mean_value,std_dev
height,0.0,255.0,168.8814029943578,75.89892852777942
terrain,112.0,204.0,165.31779140195775,14.641173312929306

metric,value
correlation,-0.284237949134766
height_gradient_magnitude,192.37584595791313
terrain_gradient_magnitude,29.998835650924814
