data_type,min_value,max_value,mean_value,std_dev
height,0.0,19904.0,450.8236312866211,1784.9108050116292
terrain,78.0,254.0,171.240478515625,12.858103542114355

metric,value
correlation,0.2880682705086971
height_gradient_magnitude,273670.4553117752
terrain_gradient_magnitude,74.27918720245361
