data_type,min_value,max_value,mean_value,std_dev
height,0.0,29938.0,1540.2494354248047,3193.8237287756037
terrain,93.0,255.0,172.98263931274414,19.97449144534941

metric,value
correlation,0.44985095277417586
height_gradient_magnitude,963300.9892349243
terrain_gradient_magnitude,265.79516220092773
