data_type,min_value,max_value,mean_value,std_dev
height,193.0,18591.0,2557.9847526550293,2143.7842712047914
terrain,88.0,250.0,210.76608657836914,23.112287803892972

metric,value
correlation,-0.5325738804974804
height_gradient_magnitude,211932.5331106186
terrain_gradient_magnitude,227.6325798034668
