data_type,min_value,max_value,mean_value,std_dev
height,0.0,16233.0,607.7264175415039,1746.4972952576463
terrain,104.0,251.0,176.1692237854004,18.43162355699924

metric,value
correlation,0.6567791003514154
height_gradient_magnitude,94211.77527332306
terrain_gradient_magnitude,48.984270095825195
