data_type,min_value,max_value,mean_value,std_dev
height,0.0,255.0,169.66296444385208,74.14980883726626
terrain,112.0,202.0,165.10228501192117,13.901078049432195

metric,value
correlation,-0.3191342136611777
height_gradient_magnitude,2109.9262868926503
terrain_gradient_magnitude,82.54524486501695
