data_type,min_value,max_value,mean_value,std_dev
height,0.0,24385.0,1497.7762985229492,3972.855286844679
terrain,92.0,247.0,174.27394104003906,15.83740923054285

metric,value
correlation,0.4242978121220782
height_gradient_magnitude,238396.73218250275
terrain_gradient_magnitude,83.38503932952881
