data_type,min_value,max_value,mean_value,std_dev
height,11.0,11008.0,2432.6698837280273,1084.9753212937426
terrain,95.0,249.0,189.17979049682617,16.373965781839733

metric,value
correlation,-0.4201954052267377
height_gradient_magnitude,54671.10633087158
terrain_gradient_magnitude,93.28609275817871
