data_type,min_value,max_value,mean_value,std_dev
height,2996.0,30918.0,6164.982879638672,3501.7241821955913
terrain,98.0,248.0,194.74204635620117,14.977986511653883

metric,value
correlation,0.06484090703400784
height_gradient_magnitude,176153.0920495987
terrain_gradient_magnitude,72.20480918884277
