data_type,min_value,max_value,mean_value,std_dev
height,11.0,22409.0,8012.931854248047,4490.186082237384
terrain,96.0,252.0,216.72742080688477,17.366102600258056

metric,value
correlation,-0.3145107082894669
height_gradient_magnitude,261479.90898513794
terrain_gradient_magnitude,144.41326999664307
