data_type,min_value,max_value,mean_value,std_dev
height,0.0,20687.0,496.15489959716797,1775.1340117486914
terrain,65.0,252.0,171.6175880432129,12.487956134544367

metric,value
correlation,0.16421558833273625
height_gradient_magnitude,210465.75474452972
terrain_gradient_magnitude,84.31318187713623
