data_type,min_value,max_value,mean_value,std_dev
height,0.0,18131.0,1865.864387512207,1768.4458011252127
terrain,93.0,250.0,211.76605987548828,21.302001281344648

metric,value
correlation,-0.2948525701881035
height_gradient_magnitude,82130.88437175751
terrain_gradient_magnitude,207.33867263793945
