data_type,min_value,max_value,mean_value,std_dev
height,2147.0,26098.0,6075.4495277404785,3399.027676200702
terrain,96.0,250.0,217.77060317993164,17.575249137819164

metric,value
correlation,-0.3593917050555651
height_gradient_magnitude,227988.81923866272
terrain_gradient_magnitude,84.42604923248291
