data_type,min_value,max_value,mean_value,std_dev
height,0.0,18815.0,2498.4963340759277,2705.315921303164
terrain,85.0,250.0,208.3733139038086,24.9414937928813

metric,value
correlation,-0.40777440627741784
height_gradient_magnitude,222462.76378822327
terrain_gradient_magnitude,174.38470077514648
