data_type,min_value,max_value,mean_value,std_dev
height,0.0,12574.0,657.5932807922363,1288.2589774445507
terrain,84.0,250.0,204.72534561157227,29.54535809758654

metric,value
correlation,-0.16582033071735794
height_gradient_magnitude,161313.86731147766
terrain_gradient_magnitude,144.66516780853271
