data_type,min_value,max_value,mean_value,std_dev
height,0.0,34553.0,5219.898742675781,5853.241884455014
terrain,70.0,255.0,192.38331985473633,31.73984005212876

metric,value
correlation,-0.16248665808665047
height_gradient_magnitude,1705739.7264537811
terrain_gradient_magnitude,469.71120834350586
