data_type,min_value,max_value,mean_value,std_dev
height,1940.0,22790.0,7283.438510894775,3255.859519057234
terrain,80.0,255.0,184.15643692016602,21.09116264498721

metric,value
correlation,-0.11275270339797798
height_gradient_magnitude,828065.7984457016
terrain_gradient_magnitude,328.2877426147461
