data_type,min_value,max_value,mean_value,std_dev
height,0.0,23703.0,422.59164810180664,1501.2742597059023
terrain,104.0,251.0,172.40392303466797,12.768556772160315

metric,value
correlation,0.6051805475050908
height_gradient_magnitude,123774.90123176575
terrain_gradient_magnitude,56.7971715927124
