data_type,min_value,max_value,mean_value,std_dev
height,0.0,13868.0,595.8819007873535,1402.6354628243373
terrain,86.0,248.0,176.65013885498047,18.076171224480177

metric,value
correlation,0.18428563900943493
height_gradient_magnitude,137505.01210594177
terrain_gradient_magnitude,105.50316905975342
