data_type,min_value,max_value,mean_value,std_dev
height,1400.0,37423.0,11878.129684448242,8864.893641799406
terrain,87.0,254.0,211.93123245239258,28.20939887364206

metric,value
correlation,-0.40535084485953526
height_gradient_magnitude,952682.1357517242
terrain_gradient_magnitude,346.0192813873291
