data_type,min_value,max_value,mean_value,std_dev
height,4.0,14296.0,130.50296020507812,847.9176777604966
terrain,105.0,250.0,170.52331161499023,9.116355154339471

metric,value
correlation,0.6250601321522924
height_gradient_magnitude,26481.356055259705
terrain_gradient_magnitude,14.591907501220703
