data_type,min_value,max_value,mean_value,std_dev
height,0.0,16881.0,3016.787509918213,3569.1300405627185
terrain,99.0,246.0,185.9993782043457,22.50406787116153

metric,value
correlation,0.6435573815896289
height_gradient_magnitude,392407.6846380234
terrain_gradient_magnitude,206.8291826248169
