data_type,min_value,max_value,mean_value,std_dev
height,0.0,255.0,168.81022405852474,74.6281958527216
terrain,106.0,201.0,165.05283812400967,13.799122488189868

metric,value
correlation,-0.29358164879348075
height_gradient_magnitude,2097.2124113317636
terrain_gradient_magnitude,81.2494650288033
