data_type,min_value,max_value,mean_value,std_dev
height,2902.0,19924.0,7482.064796447754,2712.0459097780977
terrain,96.0,251.0,191.77861785888672,21.748143637247434

metric,value
correlation,0.125076306872314
height_gradient_magnitude,489482.5415248871
terrain_gradient_magnitude,273.24233055114746
