data_type,min_value,max_value,mean_value,std_dev
height,62.0,7773.0,2197.836483001709,856.3351900540638
terrain,108.0,239.0,196.0784568786621,11.663178683564908

metric,value
correlation,0.053825104729548365
height_gradient_magnitude,44431.62136173248
terrain_gradient_magnitude,66.62697505950928
