data_type,min_value,max_value,mean_value,std_dev
height,0.0,21651.0,1298.1314086914062,1646.5377104851516
terrain,85.0,255.0,223.5480079650879,26.042025114540206

metric,value
correlation,-0.06406688047794676
height_gradient_magnitude,93866.58407497406
terrain_gradient_magnitude,38.38836479187012
