data_type,min_value,max_value,mean_value,std_dev
height,3723.0,53292.0,14684.268600463867,8328.82973836184
terrain,79.0,255.0,211.25790405273438,28.378944534369793

metric,value
correlation,-0.4085953304089075
height_gradient_magnitude,1103486.8071928024
terrain_gradient_magnitude,332.7315044403076
