data_type,min_value,max_value,mean_value,std_dev
height,0.0,16634.0,2700.2963676452637,2602.7416850165246
terrain,99.0,248.0,205.49060440063477,26.91710475669637

metric,value
correlation,0.15245988133150953
height_gradient_magnitude,168004.38280773163
terrain_gradient_magnitude,115.97582817077637
