data_type,min_value,max_value,mean_value,std_dev
height,3.0,27176.0,3666.2273902893066,4727.1088643598405
terrain,73.0,255.0,173.16580963134766,22.468930041832124

metric,value
correlation,0.23855899245120615
height_gradient_magnitude,1696010.3086137772
terrain_gradient_magnitude,416.38195419311523
