data_type,min_value,max_value,mean_value,std_dev
height,0.0,25316.0,3600.2391624450684,3306.270124409346
terrain,101.0,250.0,204.27603149414062,25.50587323644685

metric,value
correlation,0.4064994681054617
height_gradient_magnitude,211407.99642181396
terrain_gradient_magnitude,117.34409713745117
