data_type,min_value,max_value,mean_value,std_dev
height,0.0,35069.0,1524.241771697998,2643.5186102787293
terrain,98.0,251.0,185.06516647338867,22.922014940341274

metric,value
correlation,0.43683078702097555
height_gradient_magnitude,334465.3145837784
terrain_gradient_magnitude,157.67841815948486
