data_type,min_value,max_value,mean_value,std_dev
height,0.0,21532.0,500.5081977844238,1635.462596926718
terrain,97.0,246.0,174.98647689819336,16.711047192924948

metric,value
correlation,0.5376492178233812
height_gradient_magnitude,67065.71510124207
terrain_gradient_magnitude,44.31765270233154
