data_type,min_value,max_value,mean_value,std_dev
height,3671.0,32464.0,14014.383975982666,4698.222762555137
terrain,87.0,254.0,206.76792526245117,20.14673594778169

metric,value
correlation,-0.11528312016773212
height_gradient_magnitude,498624.399643898
terrain_gradient_magnitude,206.1745719909668
