data_type,min_value,max_value,mean_value,std_dev
height,4.0,16331.0,255.04568481445312,1318.0032850680107
terrain,97.0,249.0,170.8592300415039,11.036587868106935

metric,value
correlation,0.3154218686907516
height_gradient_magnitude,90520.93079471588
terrain_gradient_magnitude,42.3659029006958
