data_type,min_value,max_value,mean_value,std_dev
height,0.0,24497.0,11858.842483520508,6077.998914559062
terrain,87.0,255.0,205.66642379760742,23.928083070794287

metric,value
correlation,0.270021744508547
height_gradient_magnitude,555604.3765048981
terrain_gradient_magnitude,186.49568462371826
