data_type,min_value,max_value,mean_value,std_dev
height,0.0,22088.0,1222.6747932434082,1919.756653190893
terrain,81.0,255.0,205.85548782348633,30.555922376232296

metric,value
correlation,0.0768519751179335
height_gradient_magnitude,133865.93250656128
terrain_gradient_magnitude,59.366116523742676
