data_type,min_value,max_value,mean_value,std_dev
height,0.0,13060.0,761.0459327697754,1702.2112607274014
terrain,99.0,248.0,181.50093460083008,23.3239927028185

metric,value
correlation,0.3206848032333729
height_gradient_magnitude,90243.7182893753
terrain_gradient_magnitude,63.41829013824463
