data_type,min_value,max_value,mean_value,std_dev
height,0.0,16183.0,1274.2682151794434,2627.5773726815846
terrain,80.0,254.0,196.62806701660156,29.29231270037122

metric,value
correlation,0.2513695357387194
height_gradient_magnitude,77217.10108280182
terrain_gradient_magnitude,59.759039878845215
