data_type,min_value,max_value,mean_value,std_dev
height,2691.0,27719.0,8722.484565734863,4149.9337133659055
terrain,84.0,255.0,198.29141235351562,28.4047163866795

metric,value
correlation,-0.3103182594824963
height_gradient_magnitude,1296065.6962776184
terrain_gradient_magnitude,351.05290126800537
