data_type,min_value,max_value,mean_value,std_dev
height,3.0,28273.0,2901.785301208496,3722.398132133631
terrain,88.0,249.0,186.34474563598633,22.9396829675519

metric,value
correlation,0.19506839477176802
height_gradient_magnitude,423118.95890140533
terrain_gradient_magnitude,175.576021194458
