data_type,min_value,max_value,mean_value,std_dev
height,2266.0,32583.0,14125.241947174072,4620.536992219821
terrain,94.0,254.0,209.39339065551758,17.254411502448107

metric,value
correlation,-0.1137416307404549
height_gradient_magnitude,359951.7444229126
terrain_gradient_magnitude,153.74875926971436
