data_type,min_value,max_value,mean_value,std_dev
height,578.0,11223.0,2354.745948791504,1133.465731944898
terrain,93.0,250.0,208.4473876953125,23.889810202384243

metric,value
correlation,-0.16058149102209837
height_gradient_magnitude,39619.72551059723
terrain_gradient_magnitude,115.05064105987549
