data_type,min_value,max_value,mean_value,std_dev
height,0.0,255.0,168.88525330608496,74.61712027658572
terrain,107.0,202.0,165.11631643638842,13.60465255664717

metric,value
correlation,-0.3021022905157896
height_gradient_magnitude,2124.4199338783005
terrain_gradient_magnitude,81.15827187643461
