data_type,min_value,max_value,mean_value,std_dev
height,0.0,255.0,169.5002813689339,74.77689819159774
terrain,107.0,201.0,165.0072341433797,13.730773517798808

metric,value
correlation,-0.2977473568530506
height_gradient_magnitude,2150.804626297629
terrain_gradient_magnitude,82.48486716424541
