data_type,min_value,max_value,mean_value,std_dev
height,766.0,20691.0,4125.372264862061,2611.7864758278074
terrain,82.0,253.0,185.82612991333008,12.927743695837872

metric,value
correlation,-0.06208324478826597
height_gradient_magnitude,208076.8824262619
terrain_gradient_magnitude,84.37980651855469
