data_type,min_value,max_value,mean_value,std_dev
height,636.0,11275.0,3160.309700012207,1919.6082745740907
terrain,99.0,247.0,208.46443557739258,18.941107824416726

metric,value
correlation,-0.5368181861169876
height_gradient_magnitude,105341.98456192017
terrain_gradient_magnitude,109.29722785949707
