data_type,min_value,max_value,mean_value,std_dev
height,0.0,24544.0,764.0147399902344,1951.2967331905472
terrain,97.0,248.0,176.3809814453125,17.665320262223975

metric,value
correlation,0.5190724886602536
height_gradient_magnitude,203225.2419719696
terrain_gradient_magnitude,92.6325626373291
