data_type,min_value,max_value,mean_value,std_dev
height,1402.0,48188.0,16540.104999542236,5881.877406755899
terrain,79.0,253.0,185.2173957824707,33.390086551436

metric,value
correlation,0.023589536870292072
height_gradient_magnitude,2523285.050382614
terrain_gradient_magnitude,676.5386428833008
