data_type,min_value,max_value,mean_value,std_dev
height,2027.0,19883.0,7834.598171234131,2957.233354290936
terrain,88.0,251.0,193.13518142700195,23.078085872652316

metric,value
correlation,0.1870317266836272
height_gradient_magnitude,763473.6416091919
terrain_gradient_magnitude,360.24834156036377
