data_type,min_value,max_value,mean_value,std_dev
height,6759.0,54165.0,37871.785610198975,3282.747133060464
terrain,82.0,255.0,212.68680572509766,27.88736304424462

metric,value
correlation,0.19767851789705163
height_gradient_magnitude,1488228.2623767853
terrain_gradient_magnitude,455.3140592575073
