data_type,min_value,max_value,mean_value,std_dev
height,0.0,255.0,168.8406637345062,73.91253063136828
terrain,104.0,202.0,164.86740118767307,13.628664083411936

metric,value
correlation,-0.30537901749955204
height_gradient_magnitude,2134.7004531520724
terrain_gradient_magnitude,81.32382047181127
