data_type,min_value,max_value,mean_value,std_dev
height,0.0,17254.0,1374.1815185546875,2660.192089014829
terrain,102.0,250.0,185.81641387939453,26.14407752563847

metric,value
correlation,0.6558246328569372
height_gradient_magnitude,100274.41590595245
terrain_gradient_magnitude,64.42888832092285
