data_type,min_value,max_value,mean_value,std_dev
height,0.0,31211.0,13260.411220550537,5314.7790759144045
terrain,87.0,249.0,210.55419540405273,21.58506112480342

metric,value
correlation,0.10230848582838611
height_gradient_magnitude,502990.1824731827
terrain_gradient_magnitude,197.4957151412964
