data_type,min_value,max_value,mean_value,std_dev
height,2.0,19498.0,3058.3559646606445,3544.329186628195
terrain,100.0,246.0,199.96720123291016,24.41093745594753

metric,value
correlation,0.4877941706910144
height_gradient_magnitude,120140.967004776
terrain_gradient_magnitude,62.377662658691406
