data_type,min_value,max_value,mean_value,std_dev
height,0.0,255.0,169.41430094628817,74.22526526823744
terrain,108.0,200.0,165.09719815777393,13.65448645568975

metric,value
correlation,-0.29680985640756213
height_gradient_magnitude,2150.332196750929
terrain_gradient_magnitude,82.21270936070016
