data_type,min_value,max_value,mean_value,std_dev
height,0.0,25867.0,1319.9255104064941,3205.8173871546674
terrain,79.0,251.0,177.43281173706055,19.23444705339162

metric,value
correlation,0.12266894890810676
height_gradient_magnitude,346133.94066619873
terrain_gradient_magnitude,150.13457012176514
