data_type,min_value,max_value,mean_value,std_dev
height,5596.0,31226.0,13758.494651794434,4518.747093391171
terrain,95.0,251.0,213.45410919189453,17.933439951231193

metric,value
correlation,-0.4628100602913144
height_gradient_magnitude,277470.56805324554
terrain_gradient_magnitude,132.90555000305176
