data_type,min_value,max_value,mean_value,std_dev
height,0.0,255.0,168.3922431027589,75.35351593390834
terrain,112.0,201.0,163.93547766078754,13.90758094063027

metric,value
correlation,-0.2965708959767529
height_gradient_magnitude,1562.2586928191686
terrain_gradient_magnitude,68.62641239800377
