data_type,min_value,max_value,mean_value,std_dev
height,0.0,28522.0,1135.0212631225586,2781.051069581157
terrain,80.0,255.0,175.29812622070312,19.732316692433116

metric,value
correlation,0.35270252593221063
height_gradient_magnitude,548191.5524568558
terrain_gradient_magnitude,154.1915693283081
