data_type,min_value,max_value,mean_value,std_dev
height,3.0,45911.0,2648.481269836426,3128.923966379767
terrain,72.0,255.0,197.13293075561523,21.891367060080608

metric,value
correlation,0.12556635032177513
height_gradient_magnitude,739716.0627803802
terrain_gradient_magnitude,328.0315828323364
