data_type,min_value,max_value,mean_value,std_dev
height,0.0,29950.0,1087.3863639831543,1653.043084675121
terrain,96.0,252.0,202.47138595581055,24.150299039300673

metric,value
correlation,0.21854633333085277
height_gradient_magnitude,94021.76030731201
terrain_gradient_magnitude,40.95161247253418
