data_type,min_value,max_value,mean_value,std_dev
height,0.0,20111.0,1585.8319816589355,2662.6954618708874
terrain,99.0,245.0,189.9466896057129,24.815558179229697

metric,value
correlation,0.550655777971791
height_gradient_magnitude,76958.47254657745
terrain_gradient_magnitude,39.365530014038086
