data_type,min_value,max_value,mean_value,std_dev
height,0.0,24392.0,5364.011219024658,3396.782124416928
terrain,93.0,254.0,199.52004623413086,24.656924135846303

metric,value
correlation,0.12517485722288027
height_gradient_magnitude,834082.1031703949
terrain_gradient_magnitude,265.56129264831543
