data_type,min_value,max_value,mean_value,std_dev
height,0.0,19611.0,415.0728988647461,1524.973331059262
terrain,95.0,249.0,180.4120635986328,22.194858148879547

metric,value
correlation,0.2636004086965
height_gradient_magnitude,77614.62362766266
terrain_gradient_magnitude,33.94802474975586
