data_type,min_value,max_value,mean_value,std_dev
height,0.0,255.0,168.69177514179515,74.7917417244463
terrain,112.0,201.0,165.0576732270055,13.704202735715054

metric,value
correlation,-0.29275306769543985
height_gradient_magnitude,2115.535781983503
terrain_gradient_magnitude,81.00487212522398
