data_type,min_value,max_value,mean_value,std_dev
height,1626.0,27893.0,9981.348220825195,3188.65260512712
terrain,88.0,252.0,211.61475372314453,19.147650374696074

metric,value
correlation,-0.24540443118772923
height_gradient_magnitude,343221.58051395416
terrain_gradient_magnitude,173.1822805404663
