data_type,min_value,max_value,mean_value,std_dev
height,0.0,17340.0,2493.4012870788574,3178.177711362431
terrain,94.0,250.0,184.8496856689453,21.057250233038072

metric,value
correlation,0.3730293889408476
height_gradient_magnitude,351506.1758480072
terrain_gradient_magnitude,218.25545406341553
