data_type,min_value,max_value,mean_value,std_dev
height,1009.0,53239.0,32919.8595161438,7622.08850177437
terrain,79.0,255.0,194.98789596557617,37.449517951271865

metric,value
correlation,0.3794709988746401
height_gradient_magnitude,3817190.4569215775
terrain_gradient_magnitude,845.740535736084
