data_type,min_value,max_value,mean_value,std_dev
height,0.0,14615.0,915.7497100830078,2058.835502643524
terrain,93.0,245.0,173.18684005737305,13.472708314473982

metric,value
correlation,0.28167125602643156
height_gradient_magnitude,132702.76527690887
terrain_gradient_magnitude,89.72959995269775
