data_type,min_value,max_value,mean_value,std_dev
height,2146.0,19515.0,6659.620819091797,2592.168139196031
terrain,109.0,246.0,211.21388244628906,16.71355036959186

metric,value
correlation,0.14300359146489625
height_gradient_magnitude,138874.4608078003
terrain_gradient_magnitude,78.48576068878174
