data_type,min_value,max_value,mean_value,std_dev
height,424.0,39647.0,14046.662853240967,4939.327251373204
terrain,86.0,251.0,188.76644897460938,30.789686757224278

metric,value
correlation,0.09846857620052601
height_gradient_magnitude,1785046.8656044006
terrain_gradient_magnitude,586.5045042037964
