data_type,min_value,max_value,mean_value,std_dev
height,0.0,24032.0,1184.6063499450684,2037.8630983391504
terrain,112.0,248.0,187.4347801208496,23.81849358175454

metric,value
correlation,0.45254687780747865
height_gradient_magnitude,271785.8447666168
terrain_gradient_magnitude,135.88842964172363
