data_type,min_value,max_value,mean_value,std_dev
height,4377.0,31624.0,14483.29358291626,3568.5016476241667
terrain,90.0,255.0,211.05155181884766,17.513751630005835

metric,value
correlation,-0.3737993410469402
height_gradient_magnitude,237464.38115119934
terrain_gradient_magnitude,119.20427989959717
