data_type,min_value,max_value,mean_value,std_dev
height,2.0,22640.0,1882.4596138000488,2343.6242798739427
terrain,105.0,245.0,198.40355682373047,23.101678065960115

metric,value
correlation,0.47659215944794486
height_gradient_magnitude,68372.23127174377
terrain_gradient_magnitude,51.57820987701416
