data_type,min_value,max_value,mean_value,std_dev
height,11.0,27957.0,9216.972568511963,3583.7743555023008
terrain,75.0,255.0,183.9532241821289,25.436528100413703

metric,value
correlation,0.03402102178567581
height_gradient_magnitude,1588133.2723197937
terrain_gradient_magnitude,478.12935066223145
