data_type,min_value,max_value,mean_value,std_dev
height,0.0,21491.0,614.6020278930664,2006.355878225999
terrain,84.0,247.0,173.80815505981445,16.47964018175597

metric,value
correlation,0.14232232872985207
height_gradient_magnitude,160250.96457004547
terrain_gradient_magnitude,71.5457124710083
