data_type,min_value,max_value,mean_value,std_dev
height,4.0,29782.0,1233.3288383483887,2654.648861973318
terrain,88.0,243.0,174.48825454711914,15.115977956970106

metric,value
correlation,0.18843995807381717
height_gradient_magnitude,231412.0656414032
terrain_gradient_magnitude,112.00433921813965
