data_type,min_value,max_value,mean_value,std_dev
height,186.0,22102.0,1585.118579864502,1762.1721085407519
terrain,76.0,252.0,195.4603614807129,18.67308546066463

metric,value
correlation,-0.3166176885630078
height_gradient_magnitude,205748.7053565979
terrain_gradient_magnitude,97.34729385375977
