data_type,min_value,max_value,mean_value,std_dev
height,0.0,21065.0,4715.127624511719,3920.6024521863646
terrain,97.0,252.0,191.23504257202148,23.332759520126512

metric,value
correlation,0.4036182585515208
height_gradient_magnitude,618802.4253616333
terrain_gradient_magnitude,333.2888593673706
