data_type,min_value,max_value,mean_value,std_dev
height,0.0,17417.0,2646.837203979492,2613.896275365024
terrain,87.0,251.0,206.14779663085938,24.463732112471114

metric,value
correlation,-0.47123065934936786
height_gradient_magnitude,338684.4612121582
terrain_gradient_magnitude,212.31577014923096
