data_type,min_value,max_value,mean_value,std_dev
height,0.0,26728.0,361.5933303833008,1558.6789448816055
terrain,102.0,246.0,174.50555801391602,16.157515031231068

metric,value
correlation,0.2955989139715582
height_gradient_magnitude,78112.89099597931
terrain_gradient_magnitude,32.959994316101074
