data_type,min_value,max_value,mean_value,std_dev
height,6945.0,50805.0,11856.994243621826,7565.563691305149
terrain,87.0,255.0,224.83495712280273,17.003662659503345

metric,value
correlation,-0.38774336702979123
height_gradient_magnitude,306446.8782968521
terrain_gradient_magnitude,101.92805004119873
