data_type,min_value,max_value,mean_value,std_dev
height,436.0,7542.0,3395.4558448791504,946.0022384925646
terrain,105.0,246.0,197.0107879638672,14.865227509375028

metric,value
correlation,0.25480421665491615
height_gradient_magnitude,162515.66222667694
terrain_gradient_magnitude,141.9482011795044
