data_type,min_value,max_value,mean_value,std_dev
height,0.0,18566.0,601.4777450561523,1398.5507697097182
terrain,97.0,255.0,178.55290603637695,20.80482155653267

metric,value
correlation,0.4444463274412586
height_gradient_magnitude,346073.79577445984
terrain_gradient_magnitude,142.2318353652954
