data_type,min_value,max_value,mean_value,std_dev
height,4.0,11367.0,2027.0616989135742,1475.0539655040757
terrain,109.0,248.0,200.32933807373047,20.630418555982036

metric,value
correlation,0.46162414772603044
height_gradient_magnitude,101398.79864788055
terrain_gradient_magnitude,107.28435039520264
