data_type,min_value,max_value,mean_value,std_dev
height,0.0,14358.0,1183.1469039916992,1411.8444682943039
terrain,98.0,243.0,189.59852981567383,16.02677121107316

metric,value
correlation,0.21444543547503575
height_gradient_magnitude,72861.89967155457
terrain_gradient_magnitude,59.68009662628174
