data_type,min_value,max_value,mean_value,std_dev
height,0.0,27861.0,4757.349464416504,6272.579454312574
terrain,88.0,249.0,200.56024169921875,26.868967677197077

metric,value
correlation,0.2708418640713477
height_gradient_magnitude,266128.0475101471
terrain_gradient_magnitude,100.38166236877441
