data_type,min_value,max_value,mean_value,std_dev
height,0.0,20575.0,3088.846969604492,3276.359007431476
terrain,95.0,245.0,189.67344284057617,25.17359196339199

metric,value
correlation,0.6096347731474873
height_gradient_magnitude,164500.89402198792
terrain_gradient_magnitude,122.4683895111084
