data_type,min_value,max_value,mean_value,std_dev
height,2209.0,45120.0,10058.132061004639,2713.2269830469477
terrain,101.0,247.0,218.1010513305664,18.364848455862994

metric,value
correlation,-0.05065149661306017
height_gradient_magnitude,141365.94600772858
terrain_gradient_magnitude,63.70716953277588
