data_type,min_value,max_value,mean_value,std_dev
height,0.0,255.0,168.78076176936634,74.993676118403
terrain,112.0,200.0,163.9131976838894,13.94423432322126

metric,value
correlation,-0.2963017537603455
height_gradient_magnitude,1591.8536178121344
terrain_gradient_magnitude,69.09179291246464
