data_type,min_value,max_value,mean_value,std_dev
height,1.0,18320.0,260.2072868347168,1034.9053347233455
terrain,98.0,243.0,183.2905158996582,18.43309275365712

metric,value
correlation,0.11489466890533917
height_gradient_magnitude,35094.22117519379
terrain_gradient_magnitude,46.730220794677734
