data_type,min_value,max_value,mean_value,std_dev
height,0.0,255.0,167.29186103336443,75.8572339106226
terrain,112.0,201.0,163.92065396063796,13.72915343254195

metric,value
correlation,-0.285932246842182
height_gradient_magnitude,1588.061203296459
terrain_gradient_magnitude,68.66767552238363
