data_type,min_value,max_value,mean_value,std_dev
height,0.0,21382.0,1041.7817649841309,1914.683013202477
terrain,97.0,255.0,184.093505859375,24.567189939727207

metric,value
correlation,0.4968336743801552
height_gradient_magnitude,514617.449798584
terrain_gradient_magnitude,202.91272258758545
