data_type,min_value,max_value,mean_value,std_dev
height,0.0,19760.0,378.1532783508301,1553.7660177694122
terrain,93.0,247.0,174.29994583129883,15.885347920694683

metric,value
correlation,0.37393053980479096
height_gradient_magnitude,80552.54070854187
terrain_gradient_magnitude,27.070969581604004
