data_type,min_value,max_value,mean_value,std_dev
height,0.0,255.0,168.04761798984111,75.80051216556673
terrain,112.0,202.0,163.98000059235565,13.982878645304883

metric,value
correlation,-0.30638410466291155
height_gradient_magnitude,1573.427303152813
terrain_gradient_magnitude,69.15983606557377
