data_type,min_value,max_value,mean_value,std_dev
height,358.0,15892.0,3181.357509613037,1930.2022339324196
terrain,98.0,248.0,194.0035285949707,12.873130253113155

metric,value
correlation,0.18297383197686454
height_gradient_magnitude,169668.66329479218
terrain_gradient_magnitude,114.50638771057129
