data_type,min_value,max_value,mean_value,std_dev
height,3.0,17407.0,72.10208511352539,596.9171080977194
terrain,103.0,244.0,169.53870010375977,4.981657864880998

metric,value
correlation,0.2157958088599721
height_gradient_magnitude,37905.0744304657
terrain_gradient_magnitude,11.925134658813477
