data_type,min_value,max_value,mean_value,std_dev
height,0.0,36762.0,1516.1727600097656,2739.5664257595868
terrain,100.0,252.0,182.99692153930664,22.001340523165688

metric,value
correlation,0.49824673016318227
height_gradient_magnitude,287243.6041584015
terrain_gradient_magnitude,145.76462364196777
