data_type,min_value,max_value,mean_value,std_dev
height,0.0,20121.0,3055.281261444092,3299.719003386445
terrain,93.0,249.0,186.70983505249023,24.703374050230266

metric,value
correlation,0.05798643298384829
height_gradient_magnitude,355491.24698638916
terrain_gradient_magnitude,224.7099494934082
