data_type,min_value,max_value,mean_value,std_dev
height,0.0,29693.0,4650.821113586426,5243.832916758453
terrain,91.0,255.0,218.2709617614746,20.128814934198562

metric,value
correlation,-0.39818591946866055
height_gradient_magnitude,253753.44465446472
terrain_gradient_magnitude,99.52135848999023
