data_type,min_value,max_value,mean_value,std_dev
height,0.0,25106.0,311.19325256347656,1277.1767715422784
terrain,102.0,244.0,172.2736473083496,12.483217938343849

metric,value
correlation,0.4630519382033858
height_gradient_magnitude,78643.29290103912
terrain_gradient_magnitude,35.3852653503418
