data_type,min_value,max_value,mean_value,std_dev
height,3.0,26540.0,6101.429706573486,5898.929504075056
terrain,98.0,251.0,196.23099517822266,25.010289044666298

metric,value
correlation,0.6227646654580892
height_gradient_magnitude,227223.37017536163
terrain_gradient_magnitude,141.1598949432373
