data_type,min_value,max_value,mean_value,std_dev
height,0.0,17606.0,6894.307750701904,4130.62179167141
terrain,100.0,245.0,204.42913818359375,20.598202368707174

metric,value
correlation,0.6086528562076287
height_gradient_magnitude,156518.48445224762
terrain_gradient_magnitude,93.61178207397461
