data_type,min_value,max_value,mean_value,std_dev
height,21053.0,50116.0,37335.40962219238,3706.149680857445
terrain,102.0,255.0,217.71481323242188,20.596524591442112

metric,value
correlation,0.03905122275208336
height_gradient_magnitude,501799.96558380127
terrain_gradient_magnitude,256.15031814575195
