data_type,min_value,max_value,mean_value,std_dev
height,0.0,29629.0,1206.0117530822754,2530.8178818929587
terrain,89.0,244.0,175.99557495117188,15.290059847037032

metric,value
correlation,0.1509546071692117
height_gradient_magnitude,213589.19131469727
terrain_gradient_magnitude,99.54166412353516
