data_type,min_value,max_value,mean_value,std_dev
height,1.0,13428.0,2408.730541229248,1552.1873335440098
terrain,89.0,248.0,186.19116973876953,16.388938704444215

metric,value
correlation,-0.08688754610196751
height_gradient_magnitude,121347.8103094101
terrain_gradient_magnitude,121.89053630828857
