data_type,min_value,max_value,mean_value,std_dev
height,0.0,22254.0,4815.9970626831055,4090.540474161949
terrain,98.0,253.0,193.01204299926758,24.02080389053346

metric,value
correlation,0.5377229062057549
height_gradient_magnitude,594281.0963315964
terrain_gradient_magnitude,315.3390350341797
