data_type,min_value,max_value,mean_value,std_dev
height,0.0,46449.0,5699.742904663086,8377.929394400295
terrain,96.0,254.0,190.1906394958496,27.178267516835128

metric,value
correlation,0.12867357617798894
height_gradient_magnitude,756447.5057020187
terrain_gradient_magnitude,214.964674949646
