data_type,min_value,max_value,mean_value,std_dev
height,6749.0,52662.0,11091.903495788574,6585.386216468321
terrain,84.0,255.0,223.374755859375,18.836659881587142

metric,value
correlation,-0.45066454587201976
height_gradient_magnitude,403706.3660068512
terrain_gradient_magnitude,112.00888347625732
