data_type,min_value,max_value,mean_value,std_dev
height,695.0,24942.0,7786.568450927734,4067.635339587153
terrain,97.0,250.0,218.9977569580078,16.298736808964176

metric,value
correlation,-0.4185619034506885
height_gradient_magnitude,228853.66934394836
terrain_gradient_magnitude,95.29341411590576
