data_type,min_value,max_value,mean_value,std_dev
height,0.0,21462.0,2678.8509941101074,3446.0837751571657
terrain,98.0,254.0,200.7483901977539,26.930395641619377

metric,value
correlation,0.4101935693655127
height_gradient_magnitude,151448.22638225555
terrain_gradient_magnitude,79.65978813171387
