data_type,min_value,max_value,mean_value,std_dev
height,1026.0,33304.0,11111.75313949585,6509.9763091117475
terrain,80.0,254.0,200.23966598510742,28.264031732052924

metric,value
correlation,-0.12876770589506054
height_gradient_magnitude,1181551.7961006165
terrain_gradient_magnitude,484.0670108795166
