data_type,min_value,max_value,mean_value,std_dev
height,0.0,48762.0,9397.78042602539,12454.61049021984
terrain,91.0,255.0,182.85763931274414,27.430661975906325

metric,value
correlation,0.41263339634511104
height_gradient_magnitude,1408937.874464035
terrain_gradient_magnitude,325.2784080505371
