data_type,min_value,max_value,mean_value,std_dev
height,2.0,33069.0,1027.1860427856445,3601.593377626104
terrain,97.0,244.0,172.44807815551758,12.12150937073432

metric,value
correlation,0.3254398963471143
height_gradient_magnitude,237901.34696102142
terrain_gradient_magnitude,58.80938148498535
