data_type,min_value,max_value,mean_value,std_dev
height,2201.0,25864.0,5816.919502258301,3014.2472327636965
terrain,85.0,251.0,228.31719970703125,16.2782940614619

metric,value
correlation,-0.609587442909099
height_gradient_magnitude,90493.54110336304
terrain_gradient_magnitude,47.87092208862305
