data_type,min_value,max_value,mean_value,std_dev
height,2.0,21499.0,7413.975017547607,4314.930308024455
terrain,64.0,255.0,179.30677032470703,27.499840208388886

metric,value
correlation,0.23248487216683092
height_gradient_magnitude,2074643.4230632782
terrain_gradient_magnitude,640.6595058441162
