data_type,min_value,max_value,mean_value,std_dev
height,783.0,24547.0,6646.121501922607,4578.101589637679
terrain,85.0,251.0,193.08127975463867,23.822258272738505

metric,value
correlation,-0.10438387153875613
height_gradient_magnitude,688115.8873767853
terrain_gradient_magnitude,346.9205560684204
