data_type,min_value,max_value,mean_value,std_dev
height,1298.0,60823.0,21495.581874847412,14090.937527447573
terrain,82.0,255.0,194.65928268432617,38.917951261044564

metric,value
correlation,-0.2550750674020416
height_gradient_magnitude,4604894.5513448715
terrain_gradient_magnitude,845.1855878829956
