data_type,min_value,max_value,mean_value,std_dev
height,0.0,34396.0,5551.589141845703,5338.85514757613
terrain,76.0,255.0,201.20391082763672,30.7092543772651

metric,value
correlation,-0.40390417668485695
height_gradient_magnitude,1599537.3399114609
terrain_gradient_magnitude,487.0980043411255
