data_type,min_value,max_value,mean_value,std_dev
height,2001.0,22533.0,5570.697429656982,2815.4967203814035
terrain,89.0,252.0,188.80559921264648,19.104189266670208

metric,value
correlation,0.12190883709573559
height_gradient_magnitude,383170.6532011032
terrain_gradient_magnitude,221.60414791107178
