data_type,min_value,max_value,mean_value,std_dev
height,1.0,17371.0,119.11002731323242,677.9305968180137
terrain,102.0,237.0,170.3094253540039,6.683941123213221

metric,value
correlation,0.3896705041501823
height_gradient_magnitude,41974.85335636139
terrain_gradient_magnitude,17.31924057006836
