data_type,min_value,max_value,mean_value,std_dev
height,4.0,21107.0,1018.4887580871582,2515.815266505199
terrain,101.0,247.0,175.20904541015625,16.042364814444745

metric,value
correlation,0.4615272028037952
height_gradient_magnitude,114185.40717983246
terrain_gradient_magnitude,62.703630447387695
