data_type,min_value,max_value,mean_value,std_dev
height,186.0,18031.0,2091.8595695495605,1650.9931811548681
terrain,86.0,251.0,212.9721908569336,21.22068840881794

metric,value
correlation,-0.4227864069956025
height_gradient_magnitude,113700.96656990051
terrain_gradient_magnitude,188.02820205688477
