data_type,min_value,max_value,mean_value,std_dev
height,0.0,25587.0,4078.6056175231934,3148.6610217270245
terrain,99.0,249.0,210.36867141723633,22.311658549612613

metric,value
correlation,0.2284788832019789
height_gradient_magnitude,222599.96766757965
terrain_gradient_magnitude,134.3722620010376
