data_type,min_value,max_value,mean_value,std_dev
height,5207.0,32979.0,16277.38143157959,4101.0296362465115
terrain,86.0,254.0,207.31265258789062,21.91363244219072

metric,value
correlation,-0.337653158290954
height_gradient_magnitude,498651.24932575226
terrain_gradient_magnitude,229.12810516357422
