data_type,min_value,max_value,mean_value,std_dev
height,0.0,29831.0,6241.765613555908,4071.191849924788
terrain,88.0,255.0,216.18025588989258,18.815521035020158

metric,value
correlation,-0.3122957655247891
height_gradient_magnitude,185603.72777175903
terrain_gradient_magnitude,84.21298313140869
