data_type,min_value,max_value,mean_value,std_dev
height,0.0,18660.0,995.1572685241699,2499.136775899625
terrain,89.0,248.0,184.4701805114746,23.97917280119864

metric,value
correlation,0.21955631060801978
height_gradient_magnitude,129161.24883365631
terrain_gradient_magnitude,73.89654636383057
