data_type,min_value,max_value,mean_value,std_dev
height,1.0,26505.0,1208.6792297363281,2631.860755352511
terrain,94.0,245.0,186.78445434570312,19.91721403122781

metric,value
correlation,0.04759614343711022
height_gradient_magnitude,189227.4306087494
terrain_gradient_magnitude,88.29524326324463
