data_type,min_value,max_value,mean_value,std_dev
height,0.0,21249.0,1078.338954925537,1932.9291213146635
terrain,95.0,255.0,184.5308380126953,24.687583803870425

metric,value
correlation,0.49040835599866733
height_gradient_magnitude,522353.3954677582
terrain_gradient_magnitude,208.48680686950684
