data_type,min_value,max_value,mean_value,std_dev
height,1.0,19302.0,2089.796974182129,2543.8111625187134
terrain,86.0,247.0,200.7308006286621,24.412881523746137

metric,value
correlation,-0.3555927589238515
height_gradient_magnitude,263556.8777770996
terrain_gradient_magnitude,157.91659927368164
