data_type,min_value,max_value,mean_value,std_dev
height,0.0,21377.0,925.498046875,2102.466345635859
terrain,70.0,255.0,178.31668090820312,20.625869308899198

metric,value
correlation,0.5377504300444829
height_gradient_magnitude,449382.6926994324
terrain_gradient_magnitude,184.18864250183105
