data_type,min_value,max_value,mean_value,std_dev
height,592.0,13892.0,2992.4772033691406,1554.2730074399806
terrain,87.0,249.0,202.4471321105957,23.77407350100097

metric,value
correlation,-0.4378025790632865
height_gradient_magnitude,111724.41808700562
terrain_gradient_magnitude,177.61379146575928
