data_type,min_value,max_value,mean_value,std_dev
height,247.0,18081.0,3850.4745445251465,2511.0164520078188
terrain,114.0,249.0,223.52699661254883,11.675334117768287

metric,value
correlation,-0.3012820268071303
height_gradient_magnitude,149559.81855010986
terrain_gradient_magnitude,52.994750022888184
