data_type,min_value,max_value,mean_value,std_dev
height,0.0,30168.0,3340.094699859619,4970.455694989103
terrain,84.0,250.0,183.50160217285156,22.03854888368048

metric,value
correlation,0.18730922271330266
height_gradient_magnitude,492366.2006225586
terrain_gradient_magnitude,159.43098640441895
