data_type,min_value,max_value,mean_value,std_dev
height,0.0,18754.0,286.6310157775879,1037.5921730264365
terrain,97.0,253.0,172.48765182495117,12.729763656087968

metric,value
correlation,0.2364093908985356
height_gradient_magnitude,113180.29113101959
terrain_gradient_magnitude,48.968624114990234
