data_type,min_value,max_value,mean_value,std_dev
height,0.0,21095.0,239.34053802490234,1068.9320342725644
terrain,99.0,241.0,171.71017456054688,9.371414561453065

metric,value
correlation,0.22716694387215808
height_gradient_magnitude,77408.32769489288
terrain_gradient_magnitude,27.089512825012207
