data_type,min_value,max_value,mean_value,std_dev
height,0.0,255.0,168.2783701334281,75.54872652457811
terrain,112.0,201.0,163.80065751477187,14.025073672816385

metric,value
correlation,-0.3037069880789052
height_gradient_magnitude,1596.786959290358
terrain_gradient_magnitude,69.82647681668074
