data_type,min_value,max_value,mean_value,std_dev
height,0.0,17472.0,1284.8496360778809,2084.9638539317507
terrain,77.0,252.0,188.07176971435547,25.32364179311907

metric,value
correlation,0.5473350332368838
height_gradient_magnitude,288437.3698358536
terrain_gradient_magnitude,181.18304252624512
