data_type,min_value,max_value,mean_value,std_dev
height,1167.0,18694.0,3908.8119735717773,1875.2438962345823
terrain,95.0,249.0,188.86744689941406,13.579604097651837

metric,value
correlation,0.194607422131599
height_gradient_magnitude,201819.53311634064
terrain_gradient_magnitude,125.47212600708008
