data_type,min_value,max_value,mean_value,std_dev
height,2811.0,26603.0,7058.745853424072,4286.177269169414
terrain,94.0,251.0,215.5880470275879,19.35329888452118

metric,value
correlation,-0.35282464079898007
height_gradient_magnitude,319762.2566995621
terrain_gradient_magnitude,107.57797908782959
