data_type,min_value,max_value,mean_value,std_dev
height,0.0,255.0,169.6163090319428,74.57185213265072
terrain,111.0,200.0,164.9204096139322,13.731700351898434

metric,value
correlation,-0.3093980734696263
height_gradient_magnitude,2089.4047954892117
terrain_gradient_magnitude,81.81756556636604
