data_type,min_value,max_value,mean_value,std_dev
height,28.0,14650.0,1638.2055931091309,1879.5925711460404
terrain,89.0,250.0,210.64712524414062,24.60460222145469

metric,value
correlation,-0.4813772852437637
height_gradient_magnitude,312595.0620946884
terrain_gradient_magnitude,230.94836807250977
