data_type,min_value,max_value,mean_value,std_dev
height,0.0,255.0,168.98550949990374,74.55083267055613
terrain,105.0,201.0,165.20815377552682,13.482217311633795

metric,value
correlation,-0.2824204677979036
height_gradient_magnitude,2104.216604099101
terrain_gradient_magnitude,79.180975757845
