data_type,min_value,max_value,mean_value,std_dev
height,27865.0,53195.0,38845.77780532837,2802.5385438926737
terrain,98.0,255.0,213.20871353149414,25.663566607811887

metric,value
correlation,0.1424682392673896
height_gradient_magnitude,842653.4820718765
terrain_gradient_magnitude,379.86391162872314
