data_type,min_value,max_value,mean_value,std_dev
height,201.0,12648.0,2394.8427925109863,1177.3489071982929
terrain,108.0,246.0,195.1176643371582,12.072557696525573

metric,value
correlation,0.03562381683822116
height_gradient_magnitude,80376.75865650177
terrain_gradient_magnitude,82.71377849578857
