data_type,min_value,max_value,mean_value,std_dev
height,0.0,20212.0,585.6781539916992,1896.8489269975757
terrain,94.0,251.0,172.96385955810547,14.958387715857373

metric,value
correlation,0.21969496815580625
height_gradient_magnitude,198030.65188694
terrain_gradient_magnitude,90.53567886352539
