data_type,min_value,max_value,mean_value,std_dev
height,0.0,13243.0,1513.0561408996582,1601.0121362725038
terrain,95.0,245.0,181.13964462280273,13.673593506572601

metric,value
correlation,0.2107314526773001
height_gradient_magnitude,94825.02679347992
terrain_gradient_magnitude,90.57717037200928
