data_type,min_value,max_value,mean_value,std_dev
height,4.0,21987.0,3586.5088386535645,3070.7438495512097
terrain,103.0,245.0,207.10312271118164,19.30803238966606

metric,value
correlation,0.2427802022357853
height_gradient_magnitude,128296.78608226776
terrain_gradient_magnitude,82.21139144897461
