data_type,min_value,max_value,mean_value,std_dev
height,0.0,255.0,169.19625483140078,74.10309439039987
terrain,107.0,200.0,164.904260518015,13.7609507760237

metric,value
correlation,-0.30696151956147877
height_gradient_magnitude,2075.60128356065
terrain_gradient_magnitude,81.69639181364491
