data_type,min_value,max_value,mean_value,std_dev
height,2.0,12111.0,1944.4295387268066,2047.784636508576
terrain,98.0,249.0,205.12358856201172,26.10986488217968

metric,value
correlation,0.30738822503880603
height_gradient_magnitude,116639.52737617493
terrain_gradient_magnitude,95.0794153213501
