data_type,min_value,max_value,mean_value,std_dev
height,0.0,22709.0,3756.1689453125,3923.3070767308513
terrain,73.0,252.0,186.71828842163086,27.378065025222902

metric,value
correlation,-0.15995072654286402
height_gradient_magnitude,811290.1166782379
terrain_gradient_magnitude,327.1686010360718
