data_type,min_value,max_value,mean_value,std_dev
height,570.0,22746.0,5097.470504760742,3835.201986195432
terrain,90.0,250.0,190.70780181884766,19.58463292600774

metric,value
correlation,-0.05355177095863317
height_gradient_magnitude,449515.9261932373
terrain_gradient_magnitude,241.30200672149658
