data_type,min_value,max_value,mean_value,std_dev
height,1330.0,12380.0,5791.3195724487305,1374.1879093412458
terrain,108.0,247.0,202.98745727539062,18.969185059991787

metric,value
correlation,-0.16716106841142675
height_gradient_magnitude,183212.55070209503
terrain_gradient_magnitude,140.15119075775146
