data_type,min_value,max_value,mean_value,std_dev
height,618.0,11232.0,3471.4222526550293,1919.6027450701586
terrain,107.0,247.0,204.6808967590332,17.876704815726693

metric,value
correlation,-0.4808176157608278
height_gradient_magnitude,105692.66451358795
terrain_gradient_magnitude,112.88475036621094
