data_type,min_value,max_value,mean_value,std_dev
height,0.0,28906.0,587.3361968994141,2696.6181628685895
terrain,85.0,245.0,171.39661407470703,14.164091322118432

metric,value
correlation,0.0012136531193846114
height_gradient_magnitude,225471.14009189606
terrain_gradient_magnitude,61.518720626831055
