data_type,min_value,max_value,mean_value,std_dev
height,0.0,15680.0,2380.8259811401367,3660.841379269287
terrain,99.0,245.0,184.66453552246094,22.06536148610605

metric,value
correlation,0.5701817998444972
height_gradient_magnitude,165982.7935409546
terrain_gradient_magnitude,71.65285587310791
