data_type,min_value,max_value,mean_value,std_dev
height,0.0,24638.0,1724.3554077148438,3504.6850102574704
terrain,99.0,247.0,176.65858840942383,18.497164019578182

metric,value
correlation,0.12276317337169756
height_gradient_magnitude,413006.16374874115
terrain_gradient_magnitude,133.54987335205078
