data_type,min_value,max_value,mean_value,std_dev
height,0.0,18577.0,239.60641479492188,1176.0774103810022
terrain,90.0,244.0,170.27102279663086,8.034728878213125

metric,value
correlation,0.28904580066502356
height_gradient_magnitude,89652.85502719879
terrain_gradient_magnitude,40.253902435302734
