data_type,min_value,max_value,mean_value,std_dev
height,0.0,15641.0,431.8203811645508,941.1606451339685
terrain,105.0,245.0,184.3795280456543,18.60607208230546

metric,value
correlation,0.18246316462264825
height_gradient_magnitude,67301.31255531311
terrain_gradient_magnitude,68.16390705108643
