data_type,min_value,max_value,mean_value,std_dev
height,0.0,17269.0,4056.5879859924316,2931.7019843604517
terrain,88.0,249.0,192.46877670288086,21.6722599922039

metric,value
correlation,-0.14903867555026362
height_gradient_magnitude,448345.9767694473
terrain_gradient_magnitude,293.0897970199585
