data_type,min_value,max_value,mean_value,std_dev
height,0.0,19518.0,2957.9229431152344,2572.7606130519157
terrain,94.0,251.0,213.12806701660156,23.49730947262984

metric,value
correlation,0.3187529073889976
height_gradient_magnitude,126752.76071739197
terrain_gradient_magnitude,71.60908222198486
