data_type,min_value,max_value,mean_value,std_dev
height,1157.0,17195.0,6068.470127105713,2310.9016582788167
terrain,92.0,251.0,197.77829360961914,19.44540761027487

metric,value
correlation,0.24770111030051217
height_gradient_magnitude,470896.24078655243
terrain_gradient_magnitude,287.7048397064209
