data_type,min_value,max_value,mean_value,std_dev
height,0.0,18358.0,2003.4134216308594,3420.6184296505767
terrain,93.0,255.0,179.2409782409668,21.003677605955804

metric,value
correlation,0.569156310320871
height_gradient_magnitude,623939.0372838974
terrain_gradient_magnitude,207.36372184753418
