data_type,min_value,max_value,mean_value,std_dev
height,1.0,30590.0,3383.8568801879883,5045.99880423531
terrain,93.0,249.0,191.72966766357422,27.362174082359243

metric,value
correlation,0.37509257866817863
height_gradient_magnitude,238728.1854171753
terrain_gradient_magnitude,97.39841651916504
