data_type,min_value,max_value,mean_value,std_dev
height,3.0,44812.0,7768.6226234436035,4562.942738900547
terrain,72.0,255.0,192.83728408813477,28.212926682597146

metric,value
correlation,0.27010282770340877
height_gradient_magnitude,1756753.1395139694
terrain_gradient_magnitude,549.5887384414673
