data_type,min_value,max_value,mean_value,std_dev
height,0.0,25454.0,11997.058120727539,6371.723929882721
terrain,95.0,255.0,204.44858169555664,24.60458991585715

metric,value
correlation,0.43163871991476577
height_gradient_magnitude,553328.4994153976
terrain_gradient_magnitude,186.23117542266846
