data_type,min_value,max_value,mean_value,std_dev
height,0.0,34887.0,1003.7151145935059,2288.9224400256035
terrain,104.0,251.0,179.78175354003906,20.026483709256816

metric,value
correlation,0.5276794688070586
height_gradient_magnitude,222499.44408035278
terrain_gradient_magnitude,93.88403129577637
