data_type,min_value,max_value,mean_value,std_dev
height,2.0,33133.0,7906.82808303833,4204.064590566423
terrain,67.0,255.0,188.34089279174805,26.98085457902954

metric,value
correlation,0.3547289510338149
height_gradient_magnitude,1785092.3904161453
terrain_gradient_magnitude,513.9601697921753
