data_type,min_value,max_value,mean_value,std_dev
height,0.0,19639.0,704.1498947143555,1869.61183420895
terrain,98.0,248.0,187.44569778442383,25.73126049976158

metric,value
correlation,0.2395759841337499
height_gradient_magnitude,122040.7763967514
terrain_gradient_magnitude,58.26107120513916
