data_type,min_value,max_value,mean_value,std_dev
height,1.0,24912.0,441.1240234375,1569.1689746836003
terrain,86.0,251.0,173.8364028930664,15.812323162850776

metric,value
correlation,0.4704992032122212
height_gradient_magnitude,92829.87042427063
terrain_gradient_magnitude,42.80047035217285
