data_type,min_value,max_value,mean_value,std_dev
height,0.0,255.0,169.2137071097487,74.62982776646277
terrain,106.0,202.0,165.16603728878817,13.819654738023585

metric,value
correlation,-0.29698903771034296
height_gradient_magnitude,2089.6626386482444
terrain_gradient_magnitude,80.66975246938262
