data_type,min_value,max_value,mean_value,std_dev
height,1385.0,18298.0,6213.450801849365,2320.9764242585493
terrain,98.0,248.0,198.49560546875,19.040145317282423

metric,value
correlation,0.18757414757292154
height_gradient_magnitude,435391.65957450867
terrain_gradient_magnitude,274.43829917907715
