data_type,min_value,max_value,mean_value,std_dev
height,4.0,15155.0,256.943790435791,1302.5470034163168
terrain,101.0,239.0,170.5081443786621,7.983546171643292

metric,value
correlation,0.26337397352437947
height_gradient_magnitude,46211.408160209656
terrain_gradient_magnitude,23.678579330444336
