data_type,min_value,max_value,mean_value,std_dev
height,0.0,22974.0,7743.320598602295,5779.987560490132
terrain,92.0,252.0,207.80814743041992,22.36857761370718

metric,value
correlation,0.13376619198645465
height_gradient_magnitude,346317.08505153656
terrain_gradient_magnitude,139.50419521331787
