data_type,min_value,max_value,mean_value,std_dev
height,0.0,255.0,169.08641728493788,74.13242161526709
terrain,112.0,199.0,165.01781509618374,13.695816086309527

metric,value
correlation,-0.3050676275562844
height_gradient_magnitude,2125.4638422408816
terrain_gradient_magnitude,81.07078835132613
