data_type,min_value,max_value,mean_value,std_dev
height,1261.0,54087.0,10487.201930999756,9914.412655893799
terrain,83.0,255.0,210.4788932800293,30.25255663552051

metric,value
correlation,-0.45588984508848907
height_gradient_magnitude,1902240.0225887299
terrain_gradient_magnitude,415.7126235961914
