data_type,min_value,max_value,mean_value,std_dev
height,0.0,45008.0,2688.8657875061035,6893.461283435257
terrain,75.0,254.0,179.87421035766602,23.097500597877634

metric,value
correlation,0.308451330497106
height_gradient_magnitude,418645.1018819809
terrain_gradient_magnitude,155.0410919189453
