data_type,min_value,max_value,mean_value,std_dev
height,2225.0,60491.0,28291.332611083984,11019.362968442838
terrain,84.0,255.0,192.49052047729492,39.36571402601886

metric,value
correlation,-0.05920194235454079
height_gradient_magnitude,4981330.9998111725
terrain_gradient_magnitude,948.4117155075073
