data_type,min_value,max_value,mean_value,std_dev
height,0.0,63990.0,6099.311164855957,11397.806810332922
terrain,72.0,255.0,211.19485092163086,32.414315301940036

metric,value
correlation,-0.46745385888012336
height_gradient_magnitude,1216941.9726610184
terrain_gradient_magnitude,284.54225635528564
