data_type,min_value,max_value,mean_value,std_dev
height,0.0,19010.0,2028.2471313476562,2305.9183121592555
terrain,86.0,255.0,220.31940460205078,28.503816466377256

metric,value
correlation,0.11420839571341479
height_gradient_magnitude,93735.25650691986
terrain_gradient_magnitude,72.973801612854
