data_type,min_value,max_value,mean_value,std_dev
height,1354.0,21912.0,7671.6586265563965,3309.5808953763976
terrain,96.0,253.0,194.97325134277344,24.412433417399132

metric,value
correlation,0.08318090905196503
height_gradient_magnitude,1014352.1511707306
terrain_gradient_magnitude,460.5547580718994
