data_type,min_value,max_value,mean_value,std_dev
height,0.0,10885.0,1425.5380058288574,1497.4542335475478
terrain,101.0,245.0,179.47075271606445,13.34080537361941

metric,value
correlation,0.27272826756209256
height_gradient_magnitude,86920.84922504425
terrain_gradient_magnitude,78.44556140899658
