data_type,min_value,max_value,mean_value,std_dev
height,0.0,49729.0,9093.224906921387,12497.256572280652
terrain,97.0,255.0,185.55012130737305,24.38487985995081

metric,value
correlation,0.6336299941791789
height_gradient_magnitude,308627.87002563477
terrain_gradient_magnitude,102.95748710632324
