data_type,min_value,max_value,mean_value,std_dev
height,0.0,21365.0,1292.5044784545898,2179.20820331894
terrain,96.0,254.0,188.75875854492188,25.437318685227968

metric,value
correlation,0.45739447857210824
height_gradient_magnitude,323407.41459465027
terrain_gradient_magnitude,129.6630802154541
