data_type,min_value,max_value,mean_value,std_dev
height,158.0,22775.0,5311.7673263549805,3464.8517733094727
terrain,82.0,252.0,201.45396041870117,28.53082457900113

metric,value
correlation,-0.3069304435627004
height_gradient_magnitude,969447.1807518005
terrain_gradient_magnitude,461.6816711425781
