data_type,min_value,max_value,mean_value,std_dev
height,0.0,13283.0,1699.077205657959,1657.54384257292
terrain,92.0,246.0,181.72715377807617,13.981502803036609

metric,value
correlation,0.22096512870548585
height_gradient_magnitude,111541.9814453125
terrain_gradient_magnitude,99.30005550384521
