data_type,min_value,max_value,mean_value,std_dev
height,4.0,31475.0,6214.702777862549,5618.170508674837
terrain,81.0,254.0,188.78968811035156,25.30796182409469

metric,value
correlation,0.4639633165928725
height_gradient_magnitude,490213.1346473694
terrain_gradient_magnitude,224.47423839569092
