data_type,min_value,max_value,mean_value,std_dev
height,0.0,255.0,168.19067187939638,75.26511285665683
terrain,112.0,201.0,163.60246271861627,14.064735389986021

metric,value
correlation,-0.31816017334814006
height_gradient_magnitude,1616.3207976068832
terrain_gradient_magnitude,69.22200379107616
