data_type,min_value,max_value,mean_value,std_dev
height,0.0,26131.0,878.7274169921875,2081.77642251027
terrain,105.0,250.0,179.42916870117188,19.697114739409866

metric,value
correlation,0.5114279647507606
height_gradient_magnitude,170703.10344314575
terrain_gradient_magnitude,84.68456745147705
