data_type,min_value,max_value,mean_value,std_dev
height,0.0,255.0,168.99183289647104,74.33055352587805
terrain,110.0,200.0,164.76123624624225,13.738573005587808

metric,value
correlation,-0.3073978034599442
height_gradient_magnitude,2130.9835140018067
terrain_gradient_magnitude,81.86225509796081
