data_type,min_value,max_value,mean_value,std_dev
height,0.0,21039.0,2353.698009490967,3316.063441145894
terrain,98.0,247.0,194.00117874145508,25.188832033267605

metric,value
correlation,0.4310726408176061
height_gradient_magnitude,125771.05226802826
terrain_gradient_magnitude,77.52615165710449
