data_type,min_value,max_value,mean_value,std_dev
height,12.0,12215.0,1783.4544792175293,1092.7052279364316
terrain,99.0,249.0,202.61025619506836,18.30593194605875

metric,value
correlation,-0.20717974515182266
height_gradient_magnitude,47650.088945388794
terrain_gradient_magnitude,96.68439102172852
