data_type,min_value,max_value,mean_value,std_dev
height,578.0,10996.0,2320.722873687744,976.0712895321792
terrain,95.0,249.0,207.48469924926758,24.211760633712597

metric,value
correlation,-0.03593325138903552
height_gradient_magnitude,33089.28481197357
terrain_gradient_magnitude,110.79967975616455
