data_type,min_value,max_value,mean_value,std_dev
height,1.0,11189.0,2480.2930488586426,1852.483856881103
terrain,94.0,250.0,192.90142059326172,21.90490670745452

metric,value
correlation,-0.15413355744871352
height_gradient_magnitude,125905.0813703537
terrain_gradient_magnitude,209.38124656677246
