data_type,min_value,max_value,mean_value,std_dev
height,0.0,24656.0,3171.0172805786133,3971.3985524431896
terrain,91.0,254.0,223.33695220947266,12.195866927681328

metric,value
correlation,-0.5330403475604747
height_gradient_magnitude,125370.64395904541
terrain_gradient_magnitude,50.21025085449219
