data_type,min_value,max_value,mean_value,std_dev
height,50.0,22064.0,6246.0825843811035,3705.415300269918
terrain,96.0,253.0,199.42445755004883,22.262437754408644

metric,value
correlation,0.2488513522201862
height_gradient_magnitude,732698.5450839996
terrain_gradient_magnitude,395.63836097717285
