data_type,min_value,max_value,mean_value,std_dev
height,1934.0,61277.0,36513.42666244507,9702.63596429233
terrain,85.0,255.0,200.67084884643555,34.515458123716556

metric,value
correlation,0.11859360532665181
height_gradient_magnitude,2866122.607061386
terrain_gradient_magnitude,751.2058744430542
