data_type,min_value,max_value,mean_value,std_dev
height,580.0,53747.0,27988.3364944458,11724.128848545664
terrain,71.0,255.0,187.6515884399414,38.49545906231046

metric,value
correlation,0.2715870248235239
height_gradient_magnitude,4183582.4332675934
terrain_gradient_magnitude,884.3021173477173
