data_type,min_value,max_value,mean_value,std_dev
height,290.0,12017.0,2209.6728172302246,1159.431863456345
terrain,107.0,249.0,211.041748046875,17.301429388429405

metric,value
correlation,-0.3306612272761184
height_gradient_magnitude,58186.0220823288
terrain_gradient_magnitude,97.23894214630127
