data_type,min_value,max_value,mean_value,std_dev
height,1186.0,22782.0,5479.496395111084,3263.555286870537
terrain,92.0,252.0,189.6844482421875,17.920501369908255

metric,value
correlation,0.06675446400449919
height_gradient_magnitude,335904.3465976715
terrain_gradient_magnitude,206.26517009735107
