data_type,min_value,max_value,mean_value,std_dev
height,0.0,18493.0,6041.753227233887,3009.3055217059773
terrain,77.0,253.0,215.3795394897461,22.36599192922952

metric,value
correlation,0.4668255278719864
height_gradient_magnitude,95157.83284568787
terrain_gradient_magnitude,54.23644161224365
