data_type,min_value,max_value,mean_value,std_dev
height,0.0,18889.0,1938.9668807983398,2538.0756497260923
terrain,96.0,248.0,196.46488189697266,26.863547556346713

metric,value
correlation,0.4988219555861543
height_gradient_magnitude,127472.78007411957
terrain_gradient_magnitude,88.17076683044434
