data_type,min_value,max_value,mean_value,std_dev
height,0.0,21363.0,3621.0875816345215,3974.0410093238133
terrain,83.0,251.0,190.46435165405273,26.557942140137076

metric,value
correlation,0.14098578637508621
height_gradient_magnitude,752224.1724100113
terrain_gradient_magnitude,255.16688442230225
