data_type,min_value,max_value,mean_value,std_dev
height,0.0,41626.0,7168.7560958862305,7309.94744985279
terrain,88.0,252.0,196.26067733764648,28.075319322254998

metric,value
correlation,0.3227581547547846
height_gradient_magnitude,590000.1228380203
terrain_gradient_magnitude,206.11221599578857
