data_type,min_value,max_value,mean_value,std_dev
height,4.0,30161.0,668.8911514282227,2807.1892633753746
terrain,99.0,244.0,171.11859130859375,10.50743479829834

metric,value
correlation,0.15787024246867673
height_gradient_magnitude,166923.6839056015
terrain_gradient_magnitude,45.103803634643555
