data_type,min_value,max_value,mean_value,std_dev
height,0.0,35477.0,1777.096591949463,2836.4815397485227
terrain,99.0,252.0,186.6617774963379,23.350597939046754

metric,value
correlation,0.40281294821641
height_gradient_magnitude,375354.68932819366
terrain_gradient_magnitude,167.27582931518555
