data_type,min_value,max_value,mean_value,std_dev
height,0.0,17676.0,410.8295135498047,1134.9951012066551
terrain,98.0,255.0,177.3081817626953,19.186773987172348

metric,value
correlation,0.3719476939961841
height_gradient_magnitude,160211.1938829422
terrain_gradient_magnitude,71.46058940887451
