data_type,min_value,max_value,mean_value,std_dev
height,0.0,32659.0,11642.673160552979,5185.002758500561
terrain,91.0,255.0,209.57109832763672,22.952384494861864

metric,value
correlation,-0.23779494637050713
height_gradient_magnitude,686698.2796440125
terrain_gradient_magnitude,241.41532611846924
