data_type,min_value,max_value,mean_value,std_dev
height,0.0,255.0,168.28119863165844,75.58312403514151
terrain,112.0,201.0,163.53218712514993,13.949018955429764

metric,value
correlation,-0.3082126915630172
height_gradient_magnitude,1620.549372843455
terrain_gradient_magnitude,68.84043975002592
