data_type,min_value,max_value,mean_value,std_dev
height,43.0,11088.0,1304.4735679626465,1043.9454200092987
terrain,99.0,245.0,192.9355926513672,14.313799076520963

metric,value
correlation,-0.24657439385175658
height_gradient_magnitude,47344.09494972229
terrain_gradient_magnitude,83.07286357879639
