data_type,min_value,max_value,mean_value,std_dev
height,0.0,255.0,169.63173249218832,74.05393883094729
terrain,107.0,201.0,165.06134583203755,13.668635588101958

metric,value
correlation,-0.29223836622664323
height_gradient_magnitude,2085.826741525612
terrain_gradient_magnitude,80.61741969878715
