data_type,min_value,max_value,mean_value,std_dev
height,2.0,8703.0,3364.3445053100586,1387.9723297374967
terrain,94.0,245.0,184.72127151489258,13.683860140969546

metric,value
correlation,0.1606977063721707
height_gradient_magnitude,104886.39531993866
terrain_gradient_magnitude,102.00979900360107
