data_type,min_value,max_value,mean_value,std_dev
height,0.0,15556.0,1988.911060333252,2105.7591429398303
terrain,84.0,250.0,208.55785751342773,24.211569821089654

metric,value
correlation,-0.4162260518876863
height_gradient_magnitude,259185.22568511963
terrain_gradient_magnitude,145.87959957122803
