data_type,min_value,max_value,mean_value,std_dev
height,0.0,29156.0,7250.607303619385,4220.524019479008
terrain,88.0,252.0,205.96327590942383,25.669675816715394

metric,value
correlation,0.2916262787700816
height_gradient_magnitude,596095.4191141129
terrain_gradient_magnitude,243.21277046203613
