data_type,min_value,max_value,mean_value,std_dev
height,3168.0,26640.0,8447.277954101562,3930.9758321092195
terrain,86.0,254.0,204.9505615234375,26.8274425690291

metric,value
correlation,-0.4468255811225563
height_gradient_magnitude,985145.6468753815
terrain_gradient_magnitude,274.4684772491455
