data_type,min_value,max_value,mean_value,std_dev
height,71.0,12688.0,2223.435817718506,1403.7266430809743
terrain,92.0,250.0,209.1920394897461,21.73857977494715

metric,value
correlation,-0.5559327254132431
height_gradient_magnitude,123808.34616565704
terrain_gradient_magnitude,119.92035579681396
