data_type,min_value,max_value,mean_value,std_dev
height,4.0,22605.0,5271.407817840576,3307.2211381083634
terrain,103.0,244.0,211.21759033203125,16.45118644255838

metric,value
correlation,-0.02057571589026306
height_gradient_magnitude,127050.92360687256
terrain_gradient_magnitude,71.71543884277344
