data_type,min_value,max_value,mean_value,std_dev
height,0.0,19356.0,3828.411964416504,3899.9888842059036
terrain,101.0,246.0,203.45404434204102,22.738876840654953

metric,value
correlation,0.2990768369355234
height_gradient_magnitude,155728.02643013
terrain_gradient_magnitude,105.97275638580322
