data_type,min_value,max_value,mean_value,std_dev
height,4.0,11038.0,2310.97554397583,1169.1600472706582
terrain,94.0,249.0,191.45494842529297,20.47653007900312

metric,value
correlation,-0.11888959617675987
height_gradient_magnitude,57998.12173080444
terrain_gradient_magnitude,106.70788478851318
