data_type,min_value,max_value,mean_value,std_dev
height,53.0,27728.0,9198.888542175293,3534.40032816259
terrain,68.0,255.0,183.82395553588867,25.473115453674602

metric,value
correlation,0.041420230572094596
height_gradient_magnitude,1605689.4570264816
terrain_gradient_magnitude,480.3816223144531
