data_type,min_value,max_value,mean_value,std_dev
height,0.0,255.0,169.59305907266722,74.49918284455511
terrain,106.0,201.0,165.24967790661512,13.73475885442595

metric,value
correlation,-0.2958815289217611
height_gradient_magnitude,2088.645003109867
terrain_gradient_magnitude,80.5225261747153
