data_type,min_value,max_value,mean_value,std_dev
height,0.0,16570.0,1286.3943634033203,2438.495361856153
terrain,91.0,249.0,173.7581672668457,14.813292149975728

metric,value
correlation,0.2445429276669699
height_gradient_magnitude,179699.7477531433
terrain_gradient_magnitude,116.43352603912354
