data_type,min_value,max_value,mean_value,std_dev
height,0.0,24127.0,542.1438598632812,1758.8517885000279
terrain,102.0,244.0,178.94594955444336,20.0937823836556

metric,value
correlation,0.2662093776124665
height_gradient_magnitude,79844.5277929306
terrain_gradient_magnitude,40.24418258666992
