data_type,min_value,max_value,mean_value,std_dev
height,0.0,16842.0,3335.577320098877,4015.35109131961
terrain,99.0,244.0,189.93186950683594,23.12811944402638

metric,value
correlation,0.5739275351296639
height_gradient_magnitude,183978.5793657303
terrain_gradient_magnitude,82.02577018737793
