data_type,min_value,max_value,mean_value,std_dev
height,0.0,17737.0,3760.699073791504,3647.664459891009
terrain,96.0,251.0,190.22800827026367,24.02865119981464

metric,value
correlation,0.5539770690928721
height_gradient_magnitude,493156.0729970932
terrain_gradient_magnitude,285.67881965637207
