data_type,min_value,max_value,mean_value,std_dev
height,0.0,255.0,168.88476461267345,75.92281942468796
terrain,112.0,200.0,163.52608586195151,14.034785604013155

metric,value
correlation,-0.3172824853484359
height_gradient_magnitude,1578.3580049461698
terrain_gradient_magnitude,68.89507345210065
