data_type,min_value,max_value,mean_value,std_dev
height,0.0,32257.0,310.52462005615234,2020.1115927598382
terrain,96.0,247.0,169.9754981994629,7.042618745456162

metric,value
correlation,0.4925404952092916
height_gradient_magnitude,50053.4079246521
terrain_gradient_magnitude,7.121015548706055
