data_type,min_value,max_value,mean_value,std_dev
height,0.0,255.0,167.5914745213026,75.7436168813783
terrain,112.0,200.0,163.79882121225583,14.031198240333541

metric,value
correlation,-0.2967223975848772
height_gradient_magnitude,1598.206463710812
terrain_gradient_magnitude,69.72468605150533
