data_type,min_value,max_value,mean_value,std_dev
height,0.0,24723.0,1718.31636428833,3490.7857148233006
terrain,93.0,244.0,176.78732299804688,18.76035509466696

metric,value
correlation,0.11641544864592938
height_gradient_magnitude,404309.7450609207
terrain_gradient_magnitude,130.48707103729248
