data_type,min_value,max_value,mean_value,std_dev
height,0.0,27681.0,4601.352596282959,5168.081196635827
terrain,72.0,255.0,174.6034698486328,24.41318838152546

metric,value
correlation,0.20135582167128196
height_gradient_magnitude,1904137.314464569
terrain_gradient_magnitude,460.44115447998047
