data_type,min_value,max_value,mean_value,std_dev
height,1.0,9557.0,2442.464412689209,2008.8654383629532
terrain,95.0,240.0,180.04872512817383,13.908860774985468

metric,value
correlation,0.4687452929384303
height_gradient_magnitude,103378.32943725586
terrain_gradient_magnitude,85.3167781829834
