data_type,min_value,max_value,mean_value,std_dev
height,0.0,19487.0,1448.4418869018555,2120.801966529261
terrain,101.0,252.0,191.86056900024414,25.558802006181356

metric,value
correlation,0.45839996635624886
height_gradient_magnitude,324404.5072546005
terrain_gradient_magnitude,189.4870891571045
