data_type,min_value,max_value,mean_value,std_dev
height,0.0,18617.0,252.52331161499023,1069.6968236162697
terrain,92.0,255.0,172.93077087402344,14.872426508245235

metric,value
correlation,0.32830454730387926
height_gradient_magnitude,171012.34904289246
terrain_gradient_magnitude,96.38960838317871
