data_type,min_value,max_value,mean_value,std_dev
height,2826.0,28517.0,8346.838287353516,4835.706456515812
terrain,104.0,251.0,213.6208839416504,19.07032783342262

metric,value
correlation,-0.23240131284805757
height_gradient_magnitude,329854.4286327362
terrain_gradient_magnitude,112.12191009521484
