data_type,min_value,max_value,mean_value,std_dev
height,1.0,24780.0,599.1035385131836,1947.6647619043918
terrain,98.0,245.0,174.3369483947754,15.828453813425389

metric,value
correlation,0.1873099696665535
height_gradient_magnitude,174151.4199333191
terrain_gradient_magnitude,70.79147624969482
