data_type,min_value,max_value,mean_value,std_dev
height,340.0,32255.0,9525.699611663818,6307.723858915381
terrain,86.0,253.0,216.20988082885742,24.891040293583732

metric,value
correlation,-0.31883124813821123
height_gradient_magnitude,400568.42454242706
terrain_gradient_magnitude,245.75743675231934
