data_type,min_value,max_value,mean_value,std_dev
height,28.0,22861.0,6202.983169555664,4435.788091552104
terrain,89.0,251.0,218.01662063598633,18.591525990438253

metric,value
correlation,-0.5119512568371156
height_gradient_magnitude,271064.2543449402
terrain_gradient_magnitude,152.59991836547852
