data_type,min_value,max_value,mean_value,std_dev
height,0.0,32189.0,7781.149574279785,6711.75250720187
terrain,89.0,254.0,204.59621810913086,25.966033249236883

metric,value
correlation,-0.02062743736430015
height_gradient_magnitude,615995.9239063263
terrain_gradient_magnitude,226.83530235290527
