data_type,min_value,max_value,mean_value,std_dev
height,0.0,255.0,168.2207931642158,75.67607940685181
terrain,112.0,202.0,163.83976779658508,13.97258479396776

metric,value
correlation,-0.29762696111157855
height_gradient_magnitude,1560.2065340530455
terrain_gradient_magnitude,71.08521036030032
