data_type,min_value,max_value,mean_value,std_dev
height,0.0,14785.0,3498.1386375427246,1373.0037849531018
terrain,93.0,251.0,223.71764755249023,16.375273970883917

metric,value
correlation,-0.027569844374538938
height_gradient_magnitude,49393.50433444977
terrain_gradient_magnitude,45.163761138916016
