data_type,min_value,max_value,mean_value,std_dev
height,452.0,21244.0,3255.5222549438477,2609.9866823961333
terrain,91.0,250.0,192.84661102294922,18.415600638663797

metric,value
correlation,-0.09586487288991333
height_gradient_magnitude,243631.29704093933
terrain_gradient_magnitude,161.7726182937622
