data_type,min_value,max_value,mean_value,std_dev
height,0.0,25854.0,3061.733684539795,3144.749132179281
terrain,113.0,250.0,203.2084503173828,26.68481484983854

metric,value
correlation,0.46501675309923296
height_gradient_magnitude,226418.3674106598
terrain_gradient_magnitude,114.41013431549072
