data_type,min_value,max_value,mean_value,std_dev
height,2.0,18243.0,302.26180267333984,1124.1167742295265
terrain,80.0,255.0,173.74369049072266,14.395271744128676

metric,value
correlation,0.4260562361346654
height_gradient_magnitude,165619.15618515015
terrain_gradient_magnitude,77.93869209289551
