data_type,min_value,max_value,mean_value,std_dev
height,32.0,25157.0,2617.2043113708496,3814.453447403763
terrain,100.0,251.0,226.05348205566406,13.63896823627407

metric,value
correlation,-0.5355421427111952
height_gradient_magnitude,82891.74545669556
terrain_gradient_magnitude,59.32230472564697
