data_type,min_value,max_value,mean_value,std_dev
height,726.0,37167.0,13391.716541290283,6935.228605548514
terrain,84.0,254.0,210.23355865478516,27.832393784494805

metric,value
correlation,-0.3637586096926632
height_gradient_magnitude,650115.2700405121
terrain_gradient_magnitude,345.63938331604004
