data_type,min_value,max_value,mean_value,std_dev
height,2.0,21367.0,239.1750602722168,1163.8629058666897
terrain,106.0,239.0,170.47757720947266,7.802988887930328

metric,value
correlation,0.3403324047857366
height_gradient_magnitude,71667.4970254898
terrain_gradient_magnitude,24.07589626312256
