data_type,min_value,max_value,mean_value,std_dev
height,310.0,14767.0,2841.2230339050293,1746.8315954731893
terrain,91.0,249.0,197.98942947387695,21.77801548405845

metric,value
correlation,-0.3545753787918782
height_gradient_magnitude,129101.33228111267
terrain_gradient_magnitude,182.6635980606079
