data_type,min_value,max_value,mean_value,std_dev
height,0.0,9721.0,110.5807876586914,586.9333860856715
terrain,98.0,247.0,170.6000099182129,8.541611197929292

metric,value
correlation,0.4785624037443588
height_gradient_magnitude,52314.82785987854
terrain_gradient_magnitude,32.77187919616699
