data_type,min_value,max_value,mean_value,std_dev
height,561.0,25873.0,10230.219734191895,2715.8881271668483
terrain,99.0,247.0,218.39067459106445,13.687881094183853

metric,value
correlation,0.06631402002295542
height_gradient_magnitude,158347.37116718292
terrain_gradient_magnitude,95.9685869216919
