data_type,min_value,max_value,mean_value,std_dev
height,0.0,255.0,168.26276156204185,74.28699413987158
terrain,107.0,199.0,164.52614509751655,13.657008357477329

metric,value
correlation,-0.3046909123753499
height_gradient_magnitude,2101.824646067499
terrain_gradient_magnitude,80.0512776370933
