data_type,min_value,max_value,mean_value,std_dev
height,4.0,11543.0,2367.241687774658,1231.5699028443307
terrain,92.0,249.0,188.74749755859375,17.835979458174307

metric,value
correlation,-0.3707863910700739
height_gradient_magnitude,76498.30014419556
terrain_gradient_magnitude,111.48492813110352
