data_type,min_value,max_value,mean_value,std_dev
height,0.0,28362.0,2707.096508026123,3926.1970333882755
terrain,80.0,249.0,185.35657501220703,20.90172118508308

metric,value
correlation,0.18338327924139122
height_gradient_magnitude,377929.241853714
terrain_gradient_magnitude,154.56294631958008
