data_type,min_value,max_value,mean_value,std_dev
height,1.0,22108.0,8115.552967071533,4044.9081114115374
terrain,65.0,255.0,185.17055892944336,27.942182187944667

metric,value
correlation,0.270090367324779
height_gradient_magnitude,1979569.8179359436
terrain_gradient_magnitude,621.5886917114258
