data_type,min_value,max_value,mean_value,std_dev
height,0.0,26647.0,2786.5913734436035,5241.561756498855
terrain,99.0,249.0,181.1191749572754,21.51321748760882

metric,value
correlation,0.6788085607275545
height_gradient_magnitude,145214.9677734375
terrain_gradient_magnitude,90.70989227294922
