data_type,min_value,max_value,mean_value,std_dev
height,4.0,14813.0,2315.3662872314453,1859.3801027937418
terrain,87.0,246.0,197.01687240600586,18.461208643226524

metric,value
correlation,-0.33889453403920344
height_gradient_magnitude,107861.60140705109
terrain_gradient_magnitude,156.37238025665283
