data_type,min_value,max_value,mean_value,std_dev
height,0.0,14154.0,295.9202194213867,893.6636121568484
terrain,84.0,250.0,173.9360237121582,14.570969381043087

metric,value
correlation,0.25926954904676114
height_gradient_magnitude,75495.25343132019
terrain_gradient_magnitude,64.58937454223633
