data_type,min_value,max_value,mean_value,std_dev
height,1406.0,16648.0,5855.920204162598,2444.721218776328
terrain,87.0,250.0,198.84590530395508,19.03734796301816

metric,value
correlation,0.08217932561404542
height_gradient_magnitude,402092.22480392456
terrain_gradient_magnitude,262.8514738082886
