data_type,min_value,max_value,mean_value,std_dev
height,1709.0,24777.0,9260.49133682251,4795.348514208332
terrain,83.0,251.0,192.3321533203125,25.517234419483543

metric,value
correlation,0.05422661350246257
height_gradient_magnitude,883491.3806095123
terrain_gradient_magnitude,428.80212211608887
