data_type,min_value,max_value,mean_value,std_dev
height,0.0,18173.0,342.00281524658203,1375.95061449474
terrain,77.0,247.0,172.27486038208008,12.864988784294411

metric,value
correlation,0.1623217331737788
height_gradient_magnitude,56573.78474807739
terrain_gradient_magnitude,35.926072120666504
