data_type,min_value,max_value,mean_value,std_dev
height,3763.0,33640.0,9910.745281219482,2766.147625001011
terrain,92.0,254.0,209.04790878295898,23.052464340905093

metric,value
correlation,0.16207641461704914
height_gradient_magnitude,177117.731007576
terrain_gradient_magnitude,102.66300678253174
