data_type,min_value,max_value,mean_value,std_dev
height,290.0,7745.0,2432.5798416137695,1041.5525047391068
terrain,103.0,244.0,190.4379653930664,14.811967824812637

metric,value
correlation,-0.06466970428300724
height_gradient_magnitude,82191.89076805115
terrain_gradient_magnitude,90.1674280166626
