data_type,min_value,max_value,mean_value,std_dev
height,0.0,12562.0,2302.687545776367,2018.1293603679271
terrain,93.0,249.0,194.07737350463867,24.997930641986176

metric,value
correlation,-0.33380287927808244
height_gradient_magnitude,236814.22494220734
terrain_gradient_magnitude,183.61327171325684
