data_type,min_value,max_value,mean_value,std_dev
height,0.0,17322.0,692.5978736877441,1485.90789343746
terrain,73.0,251.0,181.47181701660156,19.08524571746226

metric,value
correlation,0.07229229540907738
height_gradient_magnitude,213576.15240764618
terrain_gradient_magnitude,150.05975151062012
