data_type,min_value,max_value,mean_value,std_dev
height,642.0,12280.0,3637.494571685791,1887.9397312908714
terrain,102.0,248.0,200.86934280395508,16.94401642957552

metric,value
correlation,-0.45527437546625543
height_gradient_magnitude,125978.20838165283
terrain_gradient_magnitude,123.61191749572754
