data_type,min_value,max_value,mean_value,std_dev
height,1065.0,20622.0,5528.242607116699,3235.498444899274
terrain,71.0,254.0,185.3498191833496,17.377635896539015

metric,value
correlation,-0.07280095908103544
height_gradient_magnitude,532894.7254991531
terrain_gradient_magnitude,206.35404682159424
