data_type,min_value,max_value,mean_value,std_dev
height,0.0,17657.0,1779.9130058288574,1361.0659319712277
terrain,89.0,248.0,213.7102279663086,20.259623215343122

metric,value
correlation,-0.32186061367646895
height_gradient_magnitude,68205.03668498993
terrain_gradient_magnitude,186.30605220794678
