data_type,min_value,max_value,mean_value,std_dev
height,367.0,11218.0,2660.0298652648926,1377.0859057809635
terrain,103.0,250.0,205.57727432250977,19.24848641269149

metric,value
correlation,-0.4624766682614198
height_gradient_magnitude,98672.27448940277
terrain_gradient_magnitude,107.97176742553711
