data_type,min_value,max_value,mean_value,std_dev
height,766.0,20713.0,6019.88835144043,3845.465759680554
terrain,79.0,255.0,187.3631935119629,19.026299566220473

metric,value
correlation,0.020032494469591797
height_gradient_magnitude,793150.2621688843
terrain_gradient_magnitude,249.84551906585693
