data_type,min_value,max_value,mean_value,std_dev
height,4.0,10994.0,1481.789249420166,1513.4079343491535
terrain,107.0,251.0,196.2835350036621,23.58253130987096

metric,value
correlation,0.6513340611463693
height_gradient_magnitude,107327.17754173279
terrain_gradient_magnitude,95.22957611083984
