data_type,min_value,max_value,mean_value,std_dev
height,1.0,29555.0,932.7761650085449,2830.3699556156134
terrain,89.0,252.0,177.16259002685547,17.653159523658577

metric,value
correlation,0.18872330594761033
height_gradient_magnitude,179195.14586639404
terrain_gradient_magnitude,69.69952487945557
