data_type,min_value,max_value,mean_value,std_dev
height,0.0,41828.0,619.8300476074219,2899.266058035858
terrain,85.0,250.0,176.64297103881836,19.366172067844385

metric,value
correlation,0.03121340703594274
height_gradient_magnitude,166288.26333141327
terrain_gradient_magnitude,50.58229351043701
