data_type,min_value,max_value,mean_value,std_dev
height,3532.0,20293.0,8304.633197784424,2468.150602780744
terrain,100.0,251.0,200.55278778076172,20.44674049298823

metric,value
correlation,-0.15913509429336978
height_gradient_magnitude,296985.0328321457
terrain_gradient_magnitude,198.18406772613525
