data_type,min_value,max_value,mean_value,std_dev
height,2.0,17331.0,4571.602409362793,3532.537604787826
terrain,99.0,247.0,216.1932487487793,11.630041069101846

metric,value
correlation,0.05518927201916501
height_gradient_magnitude,68696.39175415039
terrain_gradient_magnitude,57.63011360168457
